frame,x0,y0,dx0,dy0,x1,y1,dx1,dy1,x2,y2,dx2,dy2,x3,y3,dx3,dy3,x4,y4,dx4,dy4,x5,y5,dx5,dy5,x6,y6,dx6,dy6,x7,y7,dx7,dy7,x8,y8,dx8,dy8,x9,y9,dx9,dy9,x10,y10,dx10,dy10,x11,y11,dx11,dy11,x12,y12,dx12,dy12,x13,y13,dx13,dy13,x14,y14,dx14,dy14,x15,y15,dx15,dy15,x16,y16,dx16,dy16
0,1.9525007009506226,-5.299745082855225,0.0,0.0,1.9012408256530762,-5.685952186584473,0.0,0.0,1.3324975967407227,-5.438518524169922,0.0,0.0,1.5504403114318848,-5.636474132537842,0.0,0.0,0.39920249581336975,-4.848216533660889,0.0,0.0,0.8016156554222107,-4.200401306152344,0.0,0.0,1.379991054534912,-3.3846306800842285,0.0,0.0,1.3835047483444214,-3.2143373489379883,0.0,0.0,2.672151565551758,-2.0550689697265625,0.0,0.0,2.558110475540161,-2.9876835346221924,0.0,0.0,4.020604610443115,-2.383051872253418,0.0,0.0,-0.19839279353618622,-0.14094316959381104,0.0,0.0,0.19839279353618622,0.1409437656402588,0.0,0.0,-0.051776427775621414,1.3000130653381348,0.0,0.0,0.728243887424469,1.799931526184082,0.0,0.0,-2.309828996658325,2.084290027618408,0.0,0.0,-2.072758197784424,3.012561082839966,0.0,0.0
1,2.1953883171081543,-5.221333026885986,0.24288761615753174,0.07841205596923828,2.08162784576416,-5.561523914337158,0.18038702011108398,0.12442827224731445,1.6297441720962524,-5.329512119293213,0.2972465753555298,0.10900640487670898,1.555996060371399,-5.478617191314697,0.00555574893951416,0.15785694122314453,0.6013460159301758,-4.728919506072998,0.20214352011680603,0.11929702758789062,0.8468745350837708,-4.0297770500183105,0.04525887966156006,0.1706242561340332,1.389530062675476,-3.189821481704712,0.009539008140563965,0.1948091983795166,1.516968846321106,-3.0208358764648438,0.13346409797668457,0.19350147247314453,2.792177677154541,-1.7447595596313477,0.1200261116027832,0.31030941009521484,2.671799421310425,-2.8113913536071777,0.11368894577026367,0.17629218101501465,3.979656457901001,-2.137317419052124,-0.04094815254211426,0.24573445320129395,-0.18416684865951538,-0.1239716187119484,0.014225944876670837,0.01697155088186264,0.18416684865951538,0.12397222220897675,-0.014225944876670837,-0.016971543431282043,-0.7954912781715393,1.7310848236083984,-0.7437148690223694,0.43107175827026367,-0.06638268381357193,2.2078826427459717,-0.7946265935897827,0.40795111656188965,-2.937117338180542,2.5162346363067627,-0.6272883415222168,0.4319446086883545,-2.6480753421783447,3.344479560852051,-0.5753171443939209,0.33191847801208496
2,2.8569183349609375,-5.4298415184021,0.6615300178527832,-0.20850849151611328,2.7628731727600098,-5.776120662689209,0.6812453269958496,-0.21459674835205078,2.3719775676727295,-5.603432655334473,0.742233395576477,-0.27392053604125977,2.2015292644500732,-5.752482891082764,0.6455332040786743,-0.2738656997680664,1.3963229656219482,-5.179347515106201,0.7949769496917725,-0.4504280090332031,1.2919048070907593,-4.287759304046631,0.4450302720069885,-0.2579822540283203,1.9629199504852295,-3.5463156700134277,0.5733898878097534,-0.3564941883087158,2.2203147411346436,-3.1803040504455566,0.7033458948135376,-0.1594681739807129,3.1177093982696533,-1.8681279420852661,0.3255317211151123,-0.12336838245391846,3.5880062580108643,-3.1886579990386963,0.9162068367004395,-0.37726664543151855,4.25146484375,-2.681690216064453,0.271808385848999,-0.5443727970123291,-0.23444117605686188,-0.11550528556108475,-0.0502743273973465,0.008466333150863647,0.23444117605686188,0.1155046671628952,0.0502743273973465,-0.008467555046081543,-0.04740310460329056,1.4261192083358765,0.7480881810188293,-0.304965615272522,1.0155352354049683,1.8762049674987793,1.0819178819656372,-0.3316776752471924,-2.686666250228882,2.1410531997680664,0.25045108795166016,-0.3751814365386963,-2.207728624343872,2.793997049331665,0.44034671783447266,-0.5504825115203857
3,3.392784357070923,-5.499147415161133,0.5358660221099854,-0.0693058967590332,3.334847927093506,-5.785454273223877,0.5719747543334961,-0.009333610534667969,2.9779422283172607,-5.704272747039795,0.6059646606445312,-0.10084009170532227,2.521969795227051,-5.737247467041016,0.32044053077697754,0.015235424041748047,1.889726996421814,-5.369213104248047,0.4934040307998657,-0.1898655891418457,1.3822057247161865,-4.11530065536499,0.09030091762542725,0.17245864868164062,2.2533979415893555,-3.624358654022217,0.290477991104126,-0.07804298400878906,2.277061939239502,-2.6411657333374023,0.0567471981048584,0.5391383171081543,3.1971423625946045,-1.705182671546936,0.07943296432495117,0.16294527053833008,4.045596122741699,-2.3727498054504395,0.45758986473083496,0.8159081935882568,4.4008049964904785,-2.2884268760681152,0.14934015274047852,0.3932633399963379,-0.3169436752796173,-0.061392612755298615,-0.08250249922275543,0.05411267280578613,0.3169436752796173,0.061391960829496384,0.08250249922275543,-0.05411270633339882,-1.050938367843628,1.8563048839569092,-1.003535270690918,0.4301856756210327,0.6603018641471863,2.131328821182251,-0.355233371257782,0.2551238536834717,-3.976921319961548,2.049022912979126,-1.290255069732666,-0.09203028678894043,-2.679783821105957,2.4155147075653076,-0.47205519676208496,-0.3784823417663574
4,2.2781708240509033,-4.073431015014648,-1.1146135330200195,1.4257164001464844,2.288459062576294,-4.342376232147217,-1.046388864517212,1.4430780410766602,2.035149335861206,-4.327807903289795,-0.9427928924560547,1.37646484375,1.6620486974716187,-4.407052040100098,-0.8599210977554321,1.330195426940918,1.2569328546524048,-4.253758430480957,-0.6327941417694092,1.1154546737670898,0.40291494131088257,-3.2546937465667725,-0.979290783405304,0.8606069087982178,1.3932255506515503,-3.115823745727539,-0.8601723909378052,0.5085349082946777,0.8362172245979309,-1.626936912536621,-1.4408447742462158,1.0142288208007812,1.5615524053573608,-1.3768339157104492,-1.6355899572372437,0.3283487558364868,2.2236928939819336,-2.305170774459839,-1.8219032287597656,0.06757903099060059,2.4581873416900635,-2.0113961696624756,-1.942617654800415,0.27703070640563965,-0.40231120586395264,-0.06009555608034134,-0.08536753058433533,0.0012970566749572754,0.40231069922447205,0.06009605899453163,0.08536702394485474,-0.0012959018349647522,0.4130750596523285,-0.365593820810318,1.4640134572982788,-2.2218987941741943,2.264700412750244,-0.31461426615715027,1.604398488998413,-2.4459431171417236,-0.3224257528781891,0.20476877689361572,3.6544954776763916,-1.8442541360855103,1.2983545064926147,0.3974837362766266,3.9781384468078613,-2.018030881881714
5,8.884856224060059,-9.008987426757812,6.606685638427734,-4.935556411743164,8.718962669372559,-9.456259727478027,6.430503845214844,-5.1138834953308105,8.465530395507812,-9.468274116516113,6.430380821228027,-5.140466213226318,6.806058883666992,-9.446501731872559,5.144010066986084,-5.039449691772461,6.658658504486084,-9.065752029418945,5.401725769042969,-4.811993598937988,4.774529933929443,-6.937726974487305,4.371614933013916,-3.6830332279205322,5.516185760498047,-6.266946792602539,4.122960090637207,-3.151123046875,5.314761638641357,-4.2786149978637695,4.478544235229492,-2.6516780853271484,5.6650519371032715,-2.8753604888916016,4.103499412536621,-1.4985265731811523,7.789320468902588,-5.2067766189575195,5.565627574920654,-2.9016058444976807,7.136667251586914,-5.320120334625244,4.67848014831543,-3.3087241649627686,-0.18838080763816833,-0.03553261607885361,0.2139303982257843,0.024562940001487732,0.18837963044643402,0.03553144261240959,-0.21393106877803802,-0.02456461638212204,-1.0766633749008179,1.1369616985321045,-1.4897384643554688,1.5025554895401,-0.3666397035121918,1.6054631471633911,-2.6313400268554688,1.9200774431228638,-5.790627956390381,2.6920552253723145,-5.468202114105225,2.4872865676879883,-5.851512908935547,3.3012030124664307,-7.149867534637451,2.903719186782837
6,11.793474197387695,-9.216164588928223,2.9086179733276367,-0.20717716217041016,11.668169975280762,-9.789909362792969,2.949207305908203,-0.3336496353149414,11.45131778717041,-9.907541275024414,2.9857873916625977,-0.4392671585083008,9.54476547241211,-10.316263198852539,2.738706588745117,-0.8697614669799805,9.4701566696167,-10.083839416503906,2.8114981651306152,-1.018087387084961,6.808979034423828,-7.687044143676758,2.0344491004943848,-0.7493171691894531,7.4966936111450195,-6.961062908172607,1.9805078506469727,-0.6941161155700684,6.818667411804199,-4.695921897888184,1.5039057731628418,-0.41730690002441406,6.602072715759277,-2.8721160888671875,0.9370207786560059,0.0032444000244140625,10.335345268249512,-4.498574256896973,2.546024799346924,0.7082023620605469,8.945548057556152,-4.886940002441406,1.8088808059692383,0.4331803321838379,-0.14225280284881592,-0.019578538835048676,0.04612800478935242,0.01595407724380493,0.14225280284881592,0.019578538835048676,-0.0461268275976181,-0.015952903777360916,-1.2881312370300293,3.1554508209228516,-0.21146786212921143,2.018489122390747,-0.45805659890174866,3.756589412689209,-0.09141689538955688,2.1511263847351074,-8.102889060974121,4.184287071228027,-2.3122611045837402,1.492231845855713,-8.015628814697266,4.787729740142822,-2.1641159057617188,1.4865267276763916
7,2.2563700675964355,-1.6493418216705322,-9.537103652954102,7.5668230056762695,2.468517780303955,-1.7871125936508179,-9.199651718139648,8.00279712677002,2.130709648132324,-1.891108512878418,-9.320608139038086,8.016432762145996,2.7807509899139404,-1.9080091714859009,-6.76401424407959,8.40825366973877,1.9367291927337646,-2.0726046562194824,-7.5334272384643555,8.011234283447266,2.581709384918213,-1.3355021476745605,-4.227269649505615,6.351541996002197,1.6206432580947876,-1.6118208169937134,-5.8760504722595215,5.349242210388184,2.3081085681915283,-0.17605294287204742,-4.51055908203125,4.519868850708008,1.4695377349853516,-0.4857447147369385,-5.132534980773926,2.386371374130249,1.4324754476547241,-0.22550052404403687,-8.902870178222656,4.273073673248291,1.826230525970459,-0.49354034662246704,-7.119317531585693,4.393399715423584,0.33494728803634644,0.1542198359966278,0.47720009088516235,0.17379838228225708,-0.33494728803634644,-0.15422017872333527,-0.47720009088516235,-0.17379871010780334,-0.5257520079612732,1.1129602193832397,0.7623792290687561,-2.0424904823303223,-0.9210171103477478,0.8069440126419067,-0.46296051144599915,-2.949645519256592,-1.6733595132827759,1.5854201316833496,6.429529666900635,-2.5988669395446777,-1.7771005630493164,1.3334988355636597,6.238528251647949,-3.454230785369873
8,3.7020046710968018,-2.1481568813323975,1.4456346035003662,-0.49881505966186523,4.004319667816162,-2.3628506660461426,1.535801887512207,-0.5757380723953247,3.6345224380493164,-2.5786986351013184,1.5038127899169922,-0.6875901222229004,4.365414619445801,-2.79477596282959,1.5846636295318604,-0.886766791343689,3.437593698501587,-3.2147154808044434,1.5008645057678223,-1.142110824584961,3.6187050342559814,-2.1680898666381836,1.0369956493377686,-0.832587718963623,2.7114570140838623,-2.5886857509613037,1.0908137559890747,-0.9768649339675903,3.2462897300720215,-0.7955713868141174,0.9381811618804932,-0.6195184588432312,2.2097251415252686,-0.9050353169441223,0.740187406539917,-0.41929060220718384,3.629110813140869,-0.3875146806240082,2.1966352462768555,-0.1620141565799713,2.9099111557006836,-0.5621992349624634,1.0836806297302246,-0.06865888833999634,0.3353166878223419,0.17168396711349487,0.0003693997859954834,0.017464131116867065,-0.3353166878223419,-0.17168451845645905,-0.0003693997859954834,-0.01746433973312378,-0.08666026592254639,2.046628713607788,0.4390917420387268,0.9336684942245483,-0.2470814734697342,1.751227617263794,0.6739356517791748,0.9442836046218872,-2.5706868171691895,2.3959767818450928,-0.8973273038864136,0.8105566501617432,-2.4389021396636963,2.010280132293701,-0.6618015766143799,0.6767812967300415
9,7.716488361358643,-2.204249620437622,4.014483451843262,-0.05609273910522461,7.608493804931641,-2.6848058700561523,3.6041741371154785,-0.32195520401000977,7.626175403594971,-2.737668037414551,3.9916529655456543,-0.15896940231323242,6.7826738357543945,-4.104514122009277,2.4172592163085938,-1.3097381591796875,6.980005264282227,-3.8527486324310303,3.5424115657806396,-0.6380331516265869,5.086309432983398,-3.478323459625244,1.467604398727417,-1.3102335929870605,5.756963729858398,-2.736553430557251,3.045506715774536,-0.14786767959594727,3.559026002883911,-1.3875266313552856,0.31273627281188965,-0.5919552445411682,4.479333877563477,0.2573440670967102,2.269608736038208,1.1623793840408325,5.135538101196289,0.45383062958717346,1.50642728805542,0.8413453102111816,5.729734897613525,0.7080365419387817,2.819823741912842,1.2702357769012451,-0.18270093202590942,-0.0894048884510994,-0.5180176496505737,-0.26108884811401367,0.18270093202590942,0.08940386772155762,0.5180176496505737,0.26108837127685547,0.7333967685699463,4.011087894439697,0.8200570344924927,1.9644591808319092,1.7681477069854736,4.76187801361084,2.0152292251586914,3.010650396347046,-4.382465362548828,4.6605329513549805,-1.8117785453796387,2.2645561695098877,-3.3502607345581055,5.565133571624756,-0.9113585948944092,3.5548534393310547
10,14.065079689025879,-7.406797885894775,6.348591327667236,-5.202548027038574,14.042295455932617,-8.27007007598877,6.433801651000977,-5.585264205932617,13.797680854797363,-8.25545883178711,6.171505451202393,-5.517790794372559,13.006070137023926,-9.815262794494629,6.223396301269531,-5.710748672485352,13.047834396362305,-9.24392032623291,6.067829132080078,-5.391171455383301,10.476767539978027,-7.424695014953613,5.390458106994629,-3.946371555328369,11.115654945373535,-6.655394554138184,5.358691215515137,-3.9188411235809326,9.037070274353027,-2.6361513137817383,5.478044509887695,-1.2486246824264526,9.973590850830078,-0.6679026484489441,5.494256973266602,-0.9252467155456543,12.21552848815918,-1.7542210817337036,7.079990386962891,-2.2080516815185547,12.408205032348633,-1.309305191040039,6.678470134735107,-2.0173416137695312,-0.2282978743314743,0.03935060277581215,-0.04559694230556488,0.12875549495220184,0.2282978743314743,-0.03935060277581215,0.04559694230556488,-0.12875446677207947,0.007549000903964043,6.469296455383301,-0.7258477807044983,2.4582085609436035,2.4380264282226562,7.398842811584473,0.6698787212371826,2.636964797973633,-8.405500411987305,8.536408424377441,-4.023035049438477,3.875875473022461,-5.428566932678223,10.362101554870605,-2.078306198120117,4.79696798324585
11,6.140836715698242,-3.1259450912475586,-7.924242973327637,4.280852794647217,6.0478739738464355,-3.475722312927246,-7.994421482086182,4.794347763061523,6.059970855712891,-3.433542251586914,-7.737709999084473,4.821916580200195,4.989369869232178,-3.999675989151001,-8.016700744628906,5.815587043762207,5.210455417633057,-3.678215265274048,-7.837378978729248,5.565705299377441,3.526494026184082,-3.2012791633605957,-6.950273513793945,4.223415851593018,4.150867462158203,-2.4201531410217285,-6.964787483215332,4.235241413116455,3.6211140155792236,-1.6281225681304932,-5.415956497192383,1.0080287456512451,3.8725624084472656,0.09281007945537567,-6.1010284423828125,0.760712742805481,5.288822650909424,-1.835201621055603,-6.926705837249756,-0.08098053932189941,5.397109031677246,-0.9936333894729614,-7.011096000671387,0.31567180156707764,-0.17788243293762207,-0.10390402376651764,0.050415441393852234,-0.1432546228170395,0.17788316309452057,0.10390402376651764,-0.050414711236953735,0.1432546228170395,0.5521942973136902,2.369755744934082,0.5446453094482422,-4.099540710449219,1.2415556907653809,2.9039905071258545,-1.1964707374572754,-4.494852066040039,-2.5388259887695312,3.1588187217712402,5.866674423217773,-5.377589702606201,-2.3158090114593506,3.7490549087524414,3.112757921218872,-6.613046646118164
12,5.062575817108154,-3.627971649169922,-1.078260898590088,-0.5020265579223633,4.962716579437256,-3.8812177181243896,-1.0851573944091797,-0.40549540519714355,4.910553455352783,-3.8239736557006836,-1.1494174003601074,-0.39043140411376953,3.882925271987915,-4.047125339508057,-1.1064445972442627,-0.047449350357055664,4.024032115936279,-3.7140004634857178,-1.1864233016967773,-0.03578519821166992,2.555816650390625,-3.1697378158569336,-0.970677375793457,0.03154134750366211,3.2860655784606934,-2.4865565299987793,-0.8648018836975098,-0.06640338897705078,2.738318681716919,-1.9890120029449463,-0.8827953338623047,-0.3608894348144531,2.9636459350585938,-0.5424358248710632,-0.9089164733886719,-0.6352459192276001,4.204322814941406,-1.913434386253357,-1.0844998359680176,-0.0782327651977539,4.294243335723877,-1.3214540481567383,-1.1028656959533691,-0.32782065868377686,-0.23436865210533142,-0.10296846181154251,-0.05648621916770935,0.0009355619549751282,0.23436865210533142,0.10296846181154251,0.05648548901081085,-0.0009355619549751282,-0.11048880964517593,1.6646453142166138,-0.6626831293106079,-0.7051104307174683,0.9609681963920593,2.134397268295288,-0.28058749437332153,-0.7695932388305664,-2.832829475402832,2.222947359085083,-0.2940034866333008,-0.9358713626861572,-2.2545878887176514,2.7539126873016357,0.06122112274169922,-0.9951422214508057
13,4.734533309936523,-3.9895567893981934,-0.32804250717163086,-0.3615851402282715,4.630886077880859,-4.222294330596924,-0.3318305015563965,-0.3410766124725342,4.55339241027832,-4.163990020751953,-0.3571610450744629,-0.34001636505126953,3.5462636947631836,-4.192476272583008,-0.33666157722473145,-0.14535093307495117,3.741802453994751,-3.8633108139038086,-0.2822296619415283,-0.14931035041809082,2.342751979827881,-3.118130683898926,-0.21306467056274414,0.05160713195800781,3.138714075088501,-2.512784242630005,-0.14735150337219238,-0.026227712631225586,3.074138879776001,-1.7845776081085205,0.33582019805908203,0.20443439483642578,3.4631383419036865,-0.5839614868164062,0.4994924068450928,-0.04152566194534302,4.168631076812744,-1.872694730758667,-0.03569173812866211,0.04073965549468994,4.520880699157715,-1.4800102710723877,0.2266373634338379,-0.15855622291564941,-0.3863714933395386,-0.12140736728906631,-0.15200284123420715,-0.018438905477523804,0.3863714933395386,0.12140797078609467,0.15200284123420715,0.018439508974552155,0.5619553327560425,0.79898601770401,0.6724441647529602,-0.8656592965126038,3.2611422538757324,1.2445087432861328,2.3001739978790283,-0.8898885250091553,-2.0098891258239746,2.0877137184143066,0.8229403495788574,-0.13523364067077637,1.4409292936325073,2.598473072052002,3.695517063140869,-0.1554396152496338
14,3.8049721717834473,-3.538682222366333,-0.9295611381530762,0.45087456703186035,3.7334492206573486,-3.728442907333374,-0.8974368572235107,0.4938514232635498,3.703598737716675,-3.694793939590454,-0.8497936725616455,0.469196081161499,2.817965507507324,-3.6908130645751953,-0.7282981872558594,0.5016632080078125,3.119865894317627,-3.4951171875,-0.621936559677124,0.3681936264038086,1.710869550704956,-2.788336992263794,-0.6318824291229248,0.32979369163513184,2.639165163040161,-2.4164936542510986,-0.49954891204833984,0.09629058837890625,2.6256847381591797,-1.6311405897140503,-0.4484541416168213,0.15343701839447021,3.2258059978485107,-0.9171595573425293,-0.23733234405517578,-0.33319807052612305,3.9695348739624023,-1.5823074579238892,-0.1990962028503418,0.29038727283477783,4.310114860534668,-1.5084648132324219,-0.21076583862304688,-0.02845454216003418,-0.45455554127693176,-0.08875612169504166,-0.06818404793739319,0.03265124559402466,0.45455503463745117,0.08875612169504166,0.0681835412979126,-0.03265184909105301,0.6165716052055359,0.3907633125782013,0.05461627244949341,-0.4082227051258087,3.5527844429016113,0.6912994384765625,0.2916421890258789,-0.5532093048095703,-1.5488145351409912,1.5026694536209106,0.4610745906829834,-0.585044264793396,2.461568593978882,1.8332747220993042,1.0206393003463745,-0.7651983499526978
15,2.9703662395477295,-3.1969237327575684,-0.8346059322357178,0.34175848960876465,2.8801589012145996,-3.372556447982788,-0.853290319442749,0.35588645935058594,2.8592615127563477,-3.3413944244384766,-0.8443372249603271,0.35339951515197754,2.1220474243164062,-3.373690128326416,-0.695918083190918,0.3171229362487793,2.328908681869507,-3.2004566192626953,-0.7909572124481201,0.2946605682373047,1.1917811632156372,-2.5633082389831543,-0.5190883874893188,0.22502875328063965,2.147071123123169,-2.2676379680633545,-0.4920940399169922,0.14885568618774414,1.9408220052719116,-1.5549935102462769,-0.6848627328872681,0.07614707946777344,2.594754457473755,-1.0151596069335938,-0.6310515403747559,-0.09800004959106445,3.256169080734253,-1.4216161966323853,-0.7133657932281494,0.1606912612915039,3.691084861755371,-1.49614417552948,-0.6190299987792969,0.012320637702941895,-0.34885722398757935,-0.06119807809591293,0.10569831728935242,0.027558043599128723,0.3488576412200928,0.06119893118739128,-0.1056973934173584,-0.027557190507650375,0.6681578159332275,0.4534474015235901,0.05158621072769165,0.0626840889453888,2.0125131607055664,0.6680971384048462,-1.540271282196045,-0.02320230007171631,-0.9537712335586548,1.1935961246490479,0.5950433015823364,-0.3090733289718628,0.08087019622325897,1.4320675134658813,-2.3806984424591064,-0.40120720863342285
16,2.6257457733154297,-3.1173291206359863,-0.3446204662322998,0.07959461212158203,2.5208568572998047,-3.2744598388671875,-0.3593020439147949,0.09809660911560059,2.5242650508880615,-3.2541050910949707,-0.33499646186828613,0.08728933334350586,1.7545175552368164,-3.2723636627197266,-0.36752986907958984,0.10132646560668945,1.9946359395980835,-3.116671085357666,-0.33427274227142334,0.0837855339050293,0.898025393486023,-2.5273056030273438,-0.29375576972961426,0.03600263595581055,1.8254287242889404,-2.153242826461792,-0.3216423988342285,0.1143951416015625,1.4751697778701782,-1.6504359245300293,-0.4656522274017334,-0.09544241428375244,2.2803289890289307,-0.8791405558586121,-0.3144254684448242,0.1360190510749817,2.662823438644409,-1.4103847742080688,-0.5933456420898438,0.011231422424316406,3.329115390777588,-1.158202052116394,-0.3619694709777832,0.33794212341308594,-0.3353588879108429,-0.07547277212142944,0.01349833607673645,-0.01427469402551651,0.33535847067832947,0.07547234743833542,-0.013499170541763306,0.014273416250944138,0.38607925176620483,0.6447977423667908,-0.2820785641670227,0.19135034084320068,1.6758004426956177,0.8861308097839355,-0.33671271800994873,0.21803367137908936,-1.2377465963363647,1.277139663696289,-0.28397536277770996,0.08354353904724121,-0.16682863235473633,1.4883984327316284,-0.2476988285779953,0.05633091926574707
17,2.6227335929870605,-3.3956761360168457,-0.0030121803283691406,-0.2783470153808594,2.4934253692626953,-3.5822319984436035,-0.027431488037109375,-0.307772159576416,2.545424222946167,-3.5652382373809814,0.02115917205810547,-0.31113314628601074,1.6876347064971924,-3.6065330505371094,-0.06688284873962402,-0.3341693878173828,2.0592517852783203,-3.472235918045044,0.06461584568023682,-0.35556483268737793,0.894508957862854,-2.7049031257629395,-0.0035164356231689453,-0.1775975227355957,1.8336939811706543,-2.3614919185638428,0.008265256881713867,-0.20824909210205078,1.5789295434951782,-1.724252700805664,0.103759765625,-0.07381677627563477,2.3363559246063232,-0.9991981387138367,0.05602693557739258,-0.12005758285522461,2.929332733154297,-1.4765297174453735,0.2665092945098877,-0.06614494323730469,3.518627882003784,-1.265910267829895,0.1895124912261963,-0.10770821571350098,-0.3309839963912964,-0.07963580638170242,0.004374891519546509,-0.00416303426027298,0.3309839963912964,0.07963580638170242,-0.004374474287033081,0.004163458943367004,0.6819361448287964,0.6045553684234619,0.29585689306259155,-0.04024237394332886,1.8364942073822021,0.8725748658180237,0.16069376468658447,-0.013555943965911865,-0.9943952560424805,1.3075717687606812,0.24335134029388428,0.03043210506439209,-0.10947224497795105,1.5564712285995483,0.05735638737678528,0.06807279586791992
18,2.544464349746704,-3.4644391536712646,-0.07826924324035645,-0.06876301765441895,2.4094455242156982,-3.668314218521118,-0.08397984504699707,-0.08608222007751465,2.517103672027588,-3.6479713916778564,-0.0283205509185791,-0.082733154296875,1.567711591720581,-3.7954797744750977,-0.11992311477661133,-0.18894672393798828,2.0703999996185303,-3.6487138271331787,0.011148214340209961,-0.17647790908813477,0.8222981691360474,-2.963134765625,-0.07221078872680664,-0.25823163986206055,1.7205560207366943,-2.5236659049987793,-0.11313796043395996,-0.16217398643493652,1.457733154296875,-2.1188175678253174,-0.12119638919830322,-0.3945648670196533,2.1808278560638428,-1.1504747867584229,-0.15552806854248047,-0.15127664804458618,2.771611213684082,-1.99122154712677,-0.15772151947021484,-0.5146918296813965,3.2129671573638916,-1.4719338417053223,-0.3056607246398926,-0.20602357387542725,-0.30638375878334045,-0.09257477521896362,0.024600237607955933,-0.0129389688372612,0.30638375878334045,0.09257477521896362,-0.024600237607955933,0.0129389688372612,0.48379942774772644,0.4950021505355835,-0.19813671708106995,-0.10955321788787842,1.3618402481079102,0.7737479209899902,-0.474653959274292,-0.09882694482803345,-1.0271081924438477,1.3106756210327148,-0.03271293640136719,0.0031038522720336914,-0.32113492488861084,1.497357726097107,-0.2116626799106598,-0.059113502502441406
19,1.9093352556228638,-2.7794384956359863,-0.6351290941238403,0.6850006580352783,1.775364875793457,-2.961534261703491,-0.6340806484222412,0.706779956817627,1.8782764673233032,-2.9375436305999756,-0.6388272047042847,0.7104277610778809,1.1029075384140015,-3.086491346359253,-0.4648040533065796,0.7089884281158447,1.5132893323898315,-2.959545373916626,-0.5571106672286987,0.6891684532165527,0.48950570821762085,-2.425483226776123,-0.3327924609184265,0.537651538848877,1.3680862188339233,-1.947888970375061,-0.352469801902771,0.5757769346237183,1.0484874248504639,-2.0217175483703613,-0.40924572944641113,0.09710001945495605,1.6287978887557983,-0.7365895509719849,-0.5520299673080444,0.413885235786438,2.058243989944458,-2.016681432723999,-0.713367223739624,-0.025459885597229004,2.670827627182007,-0.8866961598396301,-0.5421395301818848,0.5852376818656921,-0.2783352732658386,-0.09981303662061691,0.02804848551750183,-0.00723826140165329,0.2783352732658386,0.09981303662061691,-0.02804848551750183,0.00723826140165329,0.5857967138290405,0.6923959255218506,0.10199728608131409,0.1973937749862671,1.2749214172363281,0.9675168395042419,-0.08691883087158203,0.1937689185142517,-0.8893401026725769,1.177467703819275,0.13776808977127075,-0.13320791721343994,-0.7582842707633972,1.3539727926254272,-0.4371493458747864,-0.1433849334716797
20,1.8621488809585571,-2.813678503036499,-0.04718637466430664,-0.034240007400512695,1.7423802614212036,-3.00114369392395,-0.03298461437225342,-0.039609432220458984,1.822806477546692,-2.9775424003601074,-0.05546998977661133,-0.039998769760131836,1.0912139415740967,-3.1423842906951904,-0.011693596839904785,-0.0558929443359375,1.4299019575119019,-3.01965069770813,-0.08338737487792969,-0.060105323791503906,0.4407489597797394,-2.4733829498291016,-0.04875674843788147,-0.047899723052978516,1.323108434677124,-2.002807140350342,-0.044977784156799316,-0.05491816997528076,1.0082873106002808,-2.0482864379882812,-0.040200114250183105,-0.026568889617919922,1.5958973169326782,-0.7952778339385986,-0.03290057182312012,-0.05868828296661377,2.072772741317749,-1.9128559827804565,0.014528751373291016,0.10382544994354248,2.558129072189331,-0.834631085395813,-0.11269855499267578,0.05206507444381714,-0.2727746367454529,-0.09645676612854004,0.005560636520385742,0.0033562704920768738,0.27277427911758423,0.09645676612854004,-0.0055609941482543945,-0.0033562704920768738,0.5175324082374573,0.7035239338874817,-0.06826430559158325,0.011128008365631104,1.0986888408660889,0.9635611176490784,-0.17623257637023926,-0.003955721855163574,-0.8365386724472046,1.161802053451538,0.052801430225372314,-0.015665650367736816,-0.9051070213317871,1.311146855354309,-0.1468227505683899,-0.042825937271118164
21,2.360032558441162,-3.403292417526245,0.497883677482605,-0.5896139144897461,2.251638174057007,-3.599276304244995,0.5092579126358032,-0.5981326103210449,2.300018072128296,-3.5852601528167725,0.477211594581604,-0.607717752456665,1.4771578311920166,-3.7220444679260254,0.3859438896179199,-0.579660177230835,1.8162356615066528,-3.5938525199890137,0.386333703994751,-0.5742018222808838,0.6991032958030701,-2.9221293926239014,0.2583543360233307,-0.4487464427947998,1.6199332475662231,-2.532165050506592,0.2968248128890991,-0.52935791015625,1.3720457553863525,-2.0831081867218018,0.3637584447860718,-0.03482174873352051,1.971665859222412,-1.117195963859558,0.3757685422897339,-0.3219181299209595,2.756273031234741,-1.7089171409606934,0.6835002899169922,0.20393884181976318,3.026435613632202,-1.101089596748352,0.4683065414428711,-0.26645851135253906,-0.320015013217926,-0.07249419391155243,-0.047240376472473145,0.02396257221698761,0.3200145959854126,0.0724937841296196,0.04724031686782837,-0.02396298199892044,-0.019328730180859566,0.739350438117981,-0.5368611216545105,0.03582650423049927,1.039048433303833,0.9445903897285461,-0.05964040756225586,-0.018970727920532227,-1.531366229057312,1.3663432598114014,-0.6948275566101074,0.20454120635986328,-0.7595217227935791,1.4843649864196777,0.145585298538208,0.17321813106536865
22,2.4856932163238525,-3.3628461360931396,0.12566065788269043,0.04044628143310547,2.3639392852783203,-3.5436007976531982,0.11230111122131348,0.055675506591796875,2.421142339706421,-3.531193971633911,0.121124267578125,0.05406618118286133,1.5657262802124023,-3.6019999980926514,0.08856844902038574,0.12004446983337402,1.9563473463058472,-3.4768946170806885,0.14011168479919434,0.1169579029083252,0.8022719621658325,-2.68363618850708,0.10316866636276245,0.2384932041168213,1.7476922273635864,-2.3577826023101807,0.12775897979736328,0.17438244819641113,1.3748472929000854,-1.7325348854064941,0.00280153751373291,0.3505733013153076,1.9219970703125,-0.9062176942825317,-0.04966878890991211,0.21097826957702637,2.8510489463806152,-1.1428334712982178,0.09477591514587402,0.5660836696624756,3.118316888809204,-0.7683273553848267,0.09188127517700195,0.3327622413635254,-0.3000837564468384,-0.06586159020662308,0.019931256771087646,0.006632603704929352,0.30008333921432495,0.06586117297410965,-0.019931256771087646,-0.006632611155509949,0.2570401132106781,1.182647705078125,0.2763688564300537,0.44329726696014404,0.9965960383415222,1.4108487367630005,-0.04245239496231079,0.46625834703445435,-1.528167486190796,1.3900493383407593,0.0031987428665161133,0.02370607852935791,-1.445920705795288,1.5790441036224365,-0.686398983001709,0.09467911720275879
23,2.9401071071624756,-3.61181640625,0.45441389083862305,-0.24897027015686035,2.8133275508880615,-3.852452516555786,0.4493882656097412,-0.3088517189025879,2.896881341934204,-3.82609224319458,0.4757390022277832,-0.29489827156066895,1.9473421573638916,-4.0278778076171875,0.38161587715148926,-0.42587780952453613,2.393817901611328,-3.873051643371582,0.43747055530548096,-0.39615702629089355,1.0838667154312134,-3.0720105171203613,0.28159475326538086,-0.38837432861328125,2.0088014602661133,-2.691884756088257,0.26110923290252686,-0.33410215377807617,1.5700500011444092,-1.8876488208770752,0.19520270824432373,-0.15511393547058105,1.9121248722076416,-1.0406864881515503,-0.009872198104858398,-0.13446879386901855,3.1728622913360596,-1.1262787580490112,0.32181334495544434,0.016554713249206543,3.3200345039367676,-0.9156652688980103,0.20171761512756348,-0.1473379135131836,-0.2977242171764374,-0.0736253410577774,0.002359539270401001,-0.007763750851154327,0.2977237403392792,0.0736253410577774,-0.0023595988750457764,0.007764168083667755,0.3326895534992218,1.2809807062149048,0.0756494402885437,0.09833300113677979,1.0638006925582886,1.565859317779541,0.06720465421676636,0.15501058101654053,-1.6507046222686768,1.644461750984192,-0.12253713607788086,0.2544124126434326,-1.610907793045044,1.9130479097366333,-0.16498708724975586,0.3340038061141968
24,4.360330104827881,-4.403343677520752,1.4202229976654053,-0.791527271270752,4.23555326461792,-4.673892974853516,1.4222257137298584,-0.8214404582977295,4.3248114585876465,-4.670300483703613,1.4279301166534424,-0.8442082405090332,3.2050819396972656,-4.8718581199646,1.257739782333374,-0.8439803123474121,3.6953346729278564,-4.724065780639648,1.3015167713165283,-0.8510141372680664,2.0085697174072266,-3.706742286682129,0.9247030019760132,-0.6347317695617676,2.921304702758789,-3.298190116882324,0.9125032424926758,-0.6063053607940674,2.3276994228363037,-2.074134111404419,0.7576494216918945,-0.18648529052734375,2.6289279460906982,-1.1123408079147339,0.7168030738830566,-0.0716543197631836,4.113579750061035,-1.2695341110229492,0.9407174587249756,-0.143255352973938,4.2954206466674805,-1.1656509637832642,0.9753861427307129,-0.2499856948852539,-0.27895674109458923,-0.06735923886299133,0.018767476081848145,0.006266102194786072,0.2789561450481415,0.06735923886299133,-0.018767595291137695,-0.006266102194786072,0.4418020248413086,1.6987069845199585,0.10911247134208679,0.4177262783050537,1.1386953592300415,2.0176072120666504,0.07489466667175293,0.4517478942871094,-2.2265734672546387,2.2405643463134766,-0.5758688449859619,0.5961025953292847,-2.2539525032043457,2.516003131866455,-0.6430447101593018,0.6029552221298218
25,5.438852787017822,-4.602545261383057,1.0785226821899414,-0.1992015838623047,5.383698463439941,-4.9678754806518555,1.1481451988220215,-0.29398250579833984,5.244302272796631,-4.909949779510498,0.9194908142089844,-0.23964929580688477,4.3674421310424805,-5.344858646392822,1.1623601913452148,-0.47300052642822266,4.289649486541748,-5.030320167541504,0.5943148136138916,-0.30625438690185547,2.7866768836975098,-4.054969310760498,0.7781071662902832,-0.34822702407836914,3.563732624053955,-3.425537586212158,0.642427921295166,-0.12734746932983398,2.9156653881073,-2.245069980621338,0.5879659652709961,-0.17093586921691895,3.3367254734039307,-0.9106719493865967,0.7077975273132324,0.2016688585281372,4.694179058074951,-1.4056637287139893,0.580599308013916,-0.13612961769104004,4.970163345336914,-1.0918561220169067,0.6747426986694336,0.07379484176635742,-0.28497087955474854,-0.10394099354743958,-0.006014138460159302,-0.03658175468444824,0.28497016429901123,0.10394099354743958,0.006014019250869751,0.03658175468444824,-0.019208300858736038,2.347557544708252,-0.4610103368759155,0.6488505601882935,1.7263935804367065,2.8425161838531494,0.587698221206665,0.824908971786499,-3.3301379680633545,2.7868618965148926,-1.1035645008087158,0.546297550201416,-1.7259806394577026,3.360736131668091,0.5279718637466431,0.8447329998016357
26,9.879136085510254,-6.542352199554443,4.440283298492432,-1.9398069381713867,10.033514976501465,-7.17461633682251,4.649816513061523,-2.2067408561706543,9.458305358886719,-7.141363620758057,4.214003086090088,-2.2314138412475586,9.387925148010254,-7.963365077972412,5.020483016967773,-2.61850643157959,8.183769226074219,-7.591426849365234,3.8941197395324707,-2.5611066818237305,7.367609977722168,-6.520510196685791,4.580933094024658,-2.465540885925293,6.888156414031982,-5.642942905426025,3.3244237899780273,-2.217405319213867,7.9662322998046875,-3.5650076866149902,5.050566673278809,-1.3199377059936523,6.587871074676514,-1.2441610097885132,3.251145601272583,-0.3334890604019165,9.93986701965332,-2.0983664989471436,5.245687961578369,-0.6927027702331543,9.653173446655273,-1.7820295095443726,4.683010101318359,-0.6901733875274658,0.2501111626625061,-0.02163633517920971,0.5350820422172546,0.08230465650558472,-0.2501099109649658,0.02163633517920971,-0.535080075263977,-0.08230465650558472,0.44110748171806335,4.260957717895508,0.4603157937526703,1.9134001731872559,0.6270309090614319,4.861388683319092,-1.0993626117706299,2.0188724994659424,-5.252386093139648,5.735509395599365,-1.922248125076294,2.9486474990844727,-6.225564479827881,6.445911407470703,-4.499583721160889,3.0851752758026123
27,8.619498252868652,-3.3093857765197754,-1.2596378326416016,3.232966423034668,8.505962371826172,-3.7771551609039307,-1.527552604675293,3.397461175918579,8.495686531066895,-3.7244961261749268,-0.9626188278198242,3.41686749458313,7.5,-4.865933418273926,-1.887925148010254,3.0974316596984863,7.733383655548096,-4.396330833435059,-0.45038557052612305,3.195096015930176,5.9098310470581055,-4.327250003814697,-1.4577789306640625,2.1932601928710938,6.375107765197754,-3.442085027694702,-0.5130486488342285,2.2008578777313232,5.883058547973633,-2.2561426162719727,-2.0831737518310547,1.3088650703430176,5.77034330368042,-0.2794981896877289,-0.8175277709960938,0.9646627902984619,8.197650909423828,-0.9779080152511597,-1.7422161102294922,1.1204584836959839,8.219120025634766,-0.5244710445404053,-1.4340534210205078,1.2575584650039673,-0.0762224793434143,-0.06234366074204445,-0.3263336420059204,-0.04070732742547989,0.07622350752353668,0.06234366074204445,0.3263334035873413,0.04070732742547989,0.13516069948673248,3.3165371417999268,-0.3059467673301697,-0.944420576095581,0.5594950914382935,3.998645544052124,-0.06753581762313843,-0.8627431392669678,-3.9966745376586914,4.709449291229248,1.255711555480957,-1.0260601043701172,-4.412650108337402,5.669031620025635,1.8129143714904785,-0.7768797874450684
28,8.911029815673828,-3.154289722442627,0.2915315628051758,0.15509605407714844,8.933550834655762,-3.64970064163208,0.42758846282958984,0.12745451927185059,8.692947387695312,-3.6888175010681152,0.19726085662841797,0.03567862510681152,8.280743598937988,-4.7904052734375,0.7807435989379883,0.07552814483642578,7.700283050537109,-4.5864644050598145,-0.03310060501098633,-0.19013357162475586,6.806241035461426,-4.05797004699707,0.8964099884033203,0.26927995681762695,5.987274169921875,-3.484128952026367,-0.3878335952758789,-0.04204392433166504,6.722855091094971,-1.7608699798583984,0.8397965431213379,0.4952726364135742,5.4689555168151855,-0.19942371547222137,-0.3013877868652344,0.08007447421550751,8.66176986694336,-0.25999975204467773,0.46411895751953125,0.7179082632064819,8.151829719543457,-0.41562965512275696,-0.0672903060913086,0.10884138941764832,0.3655216693878174,-0.007787089794874191,0.4417441487312317,0.05455657094717026,-0.3655216693878174,0.00778823159635067,-0.44174516201019287,-0.05455543100833893,0.7635618448257446,4.188760280609131,0.6284011602401733,0.8722231388092041,0.5419198274612427,4.78842306137085,-0.01757526397705078,0.7897775173187256,-4.27681827545166,5.387398719787598,-0.28014373779296875,0.6779494285583496,-4.822482109069824,6.168699741363525,-0.4098320007324219,0.4996681213378906
29,8.3538818359375,-4.154335021972656,-0.5571479797363281,-1.0000452995300293,8.326553344726562,-4.66609525680542,-0.6069974899291992,-1.0163946151733398,8.131903648376465,-4.66162633895874,-0.5610437393188477,-0.972808837890625,7.5181498527526855,-5.535444259643555,-0.7625937461853027,-0.7450389862060547,7.094559192657471,-5.305624008178711,-0.6057238578796387,-0.7191596031188965,6.212441444396973,-4.391119003295898,-0.5937995910644531,-0.3331489562988281,5.413552761077881,-3.789640188217163,-0.5737214088439941,-0.3055112361907959,6.761885166168213,-2.129474639892578,0.03903007507324219,-0.3686046600341797,4.887521266937256,-0.5522002577781677,-0.5814342498779297,-0.35277652740478516,8.553812980651855,-0.7431440949440002,-0.1079568862915039,-0.4831443428993225,7.652807235717773,-0.979008138179779,-0.4990224838256836,-0.5633784532546997,0.32552793622016907,-0.037213124334812164,-0.039993733167648315,-0.029426034539937973,-0.3255290389060974,0.037213124334812164,0.03999263048171997,0.029424892738461494,1.2131035327911377,3.4615683555603027,0.44954168796539307,-0.7271919250488281,1.151663899421692,4.081190586090088,0.6097440719604492,-0.7072324752807617,-3.9535560607910156,4.694063186645508,0.32326221466064453,-0.6933355331420898,-4.416548252105713,5.424249172210693,0.40593385696411133,-0.744450569152832
30,6.985238552093506,-4.402192115783691,-1.3686432838439941,-0.24785709381103516,6.8549580574035645,-4.785377025604248,-1.471595287322998,-0.11928176879882812,6.90864372253418,-4.8111891746521,-1.2232599258422852,-0.14956283569335938,5.705758094787598,-5.399477481842041,-1.812391757965088,0.13596677780151367,6.0541791915893555,-5.237141132354736,-1.0403800010681152,0.06848287582397461,3.9924404621124268,-4.254973411560059,-2.220000982284546,0.13614559173583984,4.796725273132324,-3.66072940826416,-0.6168274879455566,0.12891077995300293,4.230535507202148,-2.419238805770874,-2.5313496589660645,-0.2897641658782959,4.369722843170166,-0.8182239532470703,-0.5177984237670898,-0.2660236954689026,6.501687049865723,-1.8086216449737549,-2.052125930786133,-1.0654776096343994,6.692760467529297,-1.4098763465881348,-0.9600467681884766,-0.4308682084083557,-0.19336751103401184,-0.10396957397460938,-0.5188954472541809,-0.06675644963979721,0.19336843490600586,0.10396865755319595,0.5188974738121033,0.06675553321838379,1.1744645833969116,2.699880599975586,-0.038638949394226074,-0.7616877555847168,2.0072638988494873,3.2825279235839844,0.8555999994277954,-0.7986626625061035,-3.2736053466796875,3.4015982151031494,0.6799507141113281,-1.2924649715423584,-3.2883846759796143,3.922420024871826,1.1281635761260986,-1.5018291473388672
31,5.153051376342773,-3.908032178878784,-1.8321871757507324,0.4941599369049072,5.035367965698242,-4.216065883636475,-1.8195900917053223,0.5693111419677734,5.0608344078063965,-4.175105094909668,-1.8478093147277832,0.6360840797424316,3.969027519226074,-4.539156436920166,-1.7367305755615234,0.860321044921875,4.264781475067139,-4.278491020202637,-1.7893977165222168,0.9586501121520996,2.6149704456329346,-3.4677815437316895,-1.3774700164794922,0.7871918678283691,3.4465126991271973,-2.912320375442505,-1.350212574005127,0.7484090328216553,2.7763357162475586,-1.863075613975525,-1.4541997909545898,0.5561631917953491,3.3014514446258545,-0.7307313680648804,-1.0682713985443115,0.08749258518218994,4.6534647941589355,-1.401157259941101,-1.848222255706787,0.4074643850326538,4.983766555786133,-1.3198826313018799,-1.708993911743164,0.08999371528625488,-0.23707157373428345,-0.10329849272966385,-0.043704062700271606,0.0006710812449455261,0.23707224428653717,0.10329849272966385,0.04370380938053131,-0.0006701648235321045,0.9329236149787903,1.8360671997070312,-0.24154096841812134,-0.8638134002685547,1.6457041501998901,2.3257863521575928,-0.36155974864959717,-0.9567415714263916,-2.2638673782348633,2.4096505641937256,1.0097379684448242,-0.9919476509094238,-2.2494003772735596,2.9493086338043213,1.0389842987060547,-0.9731113910675049
32,4.561755180358887,-3.9926841259002686,-0.5912961959838867,-0.08465194702148438,4.434240818023682,-4.260674476623535,-0.6011271476745605,-0.04460859298706055,4.425866603851318,-4.1905412673950195,-0.6349678039550781,-0.015436172485351562,3.3903868198394775,-4.364568710327148,-0.5786406993865967,0.17458772659301758,3.6660075187683105,-4.036079406738281,-0.5987739562988281,0.24241161346435547,2.2391245365142822,-3.1927404403686523,-0.37584590911865234,0.2750411033630371,3.0811471939086914,-2.6532983779907227,-0.36536550521850586,0.2590219974517822,2.586757183074951,-1.6976133584976196,-0.18957853317260742,0.16546225547790527,3.0254006385803223,-0.7223058938980103,-0.2760508060455322,0.008425474166870117,4.246985912322998,-1.2514986991882324,-0.4064788818359375,0.14965856075286865,4.606685161590576,-1.2933505773544312,-0.37708139419555664,0.02653205394744873,-0.2589138150215149,-0.09411709755659103,-0.021842241287231445,0.009181395173072815,0.2589138150215149,0.09411648660898209,0.021841570734977722,-0.009182006120681763,0.6587234735488892,1.6144012212753296,-0.2742001414299011,-0.22166597843170166,1.4227672815322876,2.06557297706604,-0.22293686866760254,-0.26021337509155273,-1.9643535614013672,2.0266520977020264,0.2995138168334961,-0.3829984664916992,-1.9782310724258423,2.6038818359375,0.2711693048477173,-0.3454267978668213
33,4.466742992401123,-4.232459545135498,-0.09501218795776367,-0.2397754192352295,4.372642517089844,-4.552146911621094,-0.06159830093383789,-0.2914724349975586,4.30023717880249,-4.482691764831543,-0.12562942504882812,-0.29215049743652344,3.3991706371307373,-4.734115123748779,0.008783817291259766,-0.36954641342163086,3.4393115043640137,-4.418376445770264,-0.22669601440429688,-0.3822970390319824,2.1534910202026367,-3.4738340377807617,-0.08563351631164551,-0.2810935974121094,2.9545857906341553,-2.8752963542938232,-0.12656140327453613,-0.22199797630310059,2.717864513397217,-1.9531850814819336,0.13110733032226562,-0.25557172298431396,2.9596385955810547,-0.7820056676864624,-0.06576204299926758,-0.05969977378845215,4.403165817260742,-1.3666995763778687,0.15617990493774414,-0.11520087718963623,4.7426347732543945,-1.293669581413269,0.13594961166381836,-0.0003190040588378906,-0.2516840100288391,-0.08787381649017334,0.007229804992675781,0.006243281066417694,0.25168466567993164,0.08787381649017334,-0.007229149341583252,-0.006242670118808746,-0.22729595005512238,2.0823936462402344,-0.8860194087028503,0.4679924249649048,0.7316741347312927,2.5014352798461914,-0.6910931468009949,0.43586230278015137,-2.587056875228882,3.0101747512817383,-0.6227033138275146,0.9835226535797119,-2.4269354343414307,3.45542049407959,-0.4487043619155884,0.8515386581420898
34,4.629833698272705,-4.104428291320801,0.16309070587158203,0.12803125381469727,4.544243812561035,-4.344278812408447,0.1716012954711914,0.20786809921264648,4.440802574157715,-4.316071033477783,0.1405653953552246,0.16662073135375977,3.599064826965332,-4.396275043487549,0.19989418983459473,0.33784008026123047,3.5879855155944824,-4.135849475860596,0.14867401123046875,0.28252696990966797,2.310453414916992,-3.1683452129364014,0.15696239471435547,0.30548882484436035,3.188264846801758,-2.6893391609191895,0.23367905616760254,0.1859571933746338,2.836791753768921,-1.7975654602050781,0.1189272403717041,0.15561962127685547,3.513998031616211,-0.7168991565704346,0.5543594360351562,0.06510651111602783,4.564510345458984,-1.563098430633545,0.1613445281982422,-0.19639885425567627,4.985739707946777,-1.230156660079956,0.2431049346923828,0.06351292133331299,-0.2580238878726959,-0.06934870034456253,-0.0063398778438568115,0.01852511614561081,0.25802451372146606,0.06934870034456253,0.006339848041534424,-0.01852511614561081,0.11831288784742355,1.6036237478256226,0.34560883045196533,-0.4787698984146118,1.0733437538146973,1.941272497177124,0.34166961908340454,-0.5601627826690674,-2.376819610595703,2.3425304889678955,0.2102372646331787,-0.6676442623138428,-2.2023892402648926,2.7293150424957275,0.22454619407653809,-0.7261054515838623
35,5.445322036743164,-4.9543137550354,0.815488338470459,-0.8498854637145996,5.384944438934326,-5.266650199890137,0.840700626373291,-0.9223713874816895,5.182799816131592,-5.2031636238098145,0.741997241973877,-0.8870925903320312,4.31316614151001,-5.349689960479736,0.7141013145446777,-0.9534149169921875,4.135651111602783,-4.979844093322754,0.5476655960083008,-0.8439946174621582,2.828082323074341,-3.8676905632019043,0.5176289081573486,-0.6993453502655029,3.6134374141693115,-3.248645067214966,0.4251725673675537,-0.5593059062957764,3.4679038524627686,-2.154895305633545,0.6311120986938477,-0.3573298454284668,3.9089348316192627,-0.8460438251495361,0.39493680000305176,-0.12914466857910156,5.299117088317871,-1.526675820350647,0.7346067428588867,0.03642261028289795,5.744479656219482,-1.1871252059936523,0.7587399482727051,0.04303145408630371,-0.2760079503059387,-0.06626609712839127,-0.017984062433242798,0.0030826032161712646,0.2760087251663208,0.06626687943935394,0.017984211444854736,-0.0030818209052085876,-1.1805766820907593,2.318781614303589,-1.2988895177841187,0.7151578664779663,0.5123490691184998,2.7096517086029053,-0.5609946846961975,0.7683792114257812,-3.770397901535034,3.246572494506836,-1.393578290939331,0.9040420055389404,-2.425671339035034,3.7383739948272705,-0.2232820987701416,1.009058952331543
36,6.346094608306885,-5.467928886413574,0.9007725715637207,-0.5136151313781738,6.308567523956299,-5.794764041900635,0.9236230850219727,-0.528113842010498,6.086715221405029,-5.756192207336426,0.9039154052734375,-0.5530285835266113,5.1046462059021,-5.901150703430176,0.7914800643920898,-0.5514607429504395,4.929050922393799,-5.575007915496826,0.7933998107910156,-0.5951638221740723,3.329463005065918,-4.367787837982178,0.5013806819915771,-0.5000972747802734,4.14945125579834,-3.795407295227051,0.5360138416290283,-0.546762228012085,4.059793472290039,-2.4278457164764404,0.5918896198272705,-0.2729504108428955,4.552865982055664,-1.165545105934143,0.6439311504364014,-0.31950128078460693,6.123549461364746,-1.8405941724777222,0.824432373046875,-0.3139183521270752,6.4826273918151855,-1.5196335315704346,0.7381477355957031,-0.3325083255767822,-0.3276928961277008,-0.04992472752928734,-0.051684945821762085,0.016341369599103928,0.32769203186035156,0.04992558807134628,0.05168330669403076,-0.01634129136800766,-1.4534224271774292,2.526270627975464,-0.2728457450866699,0.207489013671875,0.9342046976089478,2.87050461769104,0.421855628490448,0.16085290908813477,-4.263946056365967,3.6641712188720703,-0.4935481548309326,0.4175987243652344,-1.7067599296569824,4.096975803375244,0.7189114093780518,0.35860180854797363
37,6.5107011795043945,-5.087445259094238,0.16460657119750977,0.38048362731933594,6.422653675079346,-5.394773483276367,0.11408615112304688,0.3999905586242676,6.317989826202393,-5.373844146728516,0.23127460479736328,0.38234806060791016,5.1481499671936035,-5.569741249084473,0.043503761291503906,0.3314094543457031,5.205611705780029,-5.286206245422363,0.27656078338623047,0.2888016700744629,3.441988945007324,-4.181522846221924,0.11252593994140625,0.1862649917602539,4.264477729797363,-3.612741470336914,0.11502647399902344,0.18266582489013672,3.9202628135681152,-2.369670867919922,-0.13953065872192383,0.058174848556518555,4.388104438781738,-1.1047089099884033,-0.16476154327392578,0.060836195945739746,5.9884161949157715,-1.9107064008712769,-0.1351332664489746,-0.07011222839355469,6.223865032196045,-1.7123208045959473,-0.2587623596191406,-0.1926872730255127,-0.27554064989089966,-0.06319961696863174,0.05215224623680115,-0.013274889439344406,0.2755414545536041,0.06319961696863174,-0.052150577306747437,0.013274028897285461,-0.5802096128463745,2.321561098098755,0.8732128143310547,-0.20470952987670898,1.0185184478759766,2.738785743713379,0.08431375026702881,-0.13171887397766113,-3.8847947120666504,3.0770559310913086,0.3791513442993164,-0.5871152877807617,-2.5665292739868164,3.5506842136383057,-0.859769344329834,-0.5462915897369385
38,7.260246753692627,-4.926932334899902,0.7495455741882324,0.16051292419433594,7.243152618408203,-5.331066608428955,0.8204989433288574,0.06370687484741211,7.159558296203613,-5.348387718200684,0.8415684700012207,0.02545642852783203,6.352069854736328,-5.993023872375488,1.2039198875427246,-0.4232826232910156,6.38850736618042,-5.755368232727051,1.1828956604003906,-0.4691619873046875,4.547754287719727,-5.127185821533203,1.1057653427124023,-0.9456629753112793,5.339056491851807,-4.51576042175293,1.0745787620544434,-0.9030189514160156,4.990130424499512,-2.9576430320739746,1.0698676109313965,-0.5879721641540527,5.187904357910156,-1.4854551553726196,0.799799919128418,-0.3807462453842163,7.598622798919678,-2.4583020210266113,1.6102066040039062,-0.5475956201553345,7.5311760902404785,-2.2653634548187256,1.3073110580444336,-0.5530426502227783,-0.21914361417293549,-0.0196965541690588,0.05639703571796417,0.043503060936927795,0.21914361417293549,0.0196965541690588,-0.05639784038066864,-0.043503060936927795,-0.6146084070205688,2.3829994201660156,-0.034398794174194336,0.06143832206726074,0.3462398648262024,2.745903968811035,-0.6722785830497742,0.00711822509765625,-3.8155078887939453,3.9705774784088135,0.06928682327270508,0.8935215473175049,-3.583998918533325,4.354322910308838,-1.0174696445465088,0.8036386966705322
39,10.285715103149414,-4.442918300628662,3.025468349456787,0.48401403427124023,10.231225967407227,-4.927751064300537,2.9880733489990234,0.40331554412841797,10.176423072814941,-5.057967662811279,3.016864776611328,0.2904200553894043,9.418390274047852,-6.411613464355469,3.0663204193115234,-0.41858959197998047,9.36971664428711,-6.25244665145874,2.9812092781066895,-0.49707841873168945,7.375848770141602,-6.199751853942871,2.828094482421875,-1.072566032409668,7.599391460418701,-5.225057601928711,2.2603349685668945,-0.7092971801757812,7.920809745788574,-4.1362833976745605,2.9306793212890625,-1.178640365600586,7.315479278564453,-1.3787031173706055,2.127574920654297,0.10675203800201416,11.188921928405762,-2.61430025100708,3.590299129486084,-0.15599822998046875,10.727062225341797,-1.699141025543213,3.1958861351013184,0.5662224292755127,0.050655264407396317,-0.0353461429476738,0.2697988748550415,-0.015649588778614998,-0.050655264407396317,0.03534747287631035,-0.2697988748550415,0.01565091870725155,-0.42766305804252625,4.372377872467041,0.1869453489780426,1.9893784523010254,-0.15176226198673248,5.0187506675720215,-0.4980021119117737,2.2728466987609863,-5.4542741775512695,5.948248863220215,-1.6387662887573242,1.9776713848114014,-6.036086559295654,6.397880554199219,-2.452087640762329,2.043557643890381
40,8.800679206848145,-3.7542710304260254,-1.4850358963012695,0.6886472702026367,8.834569931030273,-4.164802074432373,-1.3966560363769531,0.7629489898681641,8.6679105758667,-4.2201080322265625,-1.5085124969482422,0.8378596305847168,8.246957778930664,-5.301577568054199,-1.1714324951171875,1.1100358963012695,7.9369916915893555,-5.075719833374023,-1.432724952697754,1.1767268180847168,6.5800652503967285,-5.072572708129883,-0.795783519744873,1.1271791458129883,6.1563029289245605,-4.166799545288086,-1.4430885314941406,1.058258056640625,6.393170356750488,-3.480668306350708,-1.527639389038086,0.6556150913238525,5.344700336456299,-1.151339054107666,-1.9707789421081543,0.22736406326293945,8.383191108703613,-1.696939468383789,-2.8057308197021484,0.917360782623291,8.200242042541504,-1.1969799995422363,-2.526820182800293,0.5021610260009766,0.22588101029396057,-0.05561528354883194,0.17522574961185455,-0.020269140601158142,-0.22588101029396057,0.05561418458819389,-0.17522574961185455,0.020266711711883545,-0.5827817916870117,3.4011106491088867,-0.15511873364448547,-0.9712672233581543,-0.27468737959861755,4.090052604675293,-0.12292511761188507,-0.9286980628967285,-4.873535633087158,4.711779594421387,0.5807385444641113,-1.2364692687988281,-4.807000160217285,5.325531005859375,1.2290863990783691,-1.0723495483398438
41,12.930171966552734,-6.726785182952881,4.12949275970459,-2.9725141525268555,13.035348892211914,-7.3056206703186035,4.200778961181641,-3.1408185958862305,12.796648025512695,-7.475468158721924,4.128737449645996,-3.2553601264953613,12.77710247039795,-8.766868591308594,4.530144691467285,-3.4652910232543945,12.344500541687012,-8.65713882446289,4.407508850097656,-3.581418991088867,10.53467082977295,-7.946639537811279,3.9546055793762207,-2.8740668296813965,10.357791900634766,-6.962406635284424,4.201488971710205,-2.795607089996338,10.942877769470215,-5.3403520584106445,4.549707412719727,-1.8596837520599365,9.383103370666504,-1.7977592945098877,4.038403034210205,-0.6464202404022217,13.84435749053955,-3.4916670322418213,5.4611663818359375,-1.7947275638580322,13.268266677856445,-1.9814307689666748,5.068024635314941,-0.7844507694244385,0.19792532920837402,0.10780534893274307,-0.027955681085586548,0.163420632481575,-0.19792713224887848,-0.10780353844165802,0.027953878045082092,-0.1634177267551422,-2.8657150268554688,5.832797050476074,-2.282933235168457,2.4316864013671875,-2.006286382675171,6.371102809906006,-1.731598973274231,2.281050205230713,-9.825533866882324,8.140040397644043,-4.951998233795166,3.4282608032226562,-9.919450759887695,8.458651542663574,-5.11245059967041,3.133120536804199
42,13.148859024047852,-6.954272270202637,0.2186870574951172,-0.22748708724975586,12.896271705627441,-7.4928669929504395,-0.13907718658447266,-0.18724632263183594,13.24010944366455,-7.710182189941406,0.44346141815185547,-0.23471403121948242,11.236967086791992,-8.995418548583984,-1.540135383605957,-0.22854995727539062,12.436226844787598,-8.9833984375,0.09172630310058594,-0.3262596130371094,8.994190216064453,-8.296061515808105,-1.540480613708496,-0.34942197799682617,9.492979049682617,-7.429337501525879,-0.8648128509521484,-0.4669308662414551,8.599906921386719,-5.242565631866455,-2.342970848083496,0.09778642654418945,9.129973411560059,-2.096148729324341,-0.2531299591064453,-0.2983894348144531,12.791129112243652,-3.1799957752227783,-1.0532283782958984,0.31167125701904297,13.223870277404785,-1.5978766679763794,-0.044396400451660156,0.3835541009902954,0.09657105803489685,0.024581367149949074,-0.10135427117347717,-0.08322398364543915,-0.09657105803489685,-0.024579573422670364,0.10135607421398163,0.08322396874427795,-1.47175133228302,5.21992301940918,1.3939636945724487,-0.6128740310668945,-2.302790403366089,5.987534999847412,-0.29650402069091797,-0.38356781005859375,-9.531603813171387,7.451245307922363,0.2939300537109375,-0.6887950897216797,-11.197509765625,8.061971664428711,-1.2780590057373047,-0.3966798782348633
43,13.823307991027832,-8.020846366882324,0.6744489669799805,-1.0665740966796875,13.811552047729492,-8.762593269348145,0.9152803421020508,-1.269726276397705,13.593490600585938,-8.874547004699707,0.3533811569213867,-1.1643648147583008,12.463644981384277,-10.289031982421875,1.2266778945922852,-1.2936134338378906,12.267797470092773,-10.117864608764648,-0.16842937469482422,-1.1344661712646484,9.875018119812012,-8.921623229980469,0.8808279037475586,-0.6255617141723633,9.919031143188477,-7.9225921630859375,0.4260520935058594,-0.4932546615600586,9.605661392211914,-5.575473308563232,1.0057544708251953,-0.33290767669677734,10.262765884399414,-2.2658236026763916,1.1327924728393555,-0.16967487335205078,13.846439361572266,-3.310561180114746,1.0553102493286133,-0.13056540489196777,14.275226593017578,-2.0030038356781006,1.051356315612793,-0.4051271677017212,0.21643206477165222,-0.03047596476972103,0.11986100673675537,-0.055057331919670105,-0.21643021702766418,0.03047596476972103,-0.11985915899276733,0.055055536329746246,0.7394635677337646,5.339826583862305,2.211215019226074,0.119903564453125,0.414752334356308,6.312751770019531,2.7175426483154297,0.32521677017211914,-9.275534629821777,7.174503326416016,0.2560691833496094,-0.27674198150634766,-10.290129661560059,8.208198547363281,0.9073801040649414,0.1462268829345703
44,7.507540225982666,-4.194481372833252,-6.315767765045166,3.8263649940490723,7.692703723907471,-4.557121753692627,-6.1188483238220215,4.205471515655518,7.320609092712402,-4.649078845977783,-6.272881507873535,4.225468158721924,7.631756782531738,-5.100238800048828,-4.831888198852539,5.188793182373047,6.817145824432373,-5.060006141662598,-5.4506516456604,5.057858467102051,6.37128210067749,-4.212052822113037,-3.5037360191345215,4.709570407867432,5.545506000518799,-3.648054599761963,-4.373525142669678,4.274537563323975,7.141421318054199,-2.300006628036499,-2.464240074157715,3.2754666805267334,6.085704326629639,-0.31582945585250854,-4.177061557769775,1.9499940872192383,8.689287185668945,-1.550202488899231,-5.15715217590332,1.7603586912155151,8.307368278503418,-0.6928174495697021,-5.96785831451416,1.3101863861083984,0.3585249185562134,0.010397223755717278,0.14209285378456116,0.04087318852543831,-0.3585259020328522,-0.010397223755717278,-0.142095685005188,-0.04087318852543831,1.3109937906265259,3.1017210483551025,0.5715302228927612,-2.238105535507202,0.8497632145881653,3.495800495147705,0.4350108802318573,-2.816951274871826,-2.357682466506958,4.637091159820557,6.917852401733398,-2.537412166595459,-3.1602752208709717,4.922710418701172,7.129854202270508,-3.2854881286621094
45,6.480922222137451,-4.008005619049072,-1.0266180038452148,0.1864757537841797,6.4107465744018555,-4.4137163162231445,-1.2819571495056152,0.14340543746948242,6.417572021484375,-4.369691371917725,-0.9030370712280273,0.2793874740600586,5.5870866775512695,-5.070289611816406,-2.0446701049804688,0.029949188232421875,5.918667793273926,-4.733059883117676,-0.8984780311584473,0.3269462585449219,4.195206642150879,-4.224957466125488,-2.1760754585266113,-0.012904644012451172,4.835175514221191,-3.456556558609009,-0.7103304862976074,0.1914980411529541,4.417079448699951,-2.228689432144165,-2.724341869354248,0.07131719589233398,5.212203025817871,-0.4131019115447998,-0.8735013008117676,-0.09727245569229126,6.7830810546875,-1.4720298051834106,-1.9062061309814453,0.07817268371582031,7.319018840789795,-0.6507455706596375,-0.988349437713623,0.0420718789100647,-0.021652963012456894,-0.1328229159116745,-0.38017788529396057,-0.14322014153003693,0.021653829142451286,0.13282378017902374,0.3801797330379486,0.14322100579738617,2.7961745262145996,1.8639154434204102,1.4851807355880737,-1.2378056049346924,1.4591909646987915,2.5331428050994873,0.6094277501106262,-0.9626576900482178,0.19213354587554932,3.080186128616333,2.549816131591797,-1.5569050312042236,-2.9600040912628174,3.8651461601257324,0.2002711296081543,-1.0575642585754395
46,8.529078483581543,-6.608061790466309,2.048156261444092,-2.6000561714172363,8.856542587280273,-7.298580646514893,2.445796012878418,-2.884864330291748,8.027345657348633,-7.249479293823242,1.6097736358642578,-2.8797879219055176,8.568707466125488,-8.029077529907227,2.9816207885742188,-2.9587879180908203,6.894608020782471,-7.6885504722595215,0.9759402275085449,-2.9554905891418457,6.6220293045043945,-6.480714321136475,2.4268226623535156,-2.2557568550109863,6.126994609832764,-5.611840724945068,1.2918190956115723,-2.1552841663360596,7.7470479011535645,-3.5211477279663086,3.3299684524536133,-1.2924582958221436,7.6932783126831055,-1.229773998260498,2.4810752868652344,-0.8166720867156982,10.034051895141602,-2.9854226112365723,3.2509708404541016,-1.5133928060531616,10.460552215576172,-2.1780974864959717,3.141533374786377,-1.5273518562316895,0.22476434707641602,-0.09653443098068237,0.2464173138141632,0.036288484930992126,-0.22476312518119812,0.09653320908546448,-0.24641695618629456,-0.036290571093559265,2.69161057472229,1.4020973443984985,-0.10456395149230957,-0.4618180990219116,3.0985500812530518,2.037130832672119,1.6393591165542603,-0.49601197242736816,-2.458789825439453,3.160727024078369,-2.650923252105713,0.08054089546203613,-2.27030873298645,3.892308473587036,0.6896953582763672,0.02716231346130371
47,8.65851879119873,-5.83448600769043,0.1294403076171875,0.7735757827758789,8.572574615478516,-6.296030044555664,-0.2839679718017578,1.0025506019592285,8.356337547302246,-6.179328441619873,0.3289918899536133,1.0701508522033691,7.0949835777282715,-6.475742340087891,-1.4737238883972168,1.553335189819336,6.88324499130249,-5.993407726287842,-0.011363029479980469,1.6951427459716797,5.047710418701172,-4.827037811279297,-1.5743188858032227,1.6536765098571777,5.6761603355407715,-4.049188137054443,-0.4508342742919922,1.562652587890625,6.886965274810791,-2.508335828781128,-0.8600826263427734,1.0128118991851807,7.498417854309082,-0.9528287053108215,-0.19486045837402344,0.2769452929496765,9.779401779174805,-2.101674795150757,-0.2546501159667969,0.8837478160858154,10.631880760192871,-1.9058427810668945,0.17132854461669922,0.27225470542907715,-0.2021905779838562,-0.1387660801410675,-0.4269549250602722,-0.04223164916038513,0.2021905779838562,0.1387660801410675,0.4269537031650543,0.04223287105560303,2.6894731521606445,1.0106009244918823,-0.002137422561645508,-0.3914964199066162,4.162954330444336,1.678126573562622,1.0644042491912842,-0.35900425910949707,-1.4423449039459229,2.4586241245269775,1.0164449214935303,-0.7021028995513916,-0.16688300669193268,3.310584545135498,2.1034257411956787,-0.5817239284515381
48,11.738574981689453,-9.395349502563477,3.0800561904907227,-3.560863494873047,11.513566017150879,-9.867865562438965,2.9409914016723633,-3.571835517883301,11.0589599609375,-9.772780418395996,2.702622413635254,-3.593451976776123,9.605836868286133,-9.450504302978516,2.5108532905578613,-2.974761962890625,8.639252662658691,-8.831957817077637,1.7560076713562012,-2.838550090789795,7.2707719802856445,-6.608341217041016,2.2230615615844727,-1.7813034057617188,7.560314178466797,-5.6511759757995605,1.8841538429260254,-1.6019878387451172,10.30785846710205,-3.88061261177063,3.4208931922912598,-1.372276782989502,10.677742004394531,-1.7166683673858643,3.179324150085449,-0.7638396620750427,13.855997085571289,-3.2695202827453613,4.076595306396484,-1.1678454875946045,14.374309539794922,-3.2426350116729736,3.742428779602051,-1.336792230606079,-0.0189956184476614,-0.10602922737598419,0.18319496512413025,0.03273685276508331,0.01899413764476776,0.10602626949548721,-0.18319644033908844,-0.03273981064558029,3.727848768234253,1.954186201095581,1.0383756160736084,0.9435852766036987,4.484538555145264,2.7237014770507812,0.32158422470092773,1.0455749034881592,-3.001304864883423,3.7218992710113525,-1.5589599609375,1.263275146484375,-3.4166088104248047,4.696465492248535,-3.249725818634033,1.385880947113037
49,5.052600383758545,-5.0925188064575195,-6.685974597930908,4.302830696105957,4.867405891418457,-5.298632621765137,-6.646160125732422,4.569232940673828,4.7166595458984375,-5.232356071472168,-6.3423004150390625,4.540424346923828,3.749478816986084,-5.050388813018799,-5.856358051300049,4.400115489959717,3.6603801250457764,-4.638226509094238,-4.978872299194336,4.193731307983398,2.5489389896392822,-3.50768780708313,-4.721833229064941,3.1006534099578857,3.4425649642944336,-3.058875322341919,-4.117749214172363,2.5923006534576416,3.6758830547332764,-2.008767604827881,-6.631975173950195,1.871845006942749,4.614800930023193,-1.193380355834961,-6.062941074371338,0.5232880115509033,5.599708080291748,-1.6794947385787964,-8.256288528442383,1.590025544166565,6.415865421295166,-1.5903974771499634,-7.958444118499756,1.6522375345230103,-0.26864489912986755,-0.07238034904003143,-0.2496492862701416,0.03364887833595276,0.26864489912986755,0.07238034904003143,0.2496507614850998,-0.03364592045545578,1.3916534185409546,0.6363362073898315,-2.336195468902588,-1.3178499937057495,2.2119710445404053,0.9874629974365234,-2.2725675106048584,-1.7362384796142578,-1.1174272298812866,1.2703710794448853,1.8838776350021362,-2.4515280723571777,-1.1922756433486938,1.8714828491210938,2.2243332862854004,-2.8249826431274414
50,4.816418647766113,-6.0713210105896,-0.23618173599243164,-0.9788022041320801,4.631683349609375,-6.289826393127441,-0.23572254180908203,-0.9911937713623047,4.439971446990967,-6.260743618011475,-0.2766880989074707,-1.0283875465393066,3.507114887237549,-5.981916904449463,-0.24236392974853516,-0.9315280914306641,3.309102773666382,-5.675129413604736,-0.35127735137939453,-1.036902904510498,2.281283378601074,-4.238312244415283,-0.267655611038208,-0.7306244373321533,3.194265842437744,-3.830313205718994,-0.24829912185668945,-0.7714378833770752,3.101130723953247,-2.444610357284546,-0.5747523307800293,-0.43584275245666504,4.596629619598389,-1.6332051753997803,-0.018171310424804688,-0.43982481956481934,5.064088344573975,-2.065857410430908,-0.5356197357177734,-0.3863626718521118,6.529082298278809,-2.1073575019836426,0.11321687698364258,-0.5169600248336792,-0.2682792842388153,-0.08414547145366669,0.0003656148910522461,-0.011765122413635254,0.2682792842388153,0.08414389938116074,-0.0003656148910522461,0.011763550341129303,1.876592993736267,0.6847274303436279,0.4849395751953125,0.04839122295379639,2.718027353286743,1.0798674821853638,0.5060563087463379,0.09240448474884033,-1.7189167737960815,1.614335060119629,-0.6014895439147949,0.34396398067474365,-1.681125283241272,2.185436964035034,-0.4888496398925781,0.31395411491394043
51,3.6046626567840576,-5.556021690368652,-1.2117559909820557,0.5152993202209473,3.4059863090515137,-5.77187442779541,-1.2256970405578613,0.5179519653320312,3.2608585357666016,-5.744962692260742,-1.1791129112243652,0.5157809257507324,2.4260246753692627,-5.504074573516846,-1.0810902118682861,0.4778423309326172,2.288888454437256,-5.242353916168213,-1.020214319229126,0.43277549743652344,1.4747287034988403,-3.7154934406280518,-0.8065546751022339,0.5228188037872314,2.3942983150482178,-3.322566509246826,-0.7999675273895264,0.507746696472168,2.113835573196411,-2.0797224044799805,-0.9872951507568359,0.36488795280456543,3.7211122512817383,-1.2385133504867554,-0.8755173683166504,0.3946918249130249,3.9887399673461914,-1.8267507553100586,-1.0753483772277832,0.2391066551208496,5.4317626953125,-1.6361511945724487,-1.0973196029663086,0.47120630741119385,-0.27232033014297485,-0.09671403467655182,-0.004041045904159546,-0.012568563222885132,0.27231964468955994,0.09671540558338165,0.004040360450744629,0.012571506202220917,1.727474331855774,1.0427958965301514,-0.14911866188049316,0.35806846618652344,2.510080575942993,1.4527418613433838,-0.20794677734375,0.37287437915802,-1.7312902212142944,1.6186107397079468,-0.01237344741821289,0.004275679588317871,-1.7292702198028564,2.1848926544189453,-0.04814493656158447,-0.0005443096160888672
52,3.643767833709717,-6.966752529144287,0.03910517692565918,-1.4107308387756348,3.3444011211395264,-7.183348178863525,-0.061585187911987305,-1.4114737510681152,3.2454802989959717,-7.157090187072754,-0.015378236770629883,-1.4121274948120117,2.1681416034698486,-6.756847381591797,-0.25788307189941406,-1.2527728080749512,2.180495023727417,-6.465889930725098,-0.10839343070983887,-1.2235360145568848,1.4078823328018188,-4.543881893157959,-0.06684637069702148,-0.8283884525299072,2.300659418106079,-4.093383312225342,-0.09363889694213867,-0.7708168029785156,2.4659500122070312,-2.7200937271118164,0.3521144390106201,-0.6403713226318359,3.6405625343322754,-1.6725693941116333,-0.08054971694946289,-0.43405604362487793,4.599021911621094,-2.072615146636963,0.6102819442749023,-0.2458643913269043,5.7517523765563965,-1.8044960498809814,0.3199896812438965,-0.16834485530853271,-0.2462780773639679,-0.1180017963051796,0.026042252779006958,-0.021287761628627777,0.24627730250358582,0.1180017963051796,-0.02604234218597412,0.021286390721797943,1.955947756767273,1.7296875715255737,0.22847342491149902,0.6868916749954224,2.569840908050537,2.2273590564727783,0.059760332107543945,0.7746171951293945,-1.7660105228424072,2.173255443572998,-0.03472030162811279,0.5546447038650513,-2.3760716915130615,2.833280324935913,-0.6468014717102051,0.6483876705169678
53,2.7265172004699707,-5.461859226226807,-0.9172506332397461,1.5048933029174805,2.473249673843384,-5.6528000831604,-0.8711514472961426,1.530548095703125,2.4043054580688477,-5.601717948913574,-0.841174840927124,1.5553722381591797,1.5324095487594604,-5.380564212799072,-0.6357320547103882,1.3762831687927246,1.572333574295044,-5.06734037399292,-0.608161449432373,1.3985495567321777,0.8869798183441162,-3.687864065170288,-0.5209025144577026,0.8560178279876709,1.7766166925430298,-3.2311954498291016,-0.5240427255630493,0.8621878623962402,1.6869306564331055,-2.3742332458496094,-0.7790193557739258,0.34586048126220703,2.6843180656433105,-1.466920018196106,-0.9562444686889648,0.20564937591552734,3.443359851837158,-1.799926519393921,-1.1556620597839355,0.272688627243042,4.0145745277404785,-1.4021472930908203,-1.737177848815918,0.40234875679016113,-0.2943180799484253,-0.11308325082063675,-0.0480400025844574,0.004918545484542847,0.2943180799484253,0.1130826324224472,0.04804077744483948,-0.004919163882732391,1.3046703338623047,1.190808653831482,-0.6512774229049683,-0.5388789176940918,2.157093048095703,1.626142144203186,-0.412747859954834,-0.6012169122695923,-1.4224658012390137,1.8768140077590942,0.34354472160339355,-0.2964414358139038,-1.3489090204238892,2.49642276763916,1.0271626710891724,-0.33685755729675293
54,2.3451552391052246,-4.826128959655762,-0.3813619613647461,0.6357302665710449,2.1431331634521484,-5.021963596343994,-0.33011651039123535,0.6308364868164062,2.0847856998443604,-4.971013069152832,-0.3195197582244873,0.6307048797607422,1.2391184568405151,-4.851579189300537,-0.2932910919189453,0.5289850234985352,1.3226025104522705,-4.575893878936768,-0.24973106384277344,0.49144649505615234,0.6053305864334106,-3.3402390480041504,-0.28164923191070557,0.3476250171661377,1.4884672164916992,-2.8711230754852295,-0.28814947605133057,0.36007237434387207,1.2744104862213135,-2.175562858581543,-0.412520170211792,0.1986703872680664,2.5098679065704346,-1.2024866342544556,-0.17445015907287598,0.2644333839416504,2.8666515350341797,-1.5492889881134033,-0.5767083168029785,0.2506375312805176,3.7466771602630615,-1.0651841163635254,-0.267897367477417,0.3369631767272949,-0.25605759024620056,-0.10917633026838303,0.03826048970222473,0.003906920552253723,0.2560570538043976,0.10917633026838303,-0.03826102614402771,-0.0039063021540641785,0.9326854944229126,1.549006700515747,-0.3719848394393921,0.35819804668426514,1.3819729089736938,1.946009874343872,-0.7751201391220093,0.31986773014068604,-1.2886042594909668,1.8415863513946533,0.13386154174804688,-0.03522765636444092,-1.663016676902771,2.32953143119812,-0.31410765647888184,-0.16689133644104004
55,2.770557403564453,-5.7186055183410645,0.4254021644592285,-0.8924765586853027,2.554142713546753,-5.999119281768799,0.4110095500946045,-0.9771556854248047,2.4211652278900146,-5.894026279449463,0.3363795280456543,-0.9230132102966309,1.5787063837051392,-5.863703727722168,0.339587926864624,-1.0121245384216309,1.4709398746490479,-5.445959091186523,0.14833736419677734,-0.8700652122497559,0.883287787437439,-4.1446733474731445,0.2779572010040283,-0.8044342994689941,1.692476749420166,-3.5571248531341553,0.2040095329284668,-0.6860017776489258,1.7683007717132568,-2.738185405731201,0.49389028549194336,-0.5626225471496582,2.6937599182128906,-1.7094935178756714,0.18389201164245605,-0.5070068836212158,3.494844436645508,-1.8585642576217651,0.6281929016113281,-0.3092752695083618,4.242196083068848,-1.5341812372207642,0.49551892280578613,-0.46899712085723877,-0.2683875262737274,-0.1290036141872406,-0.012329936027526855,-0.019827283918857574,0.2683868706226349,0.12900295853614807,0.012329816818237305,0.019826628267765045,0.699587881565094,1.4215972423553467,-0.2330976128578186,-0.1274094581604004,1.4674667119979858,1.9204455614089966,0.08549380302429199,-0.02556431293487549,-1.6937214136123657,1.9695371389389038,-0.4051171541213989,0.1279507875442505,-1.543117642402649,2.692587375640869,0.11989903450012207,0.363055944442749
56,2.7270328998565674,-5.048306465148926,-0.04352450370788574,0.6702990531921387,2.520599126815796,-5.256887435913086,-0.03354358673095703,0.7422318458557129,2.495404005050659,-5.228602409362793,0.07423877716064453,0.6654238700866699,1.532489538192749,-5.122278213500977,-0.04621684551239014,0.7414255142211914,1.6963073015213013,-4.90765905380249,0.22536742687225342,0.5383000373840332,0.7988875508308411,-3.599480390548706,-0.0844002366065979,0.5451929569244385,1.7310746908187866,-3.2375035285949707,0.038597941398620605,0.31962132453918457,1.5955947637557983,-2.2188544273376465,-0.1727060079574585,0.5193309783935547,2.7347323894500732,-1.4974703788757324,0.04097247123718262,0.21202313899993896,3.5744776725769043,-1.4648481607437134,0.07963323593139648,0.39371609687805176,4.067376613616943,-1.3129371404647827,-0.1748194694519043,0.22124409675598145,-0.3056536614894867,-0.08901659399271011,-0.03726613521575928,0.03998702019453049,0.30565425753593445,0.08901659399271011,0.03726738691329956,-0.03998636454343796,0.8106673359870911,1.1895229816436768,0.11107945442199707,-0.23207426071166992,1.7263213396072388,1.5508285760879517,0.25885462760925293,-0.3696169853210449,-1.6811598539352417,1.6950209140777588,0.012561559677124023,-0.274516224861145,-1.271536946296692,2.1622862815856934,0.27158069610595703,-0.5303010940551758
57,3.247490644454956,-5.186251163482666,0.5204577445983887,-0.13794469833374023,3.039411783218384,-5.422785758972168,0.5188126564025879,-0.16589832305908203,3.000558853149414,-5.3739752769470215,0.5051548480987549,-0.14537286758422852,1.9597738981246948,-5.309943675994873,0.4272843599319458,-0.18766546249389648,2.1142256259918213,-5.0306596755981445,0.41791832447052,-0.1230006217956543,1.1084131002426147,-3.719072103500366,0.3095255494117737,-0.11959171295166016,1.9966073036193848,-3.259603977203369,0.26553261280059814,-0.022100448608398438,1.7997597455978394,-2.1571013927459717,0.20416498184204102,0.061753034591674805,2.7640702724456787,-1.2552522420883179,0.02933788299560547,0.24221813678741455,3.7020041942596436,-1.4133847951889038,0.12752652168273926,0.05146336555480957,4.369917869567871,-1.1955907344818115,0.30254125595092773,0.11734640598297119,-0.2874837815761566,-0.1043451651930809,0.018169879913330078,-0.015328571200370789,0.2874837815761566,0.1043451651930809,-0.018170475959777832,0.015328571200370789,0.7421234846115112,1.5187700986862183,-0.06854385137557983,0.3292471170425415,1.6596534252166748,1.9431359767913818,-0.06666791439056396,0.3923074007034302,-1.9222122430801392,1.8767688274383545,-0.24105238914489746,0.1817479133605957,-1.6135406494140625,2.4246675968170166,-0.3420037031173706,0.26238131523132324
58,2.9861671924591064,-3.99320125579834,-0.2613234519958496,1.1930499076843262,2.83190655708313,-4.220530033111572,-0.2075052261352539,1.2022557258605957,2.818333625793457,-4.177750110626221,-0.18222522735595703,1.1962251663208008,1.928333044052124,-4.23297643661499,-0.0314408540725708,1.0769672393798828,2.1080422401428223,-4.011273384094238,-0.0061833858489990234,1.0193862915039062,1.0534108877182007,-3.046247720718384,-0.05500221252441406,0.6728243827819824,2.000243663787842,-2.7245213985443115,0.0036363601684570312,0.5350825786590576,1.610852599143982,-1.69854736328125,-0.18890714645385742,0.4585540294647217,2.3133208751678467,-1.0981454849243164,-0.45074939727783203,0.15710675716400146,3.276244878768921,-1.1561825275421143,-0.42575931549072266,0.25720226764678955,3.5898854732513428,-1.060091257095337,-0.7800323963165283,0.1354994773864746,-0.31560176610946655,-0.062122587114572525,-0.028117984533309937,0.04222257807850838,0.31560125946998596,0.062122587114572525,0.028117477893829346,-0.04222257807850838,0.3313519060611725,1.210623025894165,-0.41077157855033875,-0.3081470727920532,1.2524423599243164,1.4892207384109497,-0.4072110652923584,-0.45391523838043213,-1.6883454322814941,1.7104753255844116,0.23386681079864502,-0.16629350185394287,-1.4666165113449097,2.135607957839966,0.14692413806915283,-0.2890596389770508
59,3.535550117492676,-3.8090834617614746,0.5493829250335693,0.18411779403686523,3.432142496109009,-4.056819438934326,0.6002359390258789,0.1637105941772461,3.4320428371429443,-4.009918212890625,0.6137092113494873,0.1678318977355957,2.4927501678466797,-4.219589710235596,0.5644171237945557,0.013386726379394531,2.7588493824005127,-3.976269245147705,0.6508071422576904,0.0350041389465332,1.4418015480041504,-3.2154641151428223,0.3883906602859497,-0.16921639442443848,2.2906908988952637,-2.6868934631347656,0.2904472351074219,0.0376279354095459,1.7862961292266846,-1.7935960292816162,0.17544353008270264,-0.09504866600036621,2.5084283351898193,-0.7669233083724976,0.19510746002197266,0.33122217655181885,3.385103464126587,-1.2700960636138916,0.10885858535766602,-0.11391353607177734,3.789428949356079,-1.0483121871948242,0.19954347610473633,0.011779069900512695,-0.2809551954269409,-0.10186920315027237,0.034646570682525635,-0.039746616035699844,0.2809557020664215,0.10186920315027237,-0.03464555740356445,0.039746616035699844,0.2549826204776764,1.1251498460769653,-0.0763692855834961,-0.08547317981719971,1.1773951053619385,1.5136667490005493,-0.07504725456237793,0.02444601058959961,-1.853287935256958,1.5470452308654785,-0.16494250297546387,-0.1634300947189331,-1.2653383016586304,1.9317851066589355,0.2012782096862793,-0.20382285118103027
60,4.808004856109619,-4.094722747802734,1.2724547386169434,-0.28563928604125977,4.787084102630615,-4.512275695800781,1.3549416065216064,-0.4554562568664551,4.536490440368652,-4.399640083312988,1.104447603225708,-0.3897218704223633,3.9239773750305176,-4.943408489227295,1.431227207183838,-0.7238187789916992,3.5237672328948975,-4.4927544593811035,0.7649178504943848,-0.5164852142333984,2.4474332332611084,-3.9060280323028564,1.005631685256958,-0.6905639171600342,3.1230523586273193,-3.1687769889831543,0.8323614597320557,-0.48188352584838867,2.8286328315734863,-2.096184253692627,1.0423367023468018,-0.30258822441101074,3.379016399383545,-0.8429899215698242,0.8705880641937256,-0.07606661319732666,4.818281650543213,-1.5576260089874268,1.433178186416626,-0.28752994537353516,5.094801902770996,-1.492266058921814,1.305372953414917,-0.44395387172698975,-0.21447159349918365,-0.10798323154449463,0.06648360192775726,-0.0061140283942222595,0.21447159349918365,0.10798323154449463,-0.06648410856723785,0.0061140283942222595,-0.14845192432403564,1.2125228643417358,-0.40343454480171204,0.08737301826477051,0.6695685982704163,1.7008839845657349,-0.5078265070915222,0.18721723556518555,-2.5865964889526367,1.858062505722046,-0.7333085536956787,0.3110172748565674,-2.2922098636627197,2.4835684299468994,-1.0268715620040894,0.5517833232879639
61,8.954716682434082,-5.797608852386475,4.146711826324463,-1.7028861045837402,9.051824569702148,-6.351829528808594,4.264740467071533,-1.8395538330078125,8.88525676727295,-6.38974142074585,4.348766326904297,-1.9901013374328613,8.943074226379395,-7.3278093338012695,5.019096851348877,-2.3844008445739746,8.837081909179688,-7.039062976837158,5.313314437866211,-2.5463085174560547,7.180044651031494,-5.989182949066162,4.732611656188965,-2.0831549167633057,7.728036880493164,-5.1526994705200195,4.604984283447266,-1.9839224815368652,6.72294807434082,-3.10846209526062,3.894315242767334,-1.0122778415679932,7.108424186706543,-0.8123423457145691,3.729407787322998,0.030647575855255127,8.728309631347656,-2.314513683319092,3.9100279808044434,-0.756887674331665,9.406617164611816,-1.6581461429595947,4.31181526184082,-0.16588008403778076,-0.0948319137096405,0.023481793701648712,0.11963967978954315,0.13146501779556274,0.0948319137096405,-0.023481793701648712,-0.11963967978954315,-0.13146501779556274,-0.8666624426841736,3.3483293056488037,-0.7182105183601379,2.1358065605163574,-0.19009827077388763,3.9114811420440674,-0.8596668839454651,2.210597038269043,-5.084725379943848,5.553816795349121,-2.498128890991211,3.695754289627075,-5.264359951019287,6.179354190826416,-2.9721500873565674,3.6957857608795166
62,43.05368423461914,-26.44549560546875,34.098968505859375,-20.647886276245117,43.88624954223633,-28.463115692138672,34.83442687988281,-22.111286163330078,43.60049819946289,-29.45927619934082,34.715240478515625,-23.069534301757812,44.522804260253906,-31.807109832763672,35.57973098754883,-24.47930145263672,44.84165954589844,-32.67013168334961,36.00457763671875,-25.63106918334961,36.606021881103516,-25.173057556152344,29.42597770690918,-19.183874130249023,37.25212478637695,-24.409805297851562,29.52408790588379,-19.25710678100586,35.86214828491211,-12.169402122497559,29.13920021057129,-9.06093978881836,34.64270782470703,-5.781546115875244,27.534282684326172,-4.969203948974609,44.67093276977539,-8.655162811279297,35.942623138427734,-6.340649127960205,45.33743667602539,-8.443328857421875,35.93082046508789,-6.785182952880859,0.2936968207359314,0.7745245695114136,0.3885287344455719,0.7510427832603455,-0.29369038343429565,-0.7745245695114136,-0.38852229714393616,-0.7510427832603455,-0.08078990876674652,15.552088737487793,0.7858725190162659,12.20375919342041,0.5525417923927307,16.015695571899414,0.7426400780677795,12.104214668273926,-22.452566146850586,24.58172607421875,-17.367839813232422,19.027908325195312,-24.510820388793945,24.123462677001953,-19.2464599609375,17.944108963012695
63,5.164119720458984,-2.2880659103393555,-37.889564514160156,24.157428741455078,4.997028350830078,-2.586491823196411,-38.88922119140625,25.876623153686523,5.17727518081665,-2.5447068214416504,-38.423221588134766,26.914569854736328,4.23652458190918,-3.3902971744537354,-40.286277770996094,28.416812896728516,4.880441665649414,-3.0201163291931152,-39.961219787597656,29.650014877319336,3.284996509552002,-3.0890326499938965,-33.32102584838867,22.08402442932129,3.863856554031372,-2.2736058235168457,-33.388267517089844,22.136199951171875,3.099703073501587,-1.6776901483535767,-32.76244354248047,10.491711616516113,3.4990041255950928,-0.1495942622423172,-31.14370346069336,5.631951808929443,4.913352012634277,-0.7052012085914612,-39.7575798034668,7.9499616622924805,5.150111198425293,-0.43207240104675293,-40.18732452392578,8.011256217956543,-0.1617058664560318,-0.12744581699371338,-0.455402672290802,-0.901970386505127,0.16170518100261688,0.1274464875459671,0.45539557933807373,0.9019710421562195,0.7246636152267456,1.6833664178848267,0.8054535388946533,-13.868721961975098,1.1612545251846313,2.3482582569122314,0.6087127327919006,-13.667437553405762,-2.036417007446289,2.515929698944092,20.416149139404297,-22.0657958984375,-1.7709698677062988,3.2495241165161133,22.739850997924805,-20.873939514160156
64,7.149302959442139,-4.664291858673096,1.9851832389831543,-2.3762259483337402,7.123974800109863,-5.2128400802612305,2.126946449279785,-2.6263482570648193,6.8690290451049805,-5.10850191116333,1.69175386428833,-2.5637950897216797,6.130847454071045,-6.038296222686768,1.8943228721618652,-2.6479990482330322,5.708178520202637,-5.559911251068115,0.8277368545532227,-2.539794921875,4.266943454742432,-4.949973106384277,0.9819469451904297,-1.8609404563903809,4.748988151550293,-4.073826313018799,0.8851315975189209,-1.8002204895019531,4.241752624511719,-2.4255354404449463,1.1420495510101318,-0.7478452920913696,4.572441101074219,-0.6710876226425171,1.073436975479126,-0.5214933753013611,6.845114707946777,-1.3980878591537476,1.9317626953125,-0.6928866505622864,7.174391269683838,-1.0145388841629028,2.024280071258545,-0.5824664831161499,-0.09679462015628815,-0.1410837024450302,0.06491124629974365,-0.013637885451316833,0.09679558128118515,0.1410837024450302,-0.06490959972143173,0.01363721489906311,1.4690572023391724,2.286357879638672,0.7443935871124268,0.6029914617538452,1.7508115768432617,3.0222342014312744,0.5895570516586304,0.673975944519043,-2.9816200733184814,3.0154993534088135,-0.9452030658721924,0.4995696544647217,-3.6586766242980957,3.991629123687744,-1.8877067565917969,0.7421050071716309
65,5.391205310821533,-4.72830057144165,-1.7580976486206055,-0.06400871276855469,5.371826648712158,-5.058654308319092,-1.752148151397705,0.15418577194213867,5.22260046005249,-5.044129848480225,-1.6464285850524902,0.06437206268310547,4.430116176605225,-5.314167499542236,-1.7007312774658203,0.7241287231445312,4.381972312927246,-5.0870537757873535,-1.3262062072753906,0.4728574752807617,2.8997740745544434,-4.264439582824707,-1.3671693801879883,0.6855335235595703,3.6766395568847656,-3.634773015975952,-1.0723485946655273,0.4390532970428467,3.184551477432251,-2.3150410652160645,-1.0572011470794678,0.11049437522888184,4.0606770515441895,-0.800190269947052,-0.5117640495300293,-0.1291026473045349,5.063943386077881,-1.6438908576965332,-1.7811713218688965,-0.24580299854278564,5.608908653259277,-1.0229370594024658,-1.5654826164245605,-0.008398175239562988,-0.14754724502563477,-0.11470728367567062,-0.05075262486934662,0.02637641876935959,0.14754724502563477,0.11470728367567062,0.050751663744449615,-0.02637641876935959,1.8198676109313965,0.9200060367584229,0.3508104085922241,-1.366351842880249,1.4933212995529175,1.381648063659668,-0.25749027729034424,-1.6405861377716064,-0.7720068693161011,2.1268742084503174,2.20961332321167,-0.8886251449584961,-2.435835599899292,2.5583019256591797,1.2228410243988037,-1.4333271980285645
66,4.767514228820801,-5.157619953155518,-0.6236910820007324,-0.4293193817138672,4.718523025512695,-5.449896812438965,-0.6533036231994629,-0.39124250411987305,4.5923027992248535,-5.451852798461914,-0.6302976608276367,-0.40772294998168945,3.6271204948425293,-5.454858303070068,-0.8029956817626953,-0.14069080352783203,3.7313170433044434,-5.335636138916016,-0.6506552696228027,-0.2485823631286621,2.145066738128662,-4.07997465133667,-0.7547073364257812,0.1844649314880371,3.0819485187530518,-3.730328321456909,-0.5946910381317139,-0.09555530548095703,3.0628366470336914,-1.9429165124893188,-0.12171483039855957,0.3721245527267456,3.5536751747131348,-1.0136799812316895,-0.5070018768310547,-0.21348971128463745,5.0846734046936035,-1.5210577249526978,0.020730018615722656,0.12283313274383545,5.473361015319824,-1.4819399118423462,-0.13554763793945312,-0.45900285243988037,-0.4578602612018585,-0.10397583246231079,-0.31031301617622375,0.010731451213359833,0.4578602612018585,0.10397583246231079,0.31031301617622375,-0.010731451213359833,1.1385139226913452,0.4658966362476349,-0.6813536882400513,-0.45410940051078796,4.3268890380859375,0.8201314806938171,2.8335676193237305,-0.5615165829658508,-2.3739726543426514,1.3960188627243042,-1.6019657850265503,-0.7308553457260132,1.6920104026794434,1.74168062210083,4.127845764160156,-0.8166213035583496
67,3.7202727794647217,-4.721508979797363,-1.047241449356079,0.4361109733581543,3.571049451828003,-4.958880424499512,-1.1474735736846924,0.4910163879394531,3.5272066593170166,-4.9221367835998535,-1.065096139907837,0.5297160148620605,2.556363105773926,-4.850647449493408,-1.0707573890686035,0.6042108535766602,2.8168482780456543,-4.61214542388916,-0.9144687652587891,0.7234907150268555,1.6658254861831665,-3.551126480102539,-0.4792412519454956,0.5288481712341309,2.53743839263916,-3.060931921005249,-0.5445101261138916,0.6693964004516602,2.595884323120117,-1.9802395105361938,-0.4669523239135742,-0.037322998046875,3.455156087875366,-0.9387453198432922,-0.09851908683776855,0.07493466138839722,4.393064975738525,-1.409488558769226,-0.6916084289550781,0.11156916618347168,5.10125732421875,-1.2944443225860596,-0.3721036911010742,0.18749558925628662,-0.33010703325271606,-0.11505990475416183,0.12775322794914246,-0.011084072291851044,0.3301064074039459,0.11505929380655289,-0.1277538537979126,0.011083461344242096,1.3589318990707397,0.3155878782272339,0.22041797637939453,-0.150308758020401,2.870697021484375,0.7653772830963135,-1.4561920166015625,-0.05475419759750366,-1.591620922088623,1.1335268020629883,0.7823517322540283,-0.2624920606613159,-0.08664491772651672,1.6362015008926392,-1.7786552906036377,-0.10547912120819092
68,2.2100417613983154,-3.1616647243499756,-1.5102310180664062,1.5598442554473877,2.1016392707824707,-3.301222562789917,-1.4694101810455322,1.6576578617095947,2.0388550758361816,-3.2752573490142822,-1.488351583480835,1.6468794345855713,1.3757009506225586,-3.216413736343384,-1.1806621551513672,1.6342337131500244,1.495064616203308,-3.022921562194824,-1.3217836618423462,1.589223861694336,0.5812773108482361,-2.3875529766082764,-1.0845482349395752,1.1635735034942627,1.5180670022964478,-2.0376603603363037,-1.0193713903427124,1.0232715606689453,1.3621315956115723,-1.4321060180664062,-1.233752727508545,0.5481334924697876,2.246462821960449,-0.8123139142990112,-1.208693265914917,0.126431405544281,2.51279878616333,-1.1516475677490234,-1.8802661895751953,0.25784099102020264,3.1800453662872314,-1.0344727039337158,-1.9212119579315186,0.25997161865234375,-0.42559152841567993,-0.09103231877088547,-0.09548449516296387,0.024027585983276367,0.42559152841567993,0.09103153645992279,0.09548512101173401,-0.024027757346630096,0.3152233362197876,-0.02055649645626545,-1.0437085628509521,-0.3361443877220154,2.723484516143799,0.22174857556819916,-0.14721250534057617,-0.5436286926269531,-1.2058030366897583,0.6742172241210938,0.38581788539886475,-0.45930957794189453,1.8244309425354004,0.9312438368797302,1.9110758304595947,-0.7049576640129089
69,2.2794437408447266,-3.498892307281494,0.06940197944641113,-0.33722758293151855,2.1385767459869385,-3.6444497108459473,0.03693747520446777,-0.3432271480560303,2.083557605743408,-3.6121115684509277,0.04470252990722656,-0.3368542194366455,1.4104464054107666,-3.5317306518554688,0.03474545478820801,-0.31531691551208496,1.4906967878341675,-3.3159265518188477,-0.004367828369140625,-0.29300498962402344,0.666230320930481,-2.6460280418395996,0.08495301008224487,-0.25847506523132324,1.5869723558425903,-2.2558560371398926,0.06890535354614258,-0.21819567680358887,1.3157334327697754,-1.6890361309051514,-0.046398162841796875,-0.2569301128387451,2.5597689151763916,-0.9833822250366211,0.3133060932159424,-0.17106831073760986,2.483539581298828,-1.4746031761169434,-0.029259204864501953,-0.3229556083679199,3.5299596786499023,-1.2746167182922363,0.3499143123626709,-0.2401440143585205,-0.3096123933792114,-0.09415031224489212,0.1159791350364685,-0.003117993474006653,0.309611976146698,0.09414943307638168,-0.11597955226898193,0.003117896616458893,0.9954025745391846,0.15356378257274628,0.680179238319397,0.17412027716636658,1.94149649143219,0.44602587819099426,-0.7819880247116089,0.2242773026227951,-0.5093220472335815,0.8880674242973328,0.6964809894561768,0.213850200176239,0.05438513308763504,1.2131091356277466,-1.7700457572937012,0.28186529874801636
70,2.186873197555542,-3.929595947265625,-0.09257054328918457,-0.43070363998413086,2.0184357166290283,-4.079305171966553,-0.12014102935791016,-0.43485546112060547,1.9723292589187622,-4.048730850219727,-0.111228346824646,-0.43661928176879883,1.2205103635787964,-3.9373512268066406,-0.18993604183197021,-0.4056205749511719,1.3204245567321777,-3.719790458679199,-0.17027223110198975,-0.40386390686035156,0.559840738773346,-2.8843541145324707,-0.10638958215713501,-0.2383260726928711,1.4686377048492432,-2.4671154022216797,-0.11833465099334717,-0.2112593650817871,1.321894645690918,-1.8663039207458496,0.006161212921142578,-0.17726778984069824,2.5166592597961426,-1.0494807958602905,-0.04310965538024902,-0.06609857082366943,2.6910996437072754,-1.5683091878890991,0.20756006240844727,-0.09370601177215576,3.755242109298706,-1.3966028690338135,0.2252824306488037,-0.12198615074157715,-0.2930266857147217,-0.09897905588150024,0.016585707664489746,-0.004828743636608124,0.2930266857147217,0.09898003190755844,-0.01658529043197632,0.004830598831176758,0.8905164003372192,0.5599303245544434,-0.10488617420196533,0.4063665270805359,1.756812334060669,0.8790805339813232,-0.184684157371521,0.433054655790329,-0.9548981189727783,1.0755794048309326,-0.4455760717391968,0.18751198053359985,-0.6115177273750305,1.3977185487747192,-0.665902853012085,0.18460941314697266
71,1.8343496322631836,-3.696232557296753,-0.3525235652923584,0.23336338996887207,1.6707139015197754,-3.839531183242798,-0.34772181510925293,0.23977398872375488,1.6364290714263916,-3.81646728515625,-0.3359001874923706,0.23226356506347656,0.8993822336196899,-3.719329595565796,-0.32112812995910645,0.21802163124084473,0.9932524561882019,-3.522144079208374,-0.32717210054397583,0.1976463794708252,0.26697924733161926,-2.72552752494812,-0.2928614914417267,0.15882658958435059,1.1624276638031006,-2.280362367630005,-0.3062100410461426,0.1867530345916748,0.8535553812980652,-1.8207814693450928,-0.4683392643928528,0.045522451400756836,2.142285108566284,-0.9313092827796936,-0.3743741512298584,0.11817151308059692,2.0938899517059326,-1.6087889671325684,-0.5972096920013428,-0.04047977924346924,3.279130220413208,-1.2474240064620972,-0.47611188888549805,0.1491788625717163,-0.28206077218055725,-0.1062430590391159,0.010965913534164429,-0.007264003157615662,0.28206124901771545,0.1062430590391159,-0.010965436697006226,0.007263027131557465,0.7398898601531982,0.7589653730392456,-0.150626540184021,0.19903504848480225,1.506104588508606,1.071583867073059,-0.250707745552063,0.19250333309173584,-0.9167311191558838,1.1954151391983032,0.03816699981689453,0.1198357343673706,-0.6754642724990845,1.477099895477295,-0.06394654512405396,0.07938134670257568
72,1.8078868389129639,-3.8195886611938477,-0.026462793350219727,-0.12335610389709473,1.6283046007156372,-3.959071397781372,-0.042409300804138184,-0.11954021453857422,1.6146444082260132,-3.9432270526885986,-0.021784663200378418,-0.12675976753234863,0.8338479399681091,-3.819169282913208,-0.06553429365158081,-0.09983968734741211,0.9868812561035156,-3.6372196674346924,-0.006371200084686279,-0.11507558822631836,0.23284807801246643,-2.773836135864258,-0.03413116931915283,-0.048308610916137695,1.142688512802124,-2.3588781356811523,-0.019739151000976562,-0.07851576805114746,0.783230185508728,-1.831479549407959,-0.07032519578933716,-0.010698080062866211,2.0904202461242676,-0.9981778264045715,-0.0518648624420166,-0.06686854362487793,2.040574550628662,-1.7050837278366089,-0.05331540107727051,-0.09629476070404053,3.307741641998291,-1.3635963201522827,0.028611421585083008,-0.11617231369018555,-0.28715378046035767,-0.10456756502389908,-0.005093008279800415,0.0016754940152168274,0.28715378046035767,0.10456661880016327,0.005092531442642212,-0.0016764402389526367,0.8029120564460754,0.7264837026596069,0.0630221962928772,-0.03248167037963867,1.5847262144088745,1.0389586687088013,0.07862162590026855,-0.03262519836425781,-0.9409105181694031,1.1904902458190918,-0.024179399013519287,-0.004924893379211426,-0.6945032477378845,1.488405704498291,-0.01903897523880005,0.011305809020996094
73,1.95781672000885,-4.080180644989014,0.14992988109588623,-0.260591983795166,1.7625703811645508,-4.236900806427002,0.13426578044891357,-0.2778294086456299,1.7511159181594849,-4.221565246582031,0.13647150993347168,-0.2783381938934326,0.9177987575531006,-4.096815586090088,0.08395081758499146,-0.2776463031768799,1.0592252016067505,-3.9161269664764404,0.07234394550323486,-0.27890729904174805,0.26964277029037476,-2.9009485244750977,0.036794692277908325,-0.12711238861083984,1.1939442157745361,-2.519285202026367,0.05125570297241211,-0.16040706634521484,0.875609278678894,-1.8511595726013184,0.09237909317016602,-0.019680023193359375,2.113957166671753,-1.0796979665756226,0.02353692054748535,-0.08152014017105103,2.2800960540771484,-1.7579656839370728,0.23952150344848633,-0.05288195610046387,3.4427995681762695,-1.435543179512024,0.13505792617797852,-0.07194685935974121,-0.2888438105583191,-0.10129938274621964,-0.0016900300979614258,0.0032681822776794434,0.2888443171977997,0.10129835456609726,0.0016905367374420166,-0.0032682642340660095,0.8613229990005493,0.9465078711509705,0.05841094255447388,0.22002416849136353,1.6345491409301758,1.2555780410766602,0.04982292652130127,0.2166193723678589,-0.9388518333435059,1.3659943342208862,0.002058684825897217,0.17550408840179443,-0.82384192943573,1.6913175582885742,-0.12933868169784546,0.2029118537902832
74,1.87527596950531,-3.6582329273223877,-0.08254075050354004,0.421947717666626,1.6979888677597046,-3.8032593727111816,-0.06458151340484619,0.4336414337158203,1.7069218158721924,-3.7930893898010254,-0.04419410228729248,0.42847585678100586,0.8916940093040466,-3.695965051651001,-0.026104748249053955,0.4008505344390869,1.0841412544250488,-3.5397071838378906,0.02491605281829834,0.3764197826385498,0.25120118260383606,-2.643843650817871,-0.018441587686538696,0.25710487365722656,1.1765196323394775,-2.264652967453003,-0.017424583435058594,0.25463223457336426,0.83291095495224,-1.6747418642044067,-0.04269832372665405,0.17641770839691162,1.9494653940200806,-0.9143655896186829,-0.16449177265167236,0.1653323769569397,2.076286554336548,-1.5084515810012817,-0.20380949974060059,0.24951410293579102,3.1429266929626465,-1.2846217155456543,-0.29987287521362305,0.15092146396636963,-0.30093100666999817,-0.09689745306968689,-0.012087196111679077,0.004401929676532745,0.30093100666999817,0.09689699113368988,0.012086689472198486,-0.004401363432407379,0.7097132802009583,0.7589654326438904,-0.15160971879959106,-0.18754243850708008,1.5962151288986206,1.0447938442230225,-0.038334012031555176,-0.2107841968536377,-0.9642821550369263,1.1541786193847656,-0.02543032169342041,-0.2118157148361206,-0.6196932196617126,1.4030767679214478,0.20414870977401733,-0.28824079036712646
75,1.97517728805542,-3.5134196281433105,0.09990131855010986,0.14481329917907715,1.816361665725708,-3.6791229248046875,0.11837279796600342,0.12413644790649414,1.8163625001907349,-3.6471426486968994,0.10944068431854248,0.14594674110412598,1.017742395401001,-3.6269936561584473,0.12604838609695435,0.06897139549255371,1.207126259803772,-3.4318058490753174,0.12298500537872314,0.10790133476257324,0.34244805574417114,-2.630060911178589,0.09124687314033508,0.013782739639282227,1.2533478736877441,-2.217433452606201,0.0768282413482666,0.04721951484680176,0.9096519351005554,-1.5644912719726562,0.07674098014831543,0.11025059223175049,1.880843997001648,-0.8126099109649658,-0.06862139701843262,0.10175567865371704,2.1324338912963867,-1.246729850769043,0.05614733695983887,0.26172173023223877,3.0075154304504395,-1.1708985567092896,-0.13541126251220703,0.11372315883636475,-0.31072717905044556,-0.09930369257926941,-0.009796172380447388,-0.0024062395095825195,0.31072762608528137,0.0993032455444336,0.009796619415283203,0.0024062544107437134,0.5503999590873718,0.7796903252601624,-0.15931332111358643,0.020724892616271973,1.555009126663208,1.082349419593811,-0.0412060022354126,0.037555575370788574,-1.133262038230896,1.1478331089019775,-0.16897988319396973,-0.006345510482788086,-0.5798230171203613,1.4190610647201538,0.03987020254135132,0.015984296798706055
76,2.4183008670806885,-3.7989068031311035,0.44312357902526855,-0.28548717498779297,2.264549970626831,-4.006564617156982,0.44818830490112305,-0.3274416923522949,2.2714693546295166,-3.9580812454223633,0.45510685443878174,-0.31093859672546387,1.4231292009353638,-3.997046709060669,0.4053868055343628,-0.3700530529022217,1.6641074419021606,-3.776366710662842,0.45698118209838867,-0.3445608615875244,0.7072191834449768,-2.9293224811553955,0.36477112770080566,-0.29926156997680664,1.5972179174423218,-2.4733595848083496,0.34387004375457764,-0.25592613220214844,1.4007127285003662,-1.7375749349594116,0.4910607933998108,-0.17308366298675537,2.0275609493255615,-0.8395783305168152,0.14671695232391357,-0.026968419551849365,2.8431801795959473,-1.3821429014205933,0.7107462882995605,-0.1354130506515503,3.3473384380340576,-1.2803754806518555,0.33982300758361816,-0.10947692394256592,-0.29636770486831665,-0.10636310279369354,0.014359474182128906,-0.007059410214424133,0.29636722803115845,0.10636357963085175,-0.014360398054122925,0.007060334086418152,0.7381682991981506,0.9154173731803894,0.1877683401107788,0.13572704792022705,1.6362035274505615,1.2750978469848633,0.08119440078735352,0.19274842739105225,-1.2755684852600098,1.2471843957901,-0.14230644702911377,0.09935128688812256,-1.03329336643219,1.5946886539459229,-0.4534703493118286,0.17562758922576904
77,2.957256555557251,-3.9904468059539795,0.5389556884765625,-0.19154000282287598,2.829714775085449,-4.222194671630859,0.5651648044586182,-0.21563005447387695,2.84114933013916,-4.178526878356934,0.5696799755096436,-0.2204456329345703,1.9447940587997437,-4.269377708435059,0.5216648578643799,-0.27233099937438965,2.2488229274749756,-4.07147216796875,0.5847154855728149,-0.2951054573059082,1.083990454673767,-3.2444097995758057,0.3767712712287903,-0.31508731842041016,1.9847739934921265,-2.8101413249969482,0.3875560760498047,-0.33678174018859863,1.7719444036483765,-1.872157335281372,0.37123167514801025,-0.13458240032196045,2.194535732269287,-0.9530025124549866,0.16697478294372559,-0.11342418193817139,3.4348127841949463,-1.4281350374221802,0.591632604598999,-0.045992136001586914,3.7058427333831787,-1.3620461225509644,0.3585042953491211,-0.08167064189910889,-0.30852919816970825,-0.10468808561563492,-0.012161493301391602,0.0016750171780586243,0.30852919816970825,0.10468912869691849,0.012161970138549805,-0.001674450933933258,0.8474598526954651,0.9245343208312988,0.10929155349731445,0.009116947650909424,1.8920921087265015,1.2966639995574951,0.25588858127593994,0.021566152572631836,-1.5187280178070068,1.35329008102417,-0.24315953254699707,0.10610568523406982,-1.0719783306121826,1.7137113809585571,-0.038684964179992676,0.11902272701263428
78,3.172794818878174,-3.7511098384857178,0.21553826332092285,0.23933696746826172,3.096122980117798,-4.039817810058594,0.26640820503234863,0.18237686157226562,3.021801471710205,-3.9448070526123047,0.18065214157104492,0.2337198257446289,2.397308349609375,-4.243323802947998,0.45251429080963135,0.026053905487060547,2.5488998889923096,-3.8998618125915527,0.300076961517334,0.17161035537719727,1.5179961919784546,-3.176619052886963,0.4340057373046875,0.06779074668884277,2.3434410095214844,-2.612136125564575,0.3586670160293579,0.19800519943237305,1.7091166973114014,-1.6474112272262573,-0.0628277063369751,0.22474610805511475,2.3945376873016357,-0.6073446273803711,0.20000195503234863,0.3456578850746155,3.1599836349487305,-1.2385997772216797,-0.2748291492462158,0.1895352602005005,3.530282497406006,-1.0378273725509644,-0.17556023597717285,0.32421875,-0.2916424870491028,-0.1206543892621994,0.01688671112060547,-0.015966303646564484,0.2916419506072998,0.1206543892621994,-0.016887247562408447,0.015965260565280914,0.7330380082130432,1.1922118663787842,-0.11442184448242188,0.26767754554748535,1.8044352531433105,1.6774916648864746,-0.08765685558319092,0.3808276653289795,-1.7336105108261108,1.5168431997299194,-0.214882493019104,0.1635531187057495,-1.0402352809906006,2.137394428253174,0.03174304962158203,0.4236830472946167
79,6.828318119049072,-6.538730144500732,3.6555233001708984,-2.7876203060150146,6.948696136474609,-7.158406734466553,3.8525731563568115,-3.118588924407959,6.310962677001953,-7.031007289886475,3.289161205291748,-3.08620023727417,6.565944194793701,-7.756380081176758,4.168635845184326,-3.5130562782287598,5.099489212036133,-7.309440612792969,2.5505893230438232,-3.409578800201416,5.073985576629639,-6.132882118225098,3.5559892654418945,-2.9562630653381348,4.393332004547119,-5.4002766609191895,2.0498909950256348,-2.7881405353546143,6.404754161834717,-3.1746904850006104,4.6956377029418945,-1.527279257774353,4.232630729675293,-1.459281086921692,1.8380930423736572,-0.8519364595413208,7.752712249755859,-1.9894500970840454,4.592728614807129,-0.7508503198623657,7.625176906585693,-2.0919387340545654,4.0948944091796875,-1.054111361503601,0.19186784327030182,-0.0663769543170929,0.4835103154182434,0.054277434945106506,-0.19186674058437347,0.0663769543170929,-0.4835087060928345,-0.054277434945106506,0.6187594532966614,3.1181869506835938,-0.11427855491638184,1.9259750843048096,1.7587406635284424,3.6211581230163574,-0.045694589614868164,1.9436664581298828,-3.62430477142334,4.25240421295166,-1.890694260597229,2.735560894012451,-3.193397045135498,4.898862361907959,-2.1531617641448975,2.761467933654785
80,15.272939682006836,-12.166101455688477,8.444622039794922,-5.627371311187744,15.722490310668945,-13.198912620544434,8.773794174194336,-6.040505886077881,14.746068954467773,-13.538092613220215,8.43510627746582,-6.50708532333374,15.984214782714844,-14.920571327209473,9.418270111083984,-7.164191246032715,13.868913650512695,-15.091714859008789,8.769424438476562,-7.78227424621582,12.905957221984863,-12.490083694458008,7.831971645355225,-6.35720157623291,11.947898864746094,-12.203508377075195,7.554566860198975,-6.803231716156006,11.406848907470703,-5.391376972198486,5.002094745635986,-2.216686487197876,10.554794311523438,-3.0373809337615967,6.3221635818481445,-1.5780998468399048,13.107033729553223,-3.720262289047241,5.354321479797363,-1.7308121919631958,16.90104866027832,-3.1682982444763184,9.275871276855469,-1.076359510421753,0.46177762746810913,0.22606807947158813,0.2699097990989685,0.29244503378868103,-0.461775004863739,-0.22606807947158813,-0.26990824937820435,-0.29244503378868103,0.4459182918071747,6.892950534820557,-0.1728411614894867,3.774763584136963,1.1682325601577759,7.111476898193359,-0.5905081033706665,3.490318775177002,-9.904245376586914,11.762188911437988,-6.279940605163574,7.509784698486328,-10.513959884643555,12.129964828491211,-7.320562839508057,7.231102466583252
81,3.534870147705078,-2.598039388656616,-11.738069534301758,9.568061828613281,3.7191216945648193,-2.7786314487457275,-12.003368377685547,10.420281410217285,3.5078113079071045,-2.922532796859741,-11.23825740814209,10.615559577941895,3.93565034866333,-3.013850688934326,-12.048564910888672,11.906721115112305,3.4036333560943604,-3.263246774673462,-10.465280532836914,11.828468322753906,3.5366568565368652,-2.3060595989227295,-9.369300842285156,10.1840238571167,2.580897808074951,-2.600209951400757,-9.367000579833984,9.60329818725586,3.4778759479522705,-0.7302477359771729,-7.928973197937012,4.661128997802734,2.3140523433685303,-0.7879968285560608,-8.240741729736328,2.2493841648101807,3.23176908493042,-0.745507538318634,-9.875265121459961,2.974754810333252,3.355276346206665,-0.8453659415245056,-13.545772552490234,2.322932243347168,0.35731467604637146,0.155681774020195,-0.10446295142173767,-0.07038630545139313,-0.35731467604637146,-0.155681774020195,0.10446032881736755,0.07038630545139313,-0.060454972088336945,1.6577770709991455,-0.5063732862472534,-5.235173225402832,-0.4652327597141266,1.3791815042495728,-1.63346529006958,-5.732295513153076,-2.2111711502075195,2.4697723388671875,7.6930742263793945,-9.2924165725708,-2.4776761531829834,2.1345865726470947,8.036283493041992,-9.995378494262695
82,11.180074691772461,-5.220116138458252,7.645204544067383,-2.6220767498016357,11.493973731994629,-5.717230796813965,7.7748517990112305,-2.9385993480682373,11.278270721435547,-6.1761064529418945,7.770459175109863,-3.2535736560821533,11.230843544006348,-6.96689510345459,7.295193195343018,-3.9530444145202637,10.723197937011719,-7.657049655914307,7.3195648193359375,-4.393802642822266,8.879454612731934,-5.990809917449951,5.342797756195068,-3.6847503185272217,7.881854057312012,-5.921584606170654,5.3009562492370605,-3.3213746547698975,8.30225944519043,-2.3282675743103027,4.824383735656738,-1.5980198383331299,7.561505317687988,-0.6919766664505005,5.247452735900879,0.0960201621055603,10.398977279663086,-1.0329631567001343,7.167208194732666,-0.28745561838150024,10.715356826782227,-1.3517179489135742,7.360080718994141,-0.5063520073890686,0.5148462057113647,0.1313462257385254,0.1575315296649933,-0.024335548281669617,-0.5148462057113647,-0.1313462257385254,-0.1575315296649933,0.024335548281669617,1.7032277584075928,4.858124256134033,1.7636827230453491,3.2003471851348877,0.7012830972671509,4.9614763259887695,1.166515827178955,3.5822949409484863,-4.3360700607299805,6.813470840454102,-2.124898910522461,4.343698501586914,-5.329002380371094,6.199441432952881,-2.8513262271881104,4.064854621887207
83,11.586786270141602,-4.867360591888428,0.4067115783691406,0.3527555465698242,11.485718727111816,-5.403081893920898,-0.0082550048828125,0.3141489028930664,11.577159881591797,-5.6223063468933105,0.29888916015625,0.553800106048584,10.477845191955566,-7.090441703796387,-0.7529983520507812,-0.12354660034179688,10.884106636047363,-7.139925956726074,0.16090869903564453,0.5171236991882324,7.723992824554443,-6.551632881164551,-1.1554617881774902,-0.5608229637145996,8.637516975402832,-6.144847393035889,0.7556629180908203,-0.22326278686523438,7.468300819396973,-2.780155897140503,-0.833958625793457,-0.4518883228302002,6.721076011657715,-0.9929984211921692,-0.8404293060302734,-0.3010217547416687,10.842910766601562,-1.0118266344070435,0.44393348693847656,0.02113652229309082,10.939424514770508,-0.7642995119094849,0.22406768798828125,0.5874184370040894,-0.2793392539024353,-0.021049629896879196,-0.7941854596138,-0.15239585936069489,0.2793377637863159,0.02104814536869526,0.7941839694976807,0.1523943692445755,2.004150390625,5.091350555419922,0.3009226322174072,0.23322629928588867,4.185745716094971,5.584850788116455,3.4844627380371094,0.6233744621276855,-4.857132911682129,6.405168056488037,-0.5210628509521484,-0.40830278396606445,-3.557255268096924,6.829590320587158,1.77174711227417,0.6301488876342773
84,7.568619728088379,-4.6755876541137695,-4.018166542053223,0.1917729377746582,7.408815383911133,-5.194165229797363,-4.076903343200684,0.20891666412353516,7.483965873718262,-5.206634998321533,-4.093194007873535,0.41567134857177734,6.479046821594238,-6.328465461730957,-3.998798370361328,0.7619762420654297,6.878292083740234,-6.0449395179748535,-4.005814552307129,1.0949864387512207,4.793030738830566,-5.123904705047607,-2.930962085723877,1.4277281761169434,5.513514518737793,-4.4304327964782715,-3.124002456665039,1.7144145965576172,4.4163289070129395,-2.3290250301361084,-3.051971912384033,0.45113086700439453,4.473482131958008,-0.6377692818641663,-2.247593879699707,0.35522913932800293,7.370721340179443,-0.9550678730010986,-3.472189426422119,0.056758761405944824,7.420906066894531,-0.5938798189163208,-3.5185184478759766,0.17041969299316406,-0.2475823611021042,-0.13021165132522583,0.031756892800331116,-0.10916201770305634,0.2475823611021042,0.13021165132522583,-0.03175540268421173,0.10916350781917572,1.7641295194625854,3.585700511932373,-0.24002087116241455,-1.5056500434875488,3.3539271354675293,4.356586933135986,-0.8318185806274414,-1.2282638549804688,-3.950671434402466,4.386832237243652,0.9064614772796631,-2.0183358192443848,-2.583549976348877,5.333198547363281,0.9737052917480469,-1.496391773223877
85,5.757246017456055,-4.210059642791748,-1.8113737106323242,0.4655280113220215,5.5882134437561035,-4.6299262046813965,-1.8206019401550293,0.5642390251159668,5.633350372314453,-4.531313419342041,-1.8506155014038086,0.6753215789794922,4.366335391998291,-5.1465020179748535,-2.1127114295959473,1.1819634437561035,4.769832611083984,-4.735400199890137,-2.10845947265625,1.3095393180847168,3.0791890621185303,-3.932304620742798,-1.7138416767120361,1.1916000843048096,3.753596305847168,-3.1939449310302734,-1.759918212890625,1.236487865447998,3.372549295425415,-1.8952044248580933,-1.0437796115875244,0.43382060527801514,3.5272021293640137,-0.5249387621879578,-0.9462800025939941,0.1128305196762085,5.642348289489746,-0.8280660510063171,-1.7283730506896973,0.1270018219947815,5.847174167633057,-0.7359843254089355,-1.5737318992614746,-0.14210450649261475,-0.2338940054178238,-0.14245834946632385,0.013688355684280396,-0.012246698141098022,0.2338940054178238,0.14245755970478058,-0.013688355684280396,0.012245908379554749,1.0260721445083618,2.12231707572937,-0.7380573749542236,-1.463383436203003,2.157233238220215,2.8119001388549805,-1.1966938972473145,-1.5446867942810059,-2.8538246154785156,2.549731731414795,1.0968468189239502,-1.8371005058288574,-1.969010829925537,3.434596538543701,0.6145391464233398,-1.89860200881958
86,4.683449745178223,-3.7103958129882812,-1.073796272277832,0.4996638298034668,4.603208065032959,-4.067874908447266,-0.9850053787231445,0.5620512962341309,4.538339138031006,-3.97293758392334,-1.0950112342834473,0.5583758354187012,3.6530232429504395,-4.417598247528076,-0.7133121490478516,0.7289037704467773,3.760380268096924,-4.071535110473633,-1.0094523429870605,0.6638650894165039,2.3441989421844482,-3.4362823963165283,-0.734990119934082,0.49602222442626953,3.1490657329559326,-2.8428268432617188,-0.6045305728912354,0.3511180877685547,2.737269878387451,-1.6312662363052368,-0.6352794170379639,0.26393818855285645,3.304778814315796,-0.5787349939346313,-0.22242331504821777,-0.053796231746673584,4.635295867919922,-0.9908722043037415,-1.0070524215698242,-0.16280615329742432,5.02087926864624,-0.9437034726142883,-0.8262948989868164,-0.20771914720535278,-0.2912873327732086,-0.1286638081073761,-0.05739332735538483,0.013794541358947754,0.2912873327732086,0.1286638081073761,0.05739332735538483,-0.01379375159740448,1.4958081245422363,0.8337041735649109,0.4697359800338745,-1.2886128425598145,2.6843349933624268,1.3621935844421387,0.5271017551422119,-1.4497065544128418,-1.5638127326965332,1.6441357135772705,1.2900118827819824,-0.9055960178375244,-0.635983407497406,2.315636157989502,1.3330273628234863,-1.1189603805541992
87,3.7285499572753906,-3.5303380489349365,-0.954899787902832,0.18005776405334473,3.6413486003875732,-3.7930238246917725,-0.9618594646453857,0.27485108375549316,3.6028356552124023,-3.729936361312866,-0.9355034828186035,0.24300122261047363,2.7305150032043457,-3.9874186515808105,-0.9225082397460938,0.4301795959472656,2.9193944931030273,-3.701477289199829,-0.8409857749938965,0.3700578212738037,1.6386594772338867,-3.086101531982422,-0.7055394649505615,0.35018086433410645,2.447903633117676,-2.498629093170166,-0.7011620998382568,0.34419775009155273,2.17978572845459,-1.7497409582138062,-0.5574841499328613,-0.11847472190856934,2.777646064758301,-0.6457968354225159,-0.5271327495574951,-0.06706184148788452,3.7464849948883057,-1.2190706729888916,-0.8888108730316162,-0.22819846868515015,4.143106937408447,-1.0122954845428467,-0.877772331237793,-0.06859201192855835,-0.30179402232170105,-0.1299767941236496,-0.010506689548492432,-0.0013129860162734985,0.30179402232170105,0.12997575104236603,0.010506689548492432,0.0013119429349899292,0.7624071836471558,0.4386262595653534,-0.7334009408950806,-0.3950779139995575,2.1281585693359375,0.8929214477539062,-0.5561764240264893,-0.4692721366882324,-1.4265940189361572,1.0567636489868164,0.13721871376037598,-0.5873720645904541,-0.06799330562353134,1.5126794576644897,0.5679901242256165,-0.8029567003250122
88,3.1634202003479004,-3.3889000415802,-0.5651297569274902,0.14143800735473633,3.087433338165283,-3.622178077697754,-0.55391526222229,0.17084574699401855,3.0388455390930176,-3.5717360973358154,-0.5639901161193848,0.15820026397705078,2.2566275596618652,-3.7319722175598145,-0.47388744354248047,0.2554464340209961,2.423196315765381,-3.5048975944519043,-0.4961981773376465,0.1965796947479248,1.2210875749588013,-2.852912425994873,-0.41757190227508545,0.23318910598754883,2.1111745834350586,-2.3971219062805176,-0.3367290496826172,0.10150718688964844,1.8787848949432373,-1.576621651649475,-0.30100083351135254,0.17311930656433105,2.615474224090576,-0.743021547794342,-0.1621718406677246,-0.09722471237182617,3.4228312969207764,-1.153536081314087,-0.3236536979675293,0.06553459167480469,3.920881509780884,-1.0605084896087646,-0.22222542762756348,-0.04821300506591797,-0.36641165614128113,-0.11325015127658844,-0.06461763381958008,0.016726642847061157,0.3664111793041229,0.11325109750032425,0.06461715698242188,-0.01672465354204178,0.8389536738395691,0.05119791626930237,0.07654649019241333,-0.387428343296051,2.6378257274627686,0.4045628309249878,0.509667158126831,-0.48835861682891846,-1.2408390045166016,0.8493618965148926,0.18575501441955566,-0.20740175247192383,0.8164126873016357,1.2038764953613281,0.8844059705734253,-0.3088029623031616
89,2.972367525100708,-3.4745540618896484,-0.19105267524719238,-0.08565402030944824,2.8465468883514404,-3.6936609745025635,-0.24088644981384277,-0.07148289680480957,2.8268442153930664,-3.648742198944092,-0.21200132369995117,-0.07700610160827637,1.9615696668624878,-3.7511520385742188,-0.29505789279937744,-0.019179821014404297,2.125948429107666,-3.5309336185455322,-0.29724788665771484,-0.02603602409362793,0.9932084083557129,-2.765859603881836,-0.22787916660308838,0.08705282211303711,1.9114071130752563,-2.369739532470703,-0.19976747035980225,0.027382373809814453,1.4347113370895386,-1.4612438678741455,-0.44407355785369873,0.11537778377532959,2.3468527793884277,-0.784741222858429,-0.26862144470214844,-0.041719675064086914,2.9159436225891113,-1.1057904958724976,-0.506887674331665,0.047745585441589355,3.6465837955474854,-1.14009428024292,-0.27429771423339844,-0.07958579063415527,-0.31760236620903015,-0.10128139704465866,0.04880928993225098,0.011968754231929779,0.31760236620903015,0.10128139704465866,-0.04880881309509277,-0.011969700455665588,1.0316522121429443,0.329019695520401,0.19269853830337524,0.27782177925109863,2.0900492668151855,0.6698042750358582,-0.547776460647583,0.26524144411087036,-1.129597783088684,0.8285329341888428,0.11124122142791748,-0.020828962326049805,-0.4444739818572998,1.2114554643630981,-1.2608866691589355,0.0075789690017700195
90,2.3478844165802,-3.1126227378845215,-0.6244831085205078,0.36193132400512695,2.245985507965088,-3.353435516357422,-0.6005613803863525,0.3402254581451416,2.261249542236328,-3.309931755065918,-0.5655946731567383,0.33881044387817383,1.5111006498336792,-3.5413818359375,-0.4504690170288086,0.20977020263671875,1.7059301137924194,-3.374105930328369,-0.4200183153152466,0.15682768821716309,0.6562468409538269,-2.7164504528045654,-0.336961567401886,0.04940915107727051,1.551074504852295,-2.270038604736328,-0.3603326082229614,0.099700927734375,1.1494799852371216,-1.6200650930404663,-0.285231351852417,-0.1588212251663208,2.029034376144409,-0.7942946553230286,-0.31781840324401855,-0.00955343246459961,2.4045534133911133,-1.184117078781128,-0.511390209197998,-0.07832658290863037,3.1683621406555176,-1.1537936925888062,-0.4782216548919678,-0.01369941234588623,-0.2962566316127777,-0.10929989069700241,0.02134573459625244,-0.00801849365234375,0.29625704884529114,0.10929989069700241,-0.021345317363739014,0.00801849365234375,0.9003928899765015,0.2992532253265381,-0.13125932216644287,-0.029766470193862915,1.7504982948303223,0.6354863047599792,-0.3395509719848633,-0.034317970275878906,-0.9352367520332336,0.8527546525001526,0.19436103105545044,0.024221718311309814,-0.49452897906303406,1.0943498611450195,-0.05005499720573425,-0.11710560321807861
91,2.0939033031463623,-3.1060433387756348,-0.2539811134338379,0.006579399108886719,1.9840044975280762,-3.3492681980133057,-0.2619810104370117,0.004167318344116211,2.0146145820617676,-3.3045778274536133,-0.24663496017456055,0.0053539276123046875,1.264153242111206,-3.553328275680542,-0.24694740772247314,-0.011946439743041992,1.4791359901428223,-3.3920021057128906,-0.22679412364959717,-0.017896175384521484,0.47485190629959106,-2.7479512691497803,-0.18139493465423584,-0.031500816345214844,1.3698389530181885,-2.301859140396118,-0.18123555183410645,-0.03182053565979004,0.9462604522705078,-1.6692370176315308,-0.20321953296661377,-0.04917192459106445,1.9425084590911865,-0.8651825189590454,-0.08652591705322266,-0.07088786363601685,2.1238882541656494,-1.226155161857605,-0.28066515922546387,-0.04203808307647705,2.9405837059020996,-1.1778912544250488,-0.22777843475341797,-0.024097561836242676,-0.2896469831466675,-0.10945729166269302,0.0066096484661102295,-0.0001574009656906128,0.2896469831466675,0.10945729166269302,-0.006610065698623657,0.0001574009656906128,0.8579782843589783,0.21331554651260376,-0.04241460561752319,-0.08593767881393433,1.5879958868026733,0.543030858039856,-0.16250240802764893,-0.09245544672012329,-0.8647334575653076,0.8238092660903931,0.07050329446792603,-0.02894538640975952,-0.5290415287017822,1.0478249788284302,-0.03451254963874817,-0.046524882316589355
92,1.9200327396392822,-3.205369710922241,-0.17387056350708008,-0.09932637214660645,1.7901195287704468,-3.4304018020629883,-0.1938849687576294,-0.08113360404968262,1.8286409378051758,-3.3884191513061523,-0.1859736442565918,-0.08384132385253906,1.0582866668701172,-3.577514410018921,-0.20586657524108887,-0.024186134338378906,1.2816283702850342,-3.420544385910034,-0.19750761985778809,-0.028542280197143555,0.3259718716144562,-2.7454373836517334,-0.1488800346851349,0.002513885498046875,1.231832504272461,-2.321861505508423,-0.13800644874572754,-0.020002365112304688,0.8768861293792725,-1.7111257314682007,-0.06937432289123535,-0.04188871383666992,1.9045751094818115,-0.940908670425415,-0.037933349609375,-0.07572615146636963,2.099076271057129,-1.3341968059539795,-0.024811983108520508,-0.10804164409637451,2.8228600025177,-1.2386395931243896,-0.11772370338439941,-0.06074833869934082,-0.2922531068325043,-0.10915058106184006,-0.002606123685836792,0.0003067106008529663,0.2922531068325043,0.10915058106184006,0.002606123685836792,-0.0003067106008529663,0.8981199264526367,0.12311907857656479,0.04014164209365845,-0.09019646793603897,1.6009074449539185,0.44511672854423523,0.012911558151245117,-0.09791412949562073,-0.7704018354415894,0.7939105033874512,0.09433162212371826,-0.029898762702941895,-0.48932453989982605,1.0221141576766968,0.03971698880195618,-0.0257108211517334
93,1.6670527458190918,-2.8825747966766357,-0.25297999382019043,0.32279491424560547,1.5376505851745605,-3.109212636947632,-0.25246894359588623,0.32118916511535645,1.5926064252853394,-3.0601775646209717,-0.23603451251983643,0.32824158668518066,0.8372007608413696,-3.3028976917266846,-0.22108590602874756,0.27461671829223633,1.0773637294769287,-3.137214422225952,-0.20426464080810547,0.28332996368408203,0.16160140931606293,-2.5260815620422363,-0.16437046229839325,0.21935582160949707,1.0638006925582886,-2.0947623252868652,-0.16803181171417236,0.22709918022155762,0.636255145072937,-1.61623215675354,-0.24063098430633545,0.09489357471466064,1.7265149354934692,-0.8780107498168945,-0.17806017398834229,0.06289792060852051,1.7954634428024292,-1.2387709617614746,-0.3036128282546997,0.09542584419250488,2.499706745147705,-1.1302787065505981,-0.3231532573699951,0.1083608865737915,-0.2827693819999695,-0.10725264251232147,0.00948372483253479,0.0018979385495185852,0.2827693819999695,0.10725189745426178,-0.00948372483253479,-0.0018986836075782776,0.6971336007118225,0.32924216985702515,-0.2009863257408142,0.20612308382987976,1.2549570798873901,0.646289587020874,-0.3459503650665283,0.2011728584766388,-0.7244381904602051,0.8620910048484802,0.04596364498138428,0.06818050146102905,-0.6078504920005798,1.0901250839233398,-0.11852595210075378,0.06801092624664307
94,1.6340900659561157,-2.935061454772949,-0.032962679862976074,-0.05248665809631348,1.5035854578018188,-3.151287794113159,-0.0340651273727417,-0.042075157165527344,1.5705337524414062,-3.112436532974243,-0.022072672843933105,-0.052258968353271484,0.797092854976654,-3.326676607131958,-0.040107905864715576,-0.023778915405273438,1.0744985342025757,-3.18593692779541,-0.0028651952743530273,-0.04872250556945801,0.12167046219110489,-2.533291816711426,-0.03993094712495804,-0.007210254669189453,1.0425535440444946,-2.1434528827667236,-0.021247148513793945,-0.0486905574798584,0.6375873684883118,-1.6224486827850342,0.0013322234153747559,-0.006216526031494141,1.629190444946289,-0.9392304420471191,-0.09732449054718018,-0.06121969223022461,1.8617662191390991,-1.2458122968673706,0.06630277633666992,-0.007041335105895996,2.436324119567871,-1.1385265588760376,-0.06338262557983398,-0.008247852325439453,-0.2954545021057129,-0.1000753715634346,-0.012685120105743408,0.007177270948886871,0.2954545021057129,0.1000746339559555,0.012685120105743408,-0.007177263498306274,0.6341819167137146,0.3468707799911499,-0.06295168399810791,0.017628610134124756,1.2740075588226318,0.6336133480072021,0.0190504789352417,-0.012676239013671875,-0.7041287422180176,0.863142192363739,0.0203094482421875,0.001051187515258789,-0.5040592551231384,1.0601816177368164,0.1037912368774414,-0.029943466186523438
95,1.5812772512435913,-2.935844659805298,-0.052812814712524414,-0.0007832050323486328,1.4555010795593262,-3.1464245319366455,-0.048084378242492676,0.004863262176513672,1.5353360176086426,-3.1085050106048584,-0.03519773483276367,0.003931522369384766,0.7437595725059509,-3.3305366039276123,-0.053333282470703125,-0.003859996795654297,1.077670693397522,-3.1919639110565186,0.003172159194946289,-0.0060269832611083984,0.07416053861379623,-2.589735984802246,-0.047509923577308655,-0.05644416809082031,1.0008544921875,-2.213919162750244,-0.04169905185699463,-0.07046627998352051,0.5440656542778015,-1.62834632396698,-0.09352171421051025,-0.005897641181945801,1.4949144124984741,-0.992445707321167,-0.13427603244781494,-0.05321526527404785,1.7919385433197021,-1.3135896921157837,-0.06982767581939697,-0.06777739524841309,2.28192138671875,-1.218590497970581,-0.1544027328491211,-0.08006393909454346,-0.30102458596229553,-0.09792501479387283,-0.005570083856582642,0.0021503567695617676,0.30102425813674927,0.09792431443929672,0.005569756031036377,-0.002150319516658783,0.5242691040039062,0.32043948769569397,-0.10991281270980835,-0.026431292295455933,1.177019476890564,0.5954223871231079,-0.09698808193206787,-0.03819096088409424,-0.6515061855316162,0.7822042107582092,0.05262255668640137,-0.08093798160552979,-0.3971131145954132,0.9777194261550903,0.10694614052772522,-0.08246219158172607
96,1.814016342163086,-3.1361680030822754,0.23273909091949463,-0.20032334327697754,1.6830449104309082,-3.3471930027008057,0.22754383087158203,-0.20076847076416016,1.766813039779663,-3.3172366619110107,0.2314770221710205,-0.20873165130615234,0.9266514182090759,-3.5136265754699707,0.182891845703125,-0.1830899715423584,1.2732911109924316,-3.3953843116760254,0.19562041759490967,-0.20342040061950684,0.2131568044424057,-2.7464702129364014,0.13899627327919006,-0.15673422813415527,1.143742322921753,-2.3803958892822266,0.14288783073425293,-0.16647672653198242,0.7626396417617798,-1.7568877935409546,0.21857398748397827,-0.1285414695739746,1.6052281856536865,-1.0745787620544434,0.1103137731552124,-0.08213305473327637,2.0837841033935547,-1.418239712715149,0.29184556007385254,-0.10465002059936523,2.483250617980957,-1.3061500787734985,0.20132923126220703,-0.08755958080291748,-0.3032713830471039,-0.0964466854929924,-0.0022467970848083496,0.0014783293008804321,0.30327174067497253,0.0964459553360939,0.0022474825382232666,-0.0014783591032028198,0.6506289839744568,0.31514203548431396,0.12635987997055054,-0.005297452211380005,1.3478647470474243,0.591265082359314,0.17084527015686035,-0.004157304763793945,-0.7816007733345032,0.8174505829811096,-0.13009458780288696,0.03524637222290039,-0.5168495774269104,0.9965792894363403,-0.11973646283149719,0.01885986328125
97,1.8746157884597778,-3.0546417236328125,0.060599446296691895,0.08152627944946289,1.7223656177520752,-3.2546615600585938,0.03932070732116699,0.09253144264221191,1.8363256454467773,-3.225661516189575,0.06951260566711426,0.09157514572143555,0.9648838639259338,-3.41591477394104,0.03823244571685791,0.09771180152893066,1.4215497970581055,-3.2813596725463867,0.14825868606567383,0.11402463912963867,0.3280772864818573,-2.649360179901123,0.1149204820394516,0.09711003303527832,1.2753900289535522,-2.329050064086914,0.13164770603179932,0.0513458251953125,0.7573547959327698,-1.6420165300369263,-0.00528484582901001,0.11487126350402832,1.632793664932251,-1.0892207622528076,0.027565479278564453,-0.014642000198364258,2.060713768005371,-1.3042033910751343,-0.023070335388183594,0.11403632164001465,2.4351658821105957,-1.22324538230896,-0.04808473587036133,0.08290469646453857,-0.31871509552001953,-0.07975365966558456,-0.01544371247291565,0.016693025827407837,0.31871509552001953,0.07975438237190247,0.015443354845046997,-0.016691572964191437,0.34324127435684204,0.1369454711675644,-0.30738770961761475,-0.17819656431674957,1.0543838739395142,0.405072957277298,-0.29348087310791016,-0.186192125082016,-0.8635364174842834,0.7891930937767029,-0.08193564414978027,-0.02825748920440674,-0.4612138569355011,1.0653964281082153,0.0556357204914093,0.068817138671875
98,2.416883707046509,-3.3330538272857666,0.542267918586731,-0.2784121036529541,2.2427728176116943,-3.5573642253875732,0.5204071998596191,-0.3027026653289795,2.3645570278167725,-3.506395101547241,0.5282313823699951,-0.280733585357666,1.3780717849731445,-3.7151055335998535,0.4131879210472107,-0.2991907596588135,1.8758527040481567,-3.512345790863037,0.45430290699005127,-0.2309861183166504,0.6947745084762573,-2.874748945236206,0.3666972219944,-0.225388765335083,1.5659823417663574,-2.3838343620300293,0.2905923128128052,-0.054784297943115234,1.1062874794006348,-1.7810343503952026,0.348932683467865,-0.13901782035827637,1.8583920001983643,-0.8922429084777832,0.22559833526611328,0.19697785377502441,2.50803279876709,-1.2990182638168335,0.44731903076171875,0.005185127258300781,2.878931999206543,-1.1417841911315918,0.44376611709594727,0.08146119117736816,-0.2854982614517212,-0.11556627601385117,0.03321683406829834,-0.0358126163482666,0.28549784421920776,0.11556585133075714,-0.03321725130081177,0.035811468958854675,0.6552571058273315,0.5562648177146912,0.3120158314704895,0.4193193316459656,1.2830440998077393,0.9757269620895386,0.2286602258682251,0.570654034614563,-1.1171324253082275,1.1687606573104858,-0.2535960078239441,0.37956756353378296,-0.8760530948638916,1.5855686664581299,-0.4148392379283905,0.5201722383499146
99,3.440203905105591,-3.975040912628174,1.023320198059082,-0.6419870853424072,3.369065761566162,-4.300186634063721,1.1262929439544678,-0.7428224086761475,3.2677297592163086,-4.238216400146484,0.9031727313995361,-0.7318212985992432,2.660827159881592,-4.590219020843506,1.2827553749084473,-0.8751134872436523,2.60223650932312,-4.329869270324707,0.7263838052749634,-0.8175234794616699,1.501397967338562,-3.4828133583068848,0.8066234588623047,-0.6080644130706787,2.3593409061431885,-2.9690685272216797,0.793358564376831,-0.5852341651916504,1.7895749807357788,-1.8368419408798218,0.683287501335144,-0.05580759048461914,2.442235231399536,-0.8513261675834656,0.5838432312011719,0.04091674089431763,3.5917749404907227,-1.1903927326202393,1.0837421417236328,0.10862553119659424,4.003829479217529,-1.0624194145202637,1.1248974800109863,0.07936477661132812,-0.29218849539756775,-0.11213686317205429,-0.006690233945846558,0.003429412841796875,0.29218789935112,0.11213628202676773,0.0066900551319122314,-0.0034295693039894104,0.5686273574829102,1.084782361984253,-0.08662974834442139,0.5285175442695618,1.6133331060409546,1.534525990486145,0.33028900623321533,0.5587990283966064,-1.8203128576278687,1.4861706495285034,-0.7031804323196411,0.3174099922180176,-1.3310260772705078,2.0215439796447754,-0.4549729824066162,0.4359753131866455
100,3.6844725608825684,-3.5443248748779297,0.24426865577697754,0.43071603775024414,3.6726865768432617,-3.864993095397949,0.3036208152770996,0.4351935386657715,3.53989315032959,-3.796114206314087,0.27216339111328125,0.44210219383239746,3.1337015628814697,-4.282468795776367,0.47287440299987793,0.30775022506713867,3.0604476928710938,-3.9870259761810303,0.45821118354797363,0.34284329414367676,1.9679012298583984,-3.434890031814575,0.4665032625198364,0.04792332649230957,2.766611099243164,-2.8331735134124756,0.4072701930999756,0.1358950138092041,2.019045352935791,-1.802944540977478,0.2294703722000122,0.03389739990234375,2.7254111766815186,-0.5847505331039429,0.2831759452819824,0.2665756344795227,3.5933897495269775,-1.4428225755691528,0.0016148090362548828,-0.2524298429489136,3.949172258377075,-1.1349018812179565,-0.0546572208404541,-0.07248246669769287,-0.2808842360973358,-0.1245526373386383,0.011304259300231934,-0.012415774166584015,0.2808842360973358,0.1245526373386383,-0.01130366325378418,0.012416355311870575,0.9325356483459473,0.7218668460845947,0.3639082908630371,-0.3629155158996582,2.1097042560577393,1.2066999673843384,0.49637115001678467,-0.32782602310180664,-1.7177098989486694,1.4082748889923096,0.10260295867919922,-0.07789576053619385,-0.8547061681747437,1.9383983612060547,0.47631990909576416,-0.0831456184387207
101,8.853680610656738,-5.455255031585693,5.16920804977417,-1.9109301567077637,8.764750480651855,-6.0449299812316895,5.092063903808594,-2.1799368858337402,8.636541366577148,-5.982138633728027,5.096648216247559,-2.1860244274139404,7.469274997711182,-6.993076324462891,4.335573196411133,-2.7106075286865234,7.366233825683594,-6.575036525726318,4.3057861328125,-2.588010549545288,5.310359954833984,-5.66745662689209,3.342458724975586,-2.2325665950775146,5.754169464111328,-4.771335601806641,2.987558364868164,-1.938162088394165,4.772064685821533,-2.43161678314209,2.753019332885742,-0.6286722421646118,5.05874490737915,-0.5732231140136719,2.333333730697632,0.011527419090270996,7.161135196685791,-1.5477677583694458,3.5677454471588135,-0.10494518280029297,8.180432319641113,-1.2994707822799683,4.231260299682617,-0.16456890106201172,-0.11309914290904999,-0.15418386459350586,0.16778509318828583,-0.029631227254867554,0.1131003275513649,0.15418504178524017,-0.1677839159965515,0.029632404446601868,1.8870877027511597,3.5475196838378906,0.9545520544052124,2.825652837753296,2.9026684761047363,4.393985748291016,0.7929642200469971,3.187285900115967,-3.9364778995513916,4.694703102111816,-2.2187681198120117,3.286428213119507,-3.4555981159210205,5.763337135314941,-2.6008920669555664,3.8249387741088867
102,8.680840492248535,-3.3116414546966553,-0.17284011840820312,2.143613576889038,8.595283508300781,-3.9069783687591553,-0.16946697235107422,2.137951612472534,8.519510269165039,-3.895683526992798,-0.11703109741210938,2.0864551067352295,8.179059982299805,-5.3963518142700195,0.709784984588623,1.596724510192871,8.10295581817627,-4.955543518066406,0.7367219924926758,1.619493007659912,6.686068534851074,-4.424600601196289,1.3757085800170898,1.2428560256958008,6.757543563842773,-3.4271583557128906,1.0033740997314453,1.34417724609375,5.626806735992432,-2.0247509479522705,0.8547420501708984,0.40686583518981934,5.50737190246582,0.22366520762443542,0.4486269950866699,0.7968883514404297,7.913577556610107,-0.6578163504600525,0.7524423599243164,0.8899514079093933,8.548043251037598,-0.2909161448478699,0.3676109313964844,1.0085546970367432,-0.006011325865983963,-0.15000061690807343,0.10708782076835632,0.004183247685432434,0.006011325865983963,0.15000061690807343,-0.10708899796009064,-0.004184424877166748,2.1032261848449707,4.138225078582764,0.21613848209381104,0.590705394744873,3.339568853378296,5.210516452789307,0.43690037727355957,0.816530704498291,-4.590255260467529,5.021756172180176,-0.6537773609161377,0.3270530700683594,-3.3944554328918457,6.384523868560791,0.061142683029174805,0.6211867332458496
103,12.685733795166016,-5.972618103027344,4.0048933029174805,-2.6609766483306885,12.647712707519531,-6.8561692237854,4.05242919921875,-2.949190855026245,12.549968719482422,-6.885583877563477,4.030458450317383,-2.9899003505706787,12.75478744506836,-8.828553199768066,4.575727462768555,-3.432201385498047,12.825207710266113,-8.316168785095215,4.722251892089844,-3.3606252670288086,11.054020881652832,-6.761415958404541,4.367952346801758,-2.336815357208252,10.979559898376465,-5.764191627502441,4.222016334533691,-2.337033271789551,8.765188217163086,-2.5438356399536133,3.1383814811706543,-0.5190846920013428,8.818099975585938,0.11419452726840973,3.310728073120117,-0.1094706803560257,11.809572219848633,-1.5677416324615479,3.8959946632385254,-0.9099252820014954,13.110007286071777,-0.9309530258178711,4.56196403503418,-0.6400368809700012,0.0796334519982338,-0.09546307474374771,0.08564478158950806,0.054537542164325714,-0.0796334519982338,0.09546307474374771,-0.08564478158950806,-0.054537542164325714,3.834583044052124,5.96622371673584,1.7313568592071533,1.8279986381530762,4.995609760284424,7.379298686981201,1.656040906906128,2.1687822341918945,-6.847726345062256,7.542812347412109,-2.2574710845947266,2.5210561752319336,-5.991943836212158,9.685489654541016,-2.5974884033203125,3.3009657859802246
104,7.152032852172852,-2.8436906337738037,-5.533700942993164,3.12892746925354,6.996474742889404,-3.3265228271484375,-5.651237964630127,3.529646396636963,7.012339115142822,-3.292503595352173,-5.5376296043396,3.5930802822113037,6.317821025848389,-4.655944347381592,-6.436966419219971,4.172608852386475,6.479915142059326,-4.219715118408203,-6.345292568206787,4.096453666687012,4.8641886711120605,-4.102637767791748,-6.1898322105407715,2.658778190612793,5.321837425231934,-3.2135050296783447,-5.657722473144531,2.5506865978240967,4.227457523345947,-1.6058378219604492,-4.537730693817139,0.9379978179931641,4.400782585144043,0.1515672355890274,-4.4173173904418945,0.037372708320617676,6.373616695404053,-0.5646207332611084,-5.43595552444458,1.0031208992004395,7.089076519012451,-0.37642228603363037,-6.020930767059326,0.5545307397842407,-0.14384034276008606,-0.17205959558486938,-0.22347378730773926,-0.07659652084112167,0.14383935928344727,0.17206057906150818,0.22347280383110046,0.07659750431776047,2.415480613708496,2.759565591812134,-1.419102430343628,-3.206658124923706,3.51591157913208,3.65842866897583,-1.4796981811523438,-3.720870018005371,-2.456925630569458,3.723331928253174,4.390800476074219,-3.8194804191589355,-1.6816067695617676,4.858067035675049,4.310337066650391,-4.827422618865967
105,3.7387986183166504,-2.3376801013946533,-3.413234233856201,0.5060105323791504,3.6002142429351807,-2.623974561691284,-3.3962604999542236,0.7025482654571533,3.6513171195983887,-2.5374481678009033,-3.3610219955444336,0.7550554275512695,2.776890754699707,-3.1268980503082275,-3.5409302711486816,1.5290462970733643,3.080787420272827,-2.778533935546875,-3.399127721786499,1.4411811828613281,1.805450439453125,-2.5231590270996094,-3.0587382316589355,1.5794787406921387,2.561629056930542,-1.8687938451766968,-2.7602083683013916,1.344711184501648,1.8858648538589478,-1.3454095125198364,-2.341592788696289,0.2604283094406128,2.2322311401367188,-0.16331392526626587,-2.168551445007324,-0.3148811459541321,3.1397690773010254,-0.6438137292861938,-3.2338476181030273,-0.07919299602508545,3.408825159072876,-0.4034452736377716,-3.680251359939575,-0.027022987604141235,-0.23842518031597137,-0.1366666853427887,-0.09458483755588531,0.03539291024208069,0.23842567205429077,0.1366666853427887,0.0945863127708435,-0.03539389371871948,0.7847167253494263,1.2238632440567017,-1.6307638883590698,-1.5357023477554321,1.5891172885894775,1.7658264636993408,-1.9267942905426025,-1.8926022052764893,-1.5075933933258057,1.4044480323791504,0.9493322372436523,-2.3188838958740234,-1.2041215896606445,2.017380714416504,0.47748517990112305,-2.840686321258545
106,3.0716731548309326,-2.910520076751709,-0.6671254634857178,-0.5728399753570557,3.037827491760254,-3.2072510719299316,-0.5623867511749268,-0.5832765102386475,2.894127368927002,-3.1320881843566895,-0.7571897506713867,-0.5946400165557861,2.412057399749756,-3.5400023460388184,-0.36483335494995117,-0.4131042957305908,2.183168649673462,-3.24959135055542,-0.8976187705993652,-0.4710574150085449,1.1918765306472778,-2.7679407596588135,-0.6135739088058472,-0.2447817325592041,2.0028254985809326,-2.182823896408081,-0.5588035583496094,-0.3140300512313843,1.2340656518936157,-1.5417416095733643,-0.651799201965332,-0.19633209705352783,2.0667431354522705,-0.517822802066803,-0.16548800468444824,-0.3545088768005371,2.5361218452453613,-1.1038907766342163,-0.6036472320556641,-0.46007704734802246,3.1865532398223877,-0.8685110211372375,-0.22227191925048828,-0.46506574749946594,-0.2709735333919525,-0.12535755336284637,-0.03254835307598114,0.011309131979942322,0.2709735333919525,0.12535755336284637,0.03254786133766174,-0.011309131979942322,0.5774593353271484,0.7605165839195251,-0.20725739002227783,-0.4633466601371765,1.4508405923843384,1.1827253103256226,-0.13827669620513916,-0.5831011533737183,-1.3687162399291992,1.212725043296814,0.13887715339660645,-0.19172298908233643,-0.9772016406059265,1.652329683303833,0.22691994905471802,-0.3650510311126709
107,2.639993190765381,-3.0094704627990723,-0.43167996406555176,-0.09895038604736328,2.521566390991211,-3.2422714233398438,-0.516261100769043,-0.03502035140991211,2.579227924346924,-3.1926634311676025,-0.3148994445800781,-0.060575246810913086,1.754697561264038,-3.4606738090515137,-0.6573598384857178,0.07932853698730469,2.0644404888153076,-3.2623608112335205,-0.1187281608581543,-0.012769460678100586,0.889167845249176,-2.759809970855713,-0.3027086853981018,0.008130788803100586,1.750592589378357,-2.251924753189087,-0.2522329092025757,-0.06910085678100586,1.3316097259521484,-1.6031982898712158,0.09754407405853271,-0.06145668029785156,2.054698944091797,-0.6682453155517578,-0.012044191360473633,-0.15042251348495483,2.6179862022399902,-1.1426085233688354,0.0818643569946289,-0.03871774673461914,3.114454746246338,-1.0019665956497192,-0.0720984935760498,-0.1334555745124817,-0.3067950904369354,-0.11478450894355774,-0.03582155704498291,0.010573044419288635,0.306794673204422,0.11478492617607117,0.03582113981246948,-0.010572627186775208,0.6550577282905579,0.2712768018245697,0.07759839296340942,-0.48923978209495544,1.692796230316162,0.6489527821540833,0.24195563793182373,-0.5337725281715393,-1.1389721632003784,1.0069018602371216,0.2297440767288208,-0.20582318305969238,-0.28258782625198364,1.3219354152679443,0.6946138143539429,-0.33039426803588867
108,2.1151416301727295,-3.0897715091705322,-0.5248515605926514,-0.08030104637145996,1.9844722747802734,-3.318713665008545,-0.5370941162109375,-0.07644224166870117,2.068513870239258,-3.2756266593933105,-0.510714054107666,-0.08296322822570801,1.2111485004425049,-3.515258312225342,-0.5435490608215332,-0.054584503173828125,1.5739378929138184,-3.3556995391845703,-0.49050259590148926,-0.0933387279510498,0.4932326674461365,-2.727299690246582,-0.39593517780303955,0.03251028060913086,1.3788328170776367,-2.2628512382507324,-0.3717597723007202,-0.010926485061645508,1.0646170377731323,-1.77042555809021,-0.2669926881790161,-0.16722726821899414,1.914413332939148,-0.8835492134094238,-0.14028561115264893,-0.21530389785766602,2.4132745265960693,-1.3427623510360718,-0.2047116756439209,-0.20015382766723633,2.964149236679077,-1.183495283126831,-0.15030550956726074,-0.18152868747711182,-0.29670777916908264,-0.11005954444408417,0.010087311267852783,0.004724964499473572,0.2967081665992737,0.11005914956331253,-0.010086506605148315,-0.0047257766127586365,0.631010890007019,0.37954768538475037,-0.02404683828353882,0.10827088356018066,1.4742302894592285,0.7224941253662109,-0.2185659408569336,0.07354134321212769,-1.1736352443695068,0.9055303931236267,-0.03466308116912842,-0.10137146711349487,-0.5667726993560791,1.1361652612686157,-0.28418487310409546,-0.1857701539993286
109,1.6977263689041138,-3.103515863418579,-0.4174152612686157,-0.013744354248046875,1.5544615983963013,-3.308504819869995,-0.43001067638397217,0.010208845138549805,1.637390375137329,-3.269282102584839,-0.4311234951019287,0.00634455680847168,0.8652828335762024,-3.4361026287078857,-0.3458656668663025,0.07915568351745605,1.215796947479248,-3.2794127464294434,-0.3581409454345703,0.07628679275512695,0.29432907700538635,-2.6068551540374756,-0.19890359044075012,0.12044453620910645,1.2055964469909668,-2.195040225982666,-0.17323637008666992,0.0678110122680664,0.8250049352645874,-1.785457730293274,-0.23961210250854492,-0.015032172203063965,1.7826107740402222,-1.0134553909301758,-0.13180255889892578,-0.12990617752075195,2.0033795833587646,-1.310618281364441,-0.4098949432373047,0.03214406967163086,2.542839288711548,-1.0705931186676025,-0.4213099479675293,0.11290216445922852,-0.29523900151252747,-0.0949021503329277,0.0014687776565551758,0.015157394111156464,0.29523900151252747,0.09490177780389786,-0.0014691650867462158,-0.015157371759414673,0.5874752402305603,0.2814464867115021,-0.04353564977645874,-0.09810119867324829,1.1964111328125,0.5830098390579224,-0.2778191566467285,-0.13948428630828857,-0.782563328742981,0.9747032523155212,0.3910719156265259,0.06917285919189453,-0.5681325197219849,1.2290923595428467,-0.0013598203659057617,0.09292709827423096
110,1.5143918991088867,-3.3726344108581543,-0.18333446979522705,-0.2691185474395752,1.3824067115783691,-3.5891335010528564,-0.17205488681793213,-0.28062868118286133,1.4735279083251953,-3.566213846206665,-0.1638624668121338,-0.29693174362182617,0.6476823091506958,-3.78232741355896,-0.2176005244255066,-0.3462247848510742,1.026873230934143,-3.668860673904419,-0.18892371654510498,-0.3894479274749756,0.06803112477064133,-3.004605293273926,-0.22629794478416443,-0.3977501392364502,0.9852073788642883,-2.606123685836792,-0.22038906812667847,-0.411083459854126,0.6775996685028076,-2.0845329761505127,-0.14740526676177979,-0.29907524585723877,1.755711555480957,-1.2816826105117798,-0.026899218559265137,-0.268227219581604,2.0263330936431885,-1.581864833831787,0.022953510284423828,-0.2712465524673462,2.4816410541534424,-1.403696894645691,-0.06119823455810547,-0.3331037759780884,-0.2897292971611023,-0.08878639340400696,0.005509704351425171,0.006115756928920746,0.28972968459129333,0.08878639340400696,-0.005509316921234131,-0.0061153843998909,0.18694208562374115,0.12986336648464203,-0.40053313970565796,-0.15158312022686005,0.7298128604888916,0.38466814160346985,-0.4665982723236084,-0.19834169745445251,-1.1111167669296265,0.9041385054588318,-0.3285534381866455,-0.07056474685668945,-0.816383421421051,1.0054223537445068,-0.24825090169906616,-0.22367000579833984
111,1.417743444442749,-3.3911068439483643,-0.0966484546661377,-0.01847243309020996,1.3030833005905151,-3.618558645248413,-0.079323410987854,-0.02942514419555664,1.3773225545883179,-3.6075780391693115,-0.09620535373687744,-0.041364192962646484,0.5880153179168701,-3.840289354324341,-0.059666991233825684,-0.05796194076538086,0.8913597464561462,-3.7710793018341064,-0.13551348447799683,-0.1022186279296875,-0.07399451732635498,-3.026958465576172,-0.1420256495475769,-0.022353172302246094,0.8743368983268738,-2.70967698097229,-0.11087048053741455,-0.10355329513549805,0.506036639213562,-2.0629522800445557,-0.1715630292892456,0.02158069610595703,1.7161903381347656,-1.4190400838851929,-0.039521217346191406,-0.13735747337341309,1.9160277843475342,-1.62619948387146,-0.1103053092956543,-0.04433465003967285,2.5153141021728516,-1.460792899131775,0.03367304801940918,-0.057096004486083984,-0.2975335419178009,-0.0773300975561142,-0.007804244756698608,0.011456295847892761,0.29753315448760986,0.07733085751533508,0.007803469896316528,-0.011455535888671875,0.213951975107193,0.20762044191360474,0.027009889483451843,0.07775707542896271,0.7968865036964417,0.40291932225227356,0.06707364320755005,0.01825118064880371,-0.9477663636207581,0.9579488039016724,0.1633504033088684,0.053810298442840576,-0.6279265284538269,1.0042644739151,0.18845689296722412,-0.0011578798294067383
112,1.3184188604354858,-3.365298271179199,-0.09932458400726318,0.02580857276916504,1.202269434928894,-3.5948565006256104,-0.1008138656616211,0.023702144622802734,1.2716928720474243,-3.5859217643737793,-0.10562968254089355,0.021656274795532227,0.4819696247577667,-3.8159284591674805,-0.1060456931591034,0.02436089515686035,0.7509731650352478,-3.7629709243774414,-0.14038658142089844,0.008108377456665039,-0.18126361072063446,-2.978506088256836,-0.10726909339427948,0.04845237731933594,0.7817273736000061,-2.708972454071045,-0.09260952472686768,0.0007045269012451172,0.39492419362068176,-1.9577593803405762,-0.11111244559288025,0.10519289970397949,1.7210979461669922,-1.4287267923355103,0.0049076080322265625,-0.009686708450317383,1.7872692346572876,-1.5944956541061401,-0.12875854969024658,0.031703829765319824,2.4762203693389893,-1.5019739866256714,-0.039093732833862305,-0.041181087493896484,-0.2946937680244446,-0.068081796169281,0.0028397738933563232,0.009248301386833191,0.2946937680244446,0.06808257848024368,-0.002839386463165283,-0.0092482790350914,0.1934874802827835,0.4019336700439453,-0.020464494824409485,0.19431322813034058,0.7173314094543457,0.569222629070282,-0.07955509424209595,0.16630330681800842,-0.8738390803337097,1.0856555700302124,0.07392728328704834,0.12770676612854004,-0.6860502362251282,1.11777663230896,-0.05812370777130127,0.11351215839385986
113,1.3043804168701172,-3.3333280086517334,-0.014038443565368652,0.03197026252746582,1.1776129007339478,-3.562169075012207,-0.02465653419494629,0.03268742561340332,1.260586142539978,-3.5514583587646484,-0.011106729507446289,0.03446340560913086,0.4487866461277008,-3.77703595161438,-0.03318297863006592,0.038892507553100586,0.7497943043708801,-3.7237496376037598,-0.0011788606643676758,0.03922128677368164,-0.1783493161201477,-2.941514492034912,0.0029142946004867554,0.03699159622192383,0.7823112607002258,-2.6637890338897705,0.0005838871002197266,0.045183420181274414,0.40855520963668823,-1.9525145292282104,0.01363101601600647,0.005244851112365723,1.7833139896392822,-1.4088084697723389,0.06221604347229004,0.019918322563171387,1.7384271621704102,-1.578729510307312,-0.04884207248687744,0.015766143798828125,2.5104758739471436,-1.479526162147522,0.0342555046081543,0.022447824478149414,-0.2889735698699951,-0.07136571407318115,0.005720198154449463,-0.0032839179039001465,0.2889735698699951,0.07136571407318115,-0.005720198154449463,0.0032831355929374695,0.347436785697937,0.31402838230133057,0.1539493054151535,-0.08790528774261475,0.7893412709236145,0.49558553099632263,0.0720098614692688,-0.07363709807395935,-0.7890505194664001,1.0824528932571411,0.08478856086730957,-0.003202676773071289,-0.6944970488548279,1.123915433883667,-0.008446812629699707,0.006138801574707031
114,1.2278720140457153,-3.1270697116851807,-0.07650840282440186,0.20625829696655273,1.1143302917480469,-3.3503613471984863,-0.06328260898590088,0.2118077278137207,1.1801730394363403,-3.33307147026062,-0.0804131031036377,0.21838688850402832,0.4433571696281433,-3.5654425621032715,-0.005429476499557495,0.2115933895111084,0.7080742120742798,-3.500593662261963,-0.04172009229660034,0.22315597534179688,-0.16708262264728546,-2.8021764755249023,0.011266693472862244,0.13933801651000977,0.7903910279273987,-2.513655662536621,0.008079767227172852,0.15013337135314941,0.39289093017578125,-1.9193732738494873,-0.015664279460906982,0.033141255378723145,1.7229628562927246,-1.3509573936462402,-0.06035113334655762,0.05785107612609863,1.6438448429107666,-1.5356826782226562,-0.09458231925964355,0.04304683208465576,2.3643245697021484,-1.417488932609558,-0.14615130424499512,0.06203722953796387,-0.2902926206588745,-0.07417566329240799,-0.0013190507888793945,-0.002809949219226837,0.29029223322868347,0.07417529076337814,0.0013186633586883545,0.002809576690196991,0.44081607460975647,0.26469388604164124,0.09337928891181946,-0.04933449625968933,0.8931117057800293,0.45505574345588684,0.1037704348564148,-0.04052978754043579,-0.7265357375144958,1.0554043054580688,0.0625147819519043,-0.027048587799072266,-0.6425881385803223,1.1114451885223389,0.051908910274505615,-0.012470245361328125
115,1.2243359088897705,-3.040600538253784,-0.0035361051559448242,0.08646917343139648,1.119471549987793,-3.2588789463043213,0.005141258239746094,0.09148240089416504,1.1796832084655762,-3.2398622035980225,-0.0004898309707641602,0.09320926666259766,0.47340357303619385,-3.478788375854492,0.030046403408050537,0.0866541862487793,0.7319623231887817,-3.4096362590789795,0.023888111114501953,0.0909574031829834,-0.1519451141357422,-2.754535675048828,0.015137508511543274,0.04764080047607422,0.806836724281311,-2.4703922271728516,0.016445696353912354,0.04326343536376953,0.4024043381214142,-1.918331265449524,0.009513407945632935,0.001042008399963379,1.660057544708252,-1.3451498746871948,-0.06290531158447266,0.00580751895904541,1.6664941310882568,-1.601928949356079,0.022649288177490234,-0.06624627113342285,2.3280069828033447,-1.4246584177017212,-0.03631758689880371,-0.007169485092163086,-0.2980867326259613,-0.07295912504196167,-0.007794111967086792,0.0012165382504463196,0.29808634519577026,0.07295912504196167,0.007794111967086792,-0.0012161657214164734,0.3673780858516693,0.2999015748500824,-0.07343798875808716,0.03520768880844116,0.91949063539505,0.4797030985355377,0.026378929615020752,0.02464735507965088,-0.7418973445892334,1.0505775213241577,-0.015361607074737549,-0.004826784133911133,-0.532450258731842,1.1075530052185059,0.11013787984848022,-0.003892183303833008
116,1.3262351751327515,-3.0621635913848877,0.10189926624298096,-0.021563053131103516,1.2195110321044922,-3.2809104919433594,0.10003948211669922,-0.022031545639038086,1.2970211505889893,-3.2600178718566895,0.11733794212341309,-0.020155668258666992,0.5430288910865784,-3.5292036533355713,0.06962531805038452,-0.0504152774810791,0.8642147779464722,-3.441312551498413,0.13225245475769043,-0.031676292419433594,-0.09424512088298798,-2.8496477603912354,0.05769999325275421,-0.09511208534240723,0.8445294499397278,-2.5051157474517822,0.03769272565841675,-0.034723520278930664,0.4229092001914978,-2.0055387020111084,0.020504862070083618,-0.08720743656158447,1.6057405471801758,-1.3294129371643066,-0.05431699752807617,0.015736937522888184,1.7749603986740112,-1.6590909957885742,0.1084662675857544,-0.05716204643249512,2.3527748584747314,-1.4620212316513062,0.02476787567138672,-0.03736281394958496,-0.29787740111351013,-0.0817929357290268,0.00020933151245117188,-0.008833810687065125,0.2978777587413788,0.08179257065057755,-0.0002085864543914795,0.008833445608615875,0.13591906428337097,0.343985915184021,-0.23145902156829834,0.0440843403339386,0.7299140691757202,0.5559066534042358,-0.18957656621932983,0.07620355486869812,-0.9712094664573669,1.0834710597991943,-0.22931212186813354,0.03289353847503662,-0.6101233959197998,1.1516739130020142,-0.07767313718795776,0.0441209077835083
117,1.5957528352737427,-3.292304515838623,0.2695176601409912,-0.23014092445373535,1.4705579280853271,-3.476550579071045,0.25104689598083496,-0.19564008712768555,1.5289990901947021,-3.459134340286255,0.2319779396057129,-0.19911646842956543,0.730239987373352,-3.57751727104187,0.18721109628677368,-0.04831361770629883,1.0502617359161377,-3.4660539627075195,0.18604695796966553,-0.024741411209106445,0.09617464244365692,-2.7453529834747314,0.1904197633266449,0.1042947769165039,1.0468846559524536,-2.4352712631225586,0.20235520601272583,0.06984448432922363,0.598648190498352,-1.8619530200958252,0.17573899030685425,0.1435856819152832,1.7268775701522827,-1.249279499053955,0.12113702297210693,0.08013343811035156,2.060689687728882,-1.5275057554244995,0.2857292890548706,0.1315852403640747,2.444727897644043,-1.3980871438980103,0.09195303916931152,0.0639340877532959,-0.30558666586875916,-0.07511912286281586,-0.0077092647552490234,0.0066738128662109375,0.3055862784385681,0.07511873543262482,0.007708519697189331,-0.006673835217952728,0.22694841027259827,0.5580431818962097,0.0910293459892273,0.21405726671218872,0.8688889145851135,0.7824178338050842,0.1389748454093933,0.2265111804008484,-1.1275606155395508,1.2012779712677002,-0.15635114908218384,0.11780691146850586,-0.8018519282341003,1.3558365106582642,-0.19172853231430054,0.20416259765625
118,1.8375282287597656,-3.167682647705078,0.24177539348602295,0.12462186813354492,1.7257288694381714,-3.3492658138275146,0.25517094135284424,0.12728476524353027,1.773403286933899,-3.32353138923645,0.24440419673919678,0.1356029510498047,0.9928088784217834,-3.4756925106048584,0.2625688910484314,0.10182476043701172,1.3237674236297607,-3.326352119445801,0.27350568771362305,0.13970184326171875,0.3133768141269684,-2.71362566947937,0.21720217168331146,0.03172731399536133,1.2337663173675537,-2.322622776031494,0.1868816614151001,0.11264848709106445,0.7564868330955505,-1.7854572534561157,0.1578386425971985,0.07649576663970947,1.8303483724594116,-1.0297585725784302,0.1034708023071289,0.2195209264755249,2.2108466625213623,-1.4722572565078735,0.15015697479248047,0.05524849891662598,2.506242513656616,-1.3093634843826294,0.06151461601257324,0.08872365951538086,-0.31340256333351135,-0.0897173210978508,-0.007815897464752197,-0.014598198235034943,0.31340256333351135,0.08971694111824036,0.007816284894943237,0.01459820568561554,0.11218231171369553,0.530595064163208,-0.11476609855890274,-0.02744811773300171,0.9623628258705139,0.8099069595336914,0.09347391128540039,0.027489125728607178,-1.333381175994873,1.2179056406021118,-0.20582056045532227,0.01662766933441162,-0.5730835795402527,1.416363000869751,0.22876834869384766,0.060526490211486816
119,2.1740691661834717,-2.7509617805480957,0.33654093742370605,0.4167208671569824,2.0491881370544434,-2.9677767753601074,0.323459267616272,0.3814890384674072,2.1039557456970215,-2.9110167026519775,0.33055245876312256,0.41251468658447266,1.3132277727127075,-3.1865668296813965,0.3204188942909241,0.2891256809234619,1.625744342803955,-2.9726462364196777,0.30197691917419434,0.35370588302612305,0.5570389032363892,-2.468799114227295,0.24366208910942078,0.2448265552520752,1.444749355316162,-2.008397102355957,0.2109830379486084,0.3142256736755371,0.7947158217430115,-1.5296478271484375,0.03822898864746094,0.2558094263076782,1.702938437461853,-0.7688906788825989,-0.1274099349975586,0.2608678936958313,2.093393325805664,-0.9611054062843323,-0.11745333671569824,0.5111518502235413,2.6112937927246094,-0.8484069108963013,0.10505127906799316,0.4609565734863281,-0.29205435514450073,-0.10355216264724731,0.02134820818901062,-0.013834841549396515,0.2920539379119873,0.10355176031589508,-0.021348625421524048,0.013834819197654724,0.2524252235889435,1.0375391244888306,0.14024290442466736,0.5069440603256226,0.9531264305114746,1.4072527885437012,-0.009236395359039307,0.5973458290100098,-1.1923692226409912,1.3408424854278564,0.14101195335388184,0.12293684482574463,-0.875800371170044,1.725563406944275,-0.30271679162979126,0.3092004060745239
120,3.1042444705963135,-2.7247345447540283,0.9301753044128418,0.026227235794067383,2.9662370681762695,-2.9624714851379395,0.9170489311218262,0.005305290222167969,3.091552257537842,-2.9064910411834717,0.9875965118408203,0.004525661468505859,2.091733694076538,-3.286644458770752,0.7785059213638306,-0.10007762908935547,2.5694921016693115,-3.0709545612335205,0.9437477588653564,-0.09830832481384277,1.223438024520874,-2.724463939666748,0.6663991212844849,-0.2556648254394531,2.0732996463775635,-2.197458028793335,0.6285502910614014,-0.18906092643737793,1.4946188926696777,-1.67837393283844,0.6999030709266663,-0.14872610569000244,2.1393070220947266,-0.7521558403968811,0.43636858463287354,0.016734838485717773,2.8375966548919678,-1.2430287599563599,0.7442033290863037,-0.2819233536720276,3.106600761413574,-1.1764647960662842,0.49530696868896484,-0.3280578851699829,-0.29262495040893555,-0.10364054143428802,-0.0005705952644348145,-8.837878704071045e-05,0.29262450337409973,0.10364008694887161,0.0005705654621124268,8.832663297653198e-05,0.5760418176651001,1.0998581647872925,0.3236165940761566,0.062319040298461914,1.4427369832992554,1.4949321746826172,0.48961055278778076,0.08767938613891602,-1.664830207824707,1.7732561826705933,-0.4724609851837158,0.4324136972427368,-0.9873301386833191,2.1294612884521484,-0.11152976751327515,0.40389788150787354
121,4.491424083709717,-2.435845375061035,1.3871796131134033,0.28888916969299316,4.3455095291137695,-2.709002733230591,1.3792724609375,0.25346875190734863,4.47161865234375,-2.687286615371704,1.3800663948059082,0.21920442581176758,3.3824236392974854,-3.3306586742401123,1.2906899452209473,-0.04401421546936035,3.938291311264038,-3.112820863723755,1.3687992095947266,-0.041866302490234375,2.3007659912109375,-2.9036996364593506,1.0773279666900635,-0.17923569679260254,3.176701784133911,-2.421272039413452,1.1034021377563477,-0.2238140106201172,2.321187973022461,-1.5123624801635742,0.8265690803527832,0.16601145267486572,3.2598114013671875,-0.5130590200424194,1.120504379272461,0.23909682035446167,4.275309085845947,-1.110673189163208,1.4377124309539795,0.13235557079315186,4.520239353179932,-0.8697375059127808,1.4136385917663574,0.3067272901535034,-0.2804262638092041,-0.0964992567896843,0.012198686599731445,0.007141284644603729,0.28042566776275635,0.09649983793497086,-0.012198835611343384,-0.007140249013900757,0.7201582789421082,1.262647271156311,0.14411646127700806,0.16278910636901855,1.6979167461395264,1.7240245342254639,0.255179762840271,0.22909235954284668,-2.2385787963867188,1.9758621454238892,-0.5737485885620117,0.2026059627532959,-1.2704596519470215,2.5209503173828125,-0.2831295132637024,0.39148902893066406
122,5.246108531951904,-1.3833211660385132,0.7546844482421875,1.052524209022522,5.078030586242676,-1.7246084213256836,0.7325210571289062,0.9843943119049072,5.202244758605957,-1.6681647300720215,0.730626106262207,1.0191218852996826,4.35459041595459,-2.8070662021636963,0.9721667766571045,0.523592472076416,4.797458648681641,-2.384788751602173,0.8591673374176025,0.728032112121582,3.2768473625183105,-2.6565730571746826,0.976081371307373,0.24712657928466797,3.9011905193328857,-1.8754228353500366,0.7244887351989746,0.5458492040634155,2.822319746017456,-1.0820549726486206,0.5011317729949951,0.4303075075149536,3.2919387817382812,0.2256302535533905,0.03212738037109375,0.7386893033981323,4.8366827964782715,-0.45285564661026,0.5613737106323242,0.657817542552948,5.063330173492432,-0.28640270233154297,0.5430908203125,0.5833348035812378,-0.22606238722801208,-0.15446341037750244,0.05436387658119202,-0.057964153587818146,0.22606170177459717,0.15446272492408752,-0.05436396598815918,0.05796288698911667,1.4273226261138916,1.8991085290908813,0.7071643471717834,0.6364612579345703,2.5262982845306396,2.626013994216919,0.8283815383911133,0.9019894599914551,-1.9529069662094116,2.5951712131500244,0.28567183017730713,0.6193090677261353,-0.7579136490821838,3.535137414932251,0.5125460028648376,1.0141870975494385
123,4.735238552093506,-1.5359559059143066,-0.5108699798583984,-0.15263473987579346,4.5710649490356445,-1.8336052894592285,-0.5069656372070312,-0.10899686813354492,4.7272419929504395,-1.7767035961151123,-0.4750027656555176,-0.10853886604309082,3.831153154373169,-2.7376301288604736,-0.5234372615814209,0.06943607330322266,4.413626194000244,-2.3400325775146484,-0.3838324546813965,0.044756174087524414,2.8439784049987793,-2.5548770427703857,-0.43286895751953125,0.10169601440429688,3.5375077724456787,-1.8344486951828003,-0.36368274688720703,0.04097414016723633,2.486807107925415,-1.133939504623413,-0.335512638092041,-0.05188453197479248,3.017127275466919,0.02384718880057335,-0.2748115062713623,-0.20178306102752686,4.336361885070801,-0.5970823764801025,-0.5003209114074707,-0.14422672986984253,4.751784801483154,-0.4459989368915558,-0.31154537200927734,-0.15959623456001282,-0.2606385052204132,-0.14552249014377594,-0.03457611799240112,0.008940920233726501,0.2606385052204132,0.14552249014377594,0.03457680344581604,-0.008940234780311584,1.1878424882888794,1.5135467052459717,-0.2394801378250122,-0.38556182384490967,2.395369052886963,2.1658194065093994,-0.13092923164367676,-0.46019458770751953,-1.6394894123077393,2.29691743850708,0.31341755390167236,-0.29825377464294434,-0.21555759012699127,3.1418111324310303,0.5423560738563538,-0.3933262825012207
124,5.209662437438965,-2.9135026931762695,0.474423885345459,-1.377546787261963,5.127669334411621,-3.3320188522338867,0.5566043853759766,-1.4984135627746582,5.008275985717773,-3.1718175411224365,0.281033992767334,-1.3951139450073242,4.410889625549316,-4.114933967590332,0.5797364711761475,-1.3773038387298584,4.336828231811523,-3.531754493713379,-0.0767979621887207,-1.1917219161987305,3.1541059017181396,-3.363527774810791,0.31012749671936035,-0.8086507320404053,3.6088342666625977,-2.4728972911834717,0.07132649421691895,-0.6384485960006714,2.9238152503967285,-1.754034161567688,0.4370081424713135,-0.6200946569442749,3.378049850463867,-0.40395018458366394,0.36092257499694824,-0.4277973771095276,4.584147930145264,-0.684779167175293,0.2477860450744629,-0.08769679069519043,4.960727691650391,-0.765591025352478,0.20894289016723633,-0.31959208846092224,-0.1717178076505661,-0.19224101305007935,0.0889206975698471,-0.046718522906303406,0.1717178076505661,0.19224171340465546,-0.0889206975698471,0.04671922326087952,1.1082509756088257,1.5583341121673584,-0.07959151268005371,0.04478740692138672,2.5451207160949707,2.4165585041046143,0.1497516632080078,0.25073909759521484,-2.0049936771392822,2.2443583011627197,-0.36550426483154297,-0.05255913734436035,-0.38420820236206055,3.3761560916900635,-0.16865061223506927,0.2343449592590332
125,3.5228488445281982,-2.8612899780273438,-1.6868135929107666,0.05221271514892578,3.3949646949768066,-3.138869524002075,-1.7327046394348145,0.19314932823181152,3.490147829055786,-3.0556509494781494,-1.5181281566619873,0.11616659164428711,2.5133612155914307,-3.533499002456665,-1.8975284099578857,0.581434965133667,2.9594602584838867,-3.2010159492492676,-1.3773679733276367,0.33073854446411133,1.5872230529785156,-2.86307430267334,-1.566882848739624,0.5004534721374512,2.3027536869049072,-2.1644930839538574,-1.3060805797576904,0.30840420722961426,1.711370587348938,-1.5786787271499634,-1.2124446630477905,0.1753554344177246,2.363676071166992,-0.460906058549881,-1.014373779296875,-0.05695587396621704,3.188649892807007,-1.0294538736343384,-1.3954980373382568,-0.3446747064590454,3.5921976566314697,-0.9473097920417786,-1.368530035018921,-0.18171876668930054,-0.23122596740722656,-0.14693358540534973,-0.05950815975666046,0.045307427644729614,0.23122547566890717,0.14693407714366913,0.059507668018341064,-0.04530763626098633,1.0057830810546875,1.0431628227233887,-0.10246789455413818,-0.5151712894439697,1.508345127105713,1.5894826650619507,-1.0367755889892578,-0.8270758390426636,-0.9778404235839844,1.8774571418762207,1.0271532535552979,-0.366901159286499,-0.7137600779533386,2.430419921875,-0.3295518755912781,-0.9457361698150635
126,2.9983158111572266,-3.254760265350342,-0.5245330333709717,-0.39347028732299805,2.860701322555542,-3.5027015209198,-0.5342633724212646,-0.3638319969177246,2.9280500411987305,-3.4244699478149414,-0.5620977878570557,-0.368818998336792,1.954818606376648,-3.6960418224334717,-0.5585426092147827,-0.16254281997680664,2.3138201236724854,-3.4020941257476807,-0.6456401348114014,-0.20107817649841309,1.1007766723632812,-2.8460400104522705,-0.4864463806152344,0.017034292221069336,1.8673670291900635,-2.2039034366607666,-0.43538665771484375,-0.03941035270690918,1.4113849401474,-1.6357717514038086,-0.2999856472015381,-0.057093024253845215,2.1670496463775635,-0.5917777419090271,-0.1966264247894287,-0.13087168335914612,2.751455545425415,-1.0918989181518555,-0.4371943473815918,-0.06244504451751709,3.21106219291687,-1.0496829748153687,-0.3811354637145996,-0.10237318277359009,-0.24734720587730408,-0.13564355671405792,-0.016121238470077515,0.011290028691291809,0.24734674394130707,0.13564403355121613,0.016121268272399902,-0.011290043592453003,0.76839679479599,1.0294922590255737,-0.2373862862586975,-0.013670563697814941,1.3208673000335693,1.5123313665390015,-0.18747782707214355,-0.07715129852294922,-1.0845024585723877,1.733778715133667,-0.10666203498840332,-0.1436784267425537,-0.883394718170166,2.1833150386810303,-0.1696346402168274,-0.24710488319396973
127,2.5086402893066406,-3.899989128112793,-0.48967552185058594,-0.6452288627624512,2.364494800567627,-4.1728835105896,-0.49620652198791504,-0.6701819896697998,2.3875982761383057,-4.1043901443481445,-0.5404517650604248,-0.6799201965332031,1.5217500925064087,-4.3387770652771,-0.43306851387023926,-0.6427352428436279,1.702571988105774,-4.09743070602417,-0.6112481355667114,-0.6953365802764893,0.7206048369407654,-3.2606964111328125,-0.38017183542251587,-0.414656400680542,1.5253156423568726,-2.66702938079834,-0.3420513868331909,-0.46312594413757324,1.2830820083618164,-2.0502841472625732,-0.1283029317855835,-0.41451239585876465,2.1801230907440186,-0.9752631187438965,0.013073444366455078,-0.3834853768348694,2.6724610328674316,-1.3902411460876465,-0.0789945125579834,-0.298342227935791,3.258908748626709,-1.2151832580566406,0.04784655570983887,-0.16550028324127197,-0.24693341553211212,-0.1301763951778412,0.00041379034519195557,0.005467161536216736,0.24693341553211212,0.1301763951778412,-0.0004133284091949463,-0.005467638373374939,0.7475861310958862,1.1884772777557373,-0.02081066370010376,0.15898501873016357,1.2904670238494873,1.6306352615356445,-0.03040027618408203,0.11830389499664307,-1.1779812574386597,1.879371166229248,-0.09347879886627197,0.14559245109558105,-1.179877519607544,2.2411649227142334,-0.29648280143737793,0.057849884033203125
128,2.147331476211548,-3.9445648193359375,-0.3613088130950928,-0.04457569122314453,1.9957894086837769,-4.163369178771973,-0.3687053918838501,0.009514331817626953,1.9986937046051025,-4.1061930656433105,-0.3889045715332031,-0.0018029212951660156,1.1614876985549927,-4.1998291015625,-0.360262393951416,0.1389479637145996,1.3473292589187622,-3.973093271255493,-0.3552427291870117,0.12433743476867676,0.48195773363113403,-3.1146981716156006,-0.23864710330963135,0.14599823951721191,1.3370715379714966,-2.5962576866149902,-0.18824410438537598,0.07077169418334961,1.228615164756775,-2.022062301635742,-0.054466843605041504,0.028221845626831055,2.1107146739959717,-1.0262259244918823,-0.06940841674804688,-0.05096280574798584,2.6147637367248535,-1.4126225709915161,-0.057697296142578125,-0.02238142490386963,3.151409387588501,-1.24811589717865,-0.10749936103820801,-0.03293263912200928,-0.2856733500957489,-0.11179032176733017,-0.03873993456363678,0.018386073410511017,0.2856729030609131,0.11179032176733017,0.038739487528800964,-0.018386073410511017,0.3508927524089813,1.207520604133606,-0.3966933786869049,0.019043326377868652,1.2512434720993042,1.5780723094940186,-0.039223551750183105,-0.05256295204162598,-1.5057034492492676,1.6559065580368042,-0.3277221918106079,-0.22346460819244385,-1.0150740146636963,1.948397159576416,0.16480350494384766,-0.2927677631378174
129,1.7915446758270264,-4.253419876098633,-0.3557868003845215,-0.3088550567626953,1.6418510675430298,-4.445903301239014,-0.35393834114074707,-0.282534122467041,1.61233651638031,-4.411789894104004,-0.3863571882247925,-0.30559682846069336,0.8243921399116516,-4.429266452789307,-0.33709555864334106,-0.22943735122680664,0.959388017654419,-4.2196221351623535,-0.38794124126434326,-0.24652886390686035,0.21212173998355865,-3.3028197288513184,-0.2698360085487366,-0.18812155723571777,1.1228857040405273,-2.889892339706421,-0.21418583393096924,-0.29363465309143066,0.98502117395401,-2.3208701610565186,-0.2435939908027649,-0.29880785942077637,2.1662745475769043,-1.5372065305709839,0.05555987358093262,-0.5109806060791016,2.427705764770508,-2.009376049041748,-0.1870579719543457,-0.5967534780502319,2.85056471824646,-1.8059297800064087,-0.300844669342041,-0.5578138828277588,-0.31423696875572205,-0.08518961817026138,-0.028563618659973145,0.026600703597068787,0.31423696875572205,0.08518961817026138,0.02856406569480896,-0.026600703597068787,-0.24232810735702515,0.6016678810119629,-0.5932208299636841,-0.6058527231216431,0.7840998768806458,0.8674342036247253,-0.46714359521865845,-0.7106381058692932,-1.601237416267395,1.3394672870635986,-0.09553396701812744,-0.31643927097320557,-0.6772785186767578,1.571662425994873,0.3377954959869385,-0.37673473358154297
130,1.422171711921692,-3.5507242679595947,-0.3693729639053345,0.7026956081390381,1.2530536651611328,-3.7395942211151123,-0.388797402381897,0.7063090801239014,1.2653661966323853,-3.689786195755005,-0.3469703197479248,0.722003698348999,0.5376056432723999,-3.7501373291015625,-0.2867864966392517,0.6791291236877441,0.6567440032958984,-3.5409021377563477,-0.3026440143585205,0.6787199974060059,0.011400824412703514,-2.702841281890869,-0.2007209211587906,0.5999784469604492,0.8722823858261108,-2.194035768508911,-0.2506033182144165,0.6958565711975098,0.5084109902381897,-2.0098843574523926,-0.4766101837158203,0.310985803604126,1.6766366958618164,-0.9901570081710815,-0.4896378517150879,0.5470495223999023,1.6728343963623047,-1.3904703855514526,-0.7548713684082031,0.6189056634902954,2.6235203742980957,-0.8563128113746643,-0.22704434394836426,0.9496169686317444,-0.27100270986557007,-0.11414242535829544,0.04323425889015198,-0.028952807188034058,0.27100270986557007,0.11414285004138947,-0.04323425889015198,0.028953231871128082,0.40285444259643555,1.3052490949630737,0.6451825499534607,0.7035812139511108,1.053415298461914,1.6588343381881714,0.2693154215812683,0.791400134563446,-1.2582138776779175,1.6796690225601196,0.34302353858947754,0.340201735496521,-1.106580138206482,2.001103639602661,-0.4293016195297241,0.4294412136077881
131,1.250948190689087,-3.504987955093384,-0.17122352123260498,0.04573631286621094,1.0946142673492432,-3.7047019004821777,-0.15843939781188965,0.03489232063293457,1.1070432662963867,-3.645357847213745,-0.15832293033599854,0.044428348541259766,0.4023732542991638,-3.7520687580108643,-0.13523238897323608,-0.0019314289093017578,0.51252681016922,-3.5373315811157227,-0.14421719312667847,0.003570556640625,-0.1436845362186432,-2.748073101043701,-0.15508535504341125,-0.04523181915283203,0.7219194769859314,-2.2473440170288086,-0.15036290884017944,-0.05330824851989746,0.36082467436790466,-2.030959367752075,-0.14758631587028503,-0.021075010299682617,1.4699069261550903,-1.0365289449691772,-0.20672976970672607,-0.0463719367980957,1.5594273805618286,-1.387841820716858,-0.11340701580047607,0.0026285648345947266,2.5164976119995117,-0.777819037437439,-0.10702276229858398,0.07849377393722534,-0.2690553069114685,-0.1199752613902092,0.0019474029541015625,-0.005832836031913757,0.2690548896789551,0.11997568607330322,-0.0019478201866149902,0.005832836031913757,0.48505231738090515,1.3819880485534668,0.0821978747844696,0.07673895359039307,1.089050054550171,1.7217864990234375,0.035634756088256836,0.06295216083526611,-0.893022894859314,1.7262895107269287,0.3651909828186035,0.04662048816680908,-0.8754367828369141,2.0463149547576904,0.23114335536956787,0.0452113151550293
132,1.171101689338684,-3.529775619506836,-0.07984650135040283,-0.02478766441345215,1.005473017692566,-3.7337443828582764,-0.08914124965667725,-0.029042482376098633,1.0292415618896484,-3.6849052906036377,-0.07780170440673828,-0.03954744338989258,0.27480047941207886,-3.797861099243164,-0.12757277488708496,-0.045792341232299805,0.37689217925071716,-3.5972135066986084,-0.1356346309185028,-0.05988192558288574,-0.2709735333919525,-2.7699060440063477,-0.12728899717330933,-0.021832942962646484,0.620266854763031,-2.3163747787475586,-0.10165262222290039,-0.06903076171875,0.2970718443393707,-1.9496806859970093,-0.06375283002853394,0.08127868175506592,1.5465471744537354,-1.184717059135437,0.07664024829864502,-0.14818811416625977,1.5026859045028687,-1.3483550548553467,-0.05674147605895996,0.03948676586151123,2.5618560314178467,-1.0292162895202637,0.04535841941833496,-0.2513972520828247,-0.27060794830322266,-0.11021929979324341,-0.0015526413917541504,0.00975596159696579,0.27060753107070923,0.11021929979324341,0.0015526413917541504,-0.009756386280059814,0.4827065169811249,1.1971638202667236,-0.0023458003997802734,-0.18482422828674316,1.039971113204956,1.4877798557281494,-0.049078941345214844,-0.23400664329528809,-0.7337657809257507,1.6932615041732788,0.15925711393356323,-0.0330280065536499,-0.7430317401885986,1.9377530813217163,0.13240504264831543,-0.10856187343597412
133,1.1876412630081177,-3.64270281791687,0.016539573669433594,-0.11292719841003418,1.0302236080169678,-3.8507418632507324,0.024750590324401855,-0.11699748039245605,1.0372405052185059,-3.8037335872650146,0.007998943328857422,-0.11882829666137695,0.3299110531806946,-3.901803493499756,0.05511057376861572,-0.1039423942565918,0.40775778889656067,-3.7094039916992188,0.030865609645843506,-0.11219048500061035,-0.21886736154556274,-2.8315114974975586,0.05210617184638977,-0.06160545349121094,0.6929981112480164,-2.421022415161133,0.07273125648498535,-0.10464763641357422,0.36210915446281433,-1.9751096963882446,0.0650373101234436,-0.02542901039123535,1.624758005142212,-1.2819271087646484,0.07821083068847656,-0.09721004962921143,1.6505495309829712,-1.4161853790283203,0.14786362648010254,-0.06783032417297363,2.657921314239502,-1.1354173421859741,0.09606528282165527,-0.10620105266571045,-0.2786141037940979,-0.10323843359947205,-0.008006155490875244,0.006980866193771362,0.2786136865615845,0.10323843359947205,0.008006155490875244,-0.006980866193771362,0.5738320350646973,1.114598035812378,0.09112551808357239,-0.0825657844543457,1.1617505550384521,1.394031286239624,0.1217794418334961,-0.09374856948852539,-0.744591236114502,1.646981120109558,-0.01082545518875122,-0.0462803840637207,-0.745779275894165,1.912314534187317,-0.0027475357055664062,-0.025438547134399414
134,1.1380622386932373,-3.3408925533294678,-0.04957902431488037,0.30181026458740234,0.9844147562980652,-3.5263147354125977,-0.04580885171890259,0.32442712783813477,1.0155236721038818,-3.4882471561431885,-0.021716833114624023,0.31548643112182617,0.29598546028137207,-3.5736300945281982,-0.03392559289932251,0.3281733989715576,0.45420175790786743,-3.4028022289276123,0.04644396901130676,0.30660176277160645,-0.23306278884410858,-2.593489408493042,-0.014195427298545837,0.2380220890045166,0.696244478225708,-2.224181890487671,0.0032463669776916504,0.19684052467346191,0.2919991910457611,-1.7857764959335327,-0.07010996341705322,0.18933320045471191,1.4734784364700317,-1.1639676094055176,-0.15127956867218018,0.11795949935913086,1.5510120391845703,-1.284953236579895,-0.09953749179840088,0.1312321424484253,2.466426372528076,-1.02713942527771,-0.19149494171142578,0.10827791690826416,-0.29160138964653015,-0.09233781695365906,-0.012987285852432251,0.010900616645812988,0.2916010022163391,0.09233781695365906,0.012987315654754639,-0.010900616645812988,0.3900165855884552,1.0770820379257202,-0.18381544947624207,-0.037515997886657715,1.0303850173950195,1.32427978515625,-0.13136553764343262,-0.06975150108337402,-0.7524039149284363,1.586677074432373,-0.007812678813934326,-0.06030404567718506,-0.6733974814414978,1.8249119520187378,0.07238179445266724,-0.0874025821685791
135,1.1780041456222534,-3.325369119644165,0.03994190692901611,0.015523433685302734,1.0314866304397583,-3.501871109008789,0.047071874141693115,0.024443626403808594,1.0748063325881958,-3.471111536026001,0.059282660484313965,0.0171356201171875,0.3412928581237793,-3.5424253940582275,0.04530739784240723,0.031204700469970703,0.5530080199241638,-3.393070936203003,0.09880626201629639,0.009731292724609375,-0.19929717481136322,-2.5934557914733887,0.03376561403274536,3.361701965332031e-05,0.7388625144958496,-2.247252941131592,0.0426180362701416,-0.0230710506439209,0.32968538999557495,-1.7535384893417358,0.03768619894981384,0.032238006591796875,1.45280921459198,-1.1595295667648315,-0.020669221878051758,0.004438042640686035,1.6209949254989624,-1.2746502161026,0.06998288631439209,0.010303020477294922,2.439305067062378,-1.0426709651947021,-0.027121305465698242,-0.015531539916992188,-0.294950395822525,-0.08745747059583664,-0.003349006175994873,0.004880346357822418,0.294950395822525,0.087457075715065,0.003349393606185913,-0.004880741238594055,0.3797454833984375,1.0843124389648438,-0.0102711021900177,0.007230401039123535,0.9953030943870544,1.316627025604248,-0.03508192300796509,-0.007652759552001953,-0.6527233123779297,1.5917519330978394,0.09968060255050659,0.005074858665466309,-0.6292978525161743,1.8045036792755127,0.044099628925323486,-0.020408272743225098
136,1.2718836069107056,-3.168938636779785,0.09387946128845215,0.15643048286437988,1.1305586099624634,-3.345855236053467,0.09907197952270508,0.15601587295532227,1.1720408201217651,-3.315610647201538,0.09723448753356934,0.1555008888244629,0.4563794434070587,-3.3902711868286133,0.11508658528327942,0.15215420722961426,0.6857754588127136,-3.2408387660980225,0.1327674388885498,0.15223217010498047,-0.09244876354932785,-2.424370527267456,0.10684841126203537,0.16908526420593262,0.8607167601585388,-2.1219213008880615,0.12185424566268921,0.12533164024353027,0.3246791958808899,-1.5411553382873535,-0.005006194114685059,0.21238315105438232,1.4390159845352173,-1.0526551008224487,-0.013793230056762695,0.10687446594238281,1.5457324981689453,-1.1416776180267334,-0.07526242733001709,0.1329725980758667,2.2877566814422607,-0.9990696310997009,-0.1515483856201172,0.04360133409500122,-0.3029709458351135,-0.0763312503695488,-0.008020550012588501,0.011126220226287842,0.3029709458351135,0.07633163034915924,0.008020550012588501,-0.011125445365905762,0.3747707009315491,1.0138119459152222,-0.004974782466888428,-0.07050049304962158,0.9816808700561523,1.233021855354309,-0.0136222243309021,-0.08360517024993896,-0.6678847074508667,1.4966994524002075,-0.015161395072937012,-0.09505248069763184,-0.6627591252326965,1.733456015586853,-0.03346127271652222,-0.07104766368865967
137,1.4932048320770264,-3.1811325550079346,0.2213212251663208,-0.012193918228149414,1.3321250677108765,-3.3355064392089844,0.20156645774841309,0.010348796844482422,1.40885591506958,-3.315891742706299,0.23681509494781494,-0.0002810955047607422,0.5812108516693115,-3.3266348838806152,0.12483140826225281,0.06363630294799805,0.9629296660423279,-3.181797742843628,0.27715420722961426,0.05904102325439453,0.05883517488837242,-2.3806183338165283,0.15128393471240997,0.043752193450927734,1.0114754438400269,-2.0765185356140137,0.15075868368148804,0.04540276527404785,0.39066338539123535,-1.4770526885986328,0.06598418951034546,0.0641026496887207,1.4419783353805542,-0.9794224500656128,0.002962350845336914,0.07323265075683594,1.5374748706817627,-1.033347249031067,-0.008257627487182617,0.1083303689956665,2.2440810203552246,-0.9318710565567017,-0.04367566108703613,0.06719857454299927,-0.30473271012306213,-0.07574015855789185,-0.0017617642879486084,0.0005910918116569519,0.3047330975532532,0.075739786028862,0.0017621517181396484,-0.0005918443202972412,0.3944779336452484,1.0154099464416504,0.01970723271369934,0.0015980005264282227,0.9665064811706543,1.2575583457946777,-0.015174388885498047,0.024536490440368652,-0.6844853758811951,1.5159517526626587,-0.01660066843032837,0.019252300262451172,-0.6894529461860657,1.7868564128875732,-0.02669382095336914,0.053400397300720215
138,1.7974045276641846,-2.929074764251709,0.3041996955871582,0.2520577907562256,1.6761753559112549,-3.123445749282837,0.3440502882003784,0.21206068992614746,1.7235217094421387,-3.0817666053771973,0.3146657943725586,0.23412513732910156,0.9538893699645996,-3.2548375129699707,0.3726785182952881,0.07179737091064453,1.2115095853805542,-3.087277412414551,0.24857991933822632,0.09452033042907715,0.20758779346942902,-2.4721827507019043,0.1487526148557663,-0.09156441688537598,1.14359712600708,-2.1202075481414795,0.13212168216705322,-0.04368901252746582,0.4537174701690674,-1.4840747117996216,0.06305408477783203,-0.0070220232009887695,1.4246586561203003,-0.9204888343811035,-0.017319679260253906,0.05893361568450928,1.641548752784729,-1.0131492614746094,0.10407388210296631,0.02019798755645752,2.244513511657715,-0.9066492915153503,0.0004324913024902344,0.02522176504135132,-0.297965407371521,-0.08659069985151291,0.006767302751541138,-0.010850541293621063,0.297965407371521,0.08659069985151291,-0.006767690181732178,0.01085091382265091,0.4584578573703766,0.9687327742576599,0.06397992372512817,-0.04667717218399048,1.0331534147262573,1.2275879383087158,0.06664693355560303,-0.029970407485961914,-0.6674593091011047,1.5080738067626953,0.017026066780090332,-0.007877945899963379,-0.7170319557189941,1.7722601890563965,-0.027579009532928467,-0.014596223831176758
139,2.3641855716705322,-3.0818424224853516,0.5667810440063477,-0.15276765823364258,2.22233510017395,-3.3041293621063232,0.5461597442626953,-0.18068361282348633,2.3454318046569824,-3.2641701698303223,0.6219100952148438,-0.182403564453125,1.3906641006469727,-3.5108895301818848,0.43677473068237305,-0.25605201721191406,1.9342728853225708,-3.334775686264038,0.7227632999420166,-0.2474982738494873,0.6581230163574219,-2.7417867183685303,0.45053523778915405,-0.269603967666626,1.5814334154129028,-2.357732057571411,0.43783628940582275,-0.23752450942993164,0.8167794346809387,-1.5795202255249023,0.36306196451187134,-0.09544551372528076,1.6975157260894775,-0.9731844663619995,0.27285706996917725,-0.052695631980895996,2.219956874847412,-1.0810354948043823,0.5784081220626831,-0.06788623332977295,2.6215686798095703,-1.0829914808273315,0.37705516815185547,-0.1763421893119812,-0.29680606722831726,-0.09278339147567749,0.0011593401432037354,-0.006192691624164581,0.29680606722831726,0.09278296679258347,-0.0011593401432037354,0.006192266941070557,0.6399037837982178,0.8962984085083008,0.1814459264278412,-0.07243436574935913,1.125897765159607,1.238559603691101,0.09274435043334961,0.010971665382385254,-0.8676503300666809,1.6334161758422852,-0.20019102096557617,0.12534236907958984,-0.8183523416519165,2.0117571353912354,-0.10132038593292236,0.23949694633483887
140,11.670254707336426,-13.129000663757324,9.306069374084473,-10.047158241271973,12.512636184692383,-14.324926376342773,10.290301322937012,-11.020796775817871,10.603743553161621,-14.435446739196777,8.258312225341797,-11.171276092529297,12.355127334594727,-15.084700584411621,10.964463233947754,-11.573810577392578,8.535531997680664,-14.9857177734375,6.601259231567383,-11.650941848754883,7.500654697418213,-11.301095008850098,6.842531681060791,-8.559308052062988,8.479011535644531,-11.094170570373535,6.897578239440918,-8.736438751220703,6.657211780548096,-5.974227428436279,5.840432167053223,-4.394707202911377,8.324214935302734,-5.037216663360596,6.626699447631836,-4.064032077789307,11.166455268859863,-3.9362847805023193,8.94649887084961,-2.8552494049072266,13.409795761108398,-4.646182060241699,10.788227081298828,-3.563190460205078,-0.31772565841674805,-0.0007654416840523481,-0.020919591188430786,0.09201794862747192,0.31772565841674805,0.0007654416840523481,0.020919591188430786,-0.0920175239443779,1.9997766017913818,3.9424328804016113,1.359872817993164,3.0461344718933105,4.084439754486084,4.402061462402344,2.9585418701171875,3.163501739501953,-3.1772382259368896,8.36472225189209,-2.3095879554748535,6.731306076049805,-2.9601998329162598,9.490533828735352,-2.141847610473633,7.478776931762695
141,2.2224011421203613,-1.6320346593856812,-9.447853088378906,11.496966361999512,2.1590287685394287,-1.7992709875106812,-10.353607177734375,12.525655746459961,2.220061779022217,-1.7278287410736084,-8.383682250976562,12.70761775970459,1.676282286643982,-2.151463270187378,-10.678845405578613,12.933237075805664,2.0474770069122314,-1.8532042503356934,-6.488055229187012,13.132513046264648,0.9247360825538635,-1.9471204280853271,-6.575918674468994,9.353974342346191,1.760718584060669,-1.3983644247055054,-6.718293190002441,9.695806503295898,0.05371434614062309,-1.1005240678787231,-6.603497505187988,4.873703479766846,1.6132574081420898,-0.4909997582435608,-6.7109575271606445,4.54621696472168,0.22441130876541138,-0.13898852467536926,-10.942044258117676,3.7972962856292725,2.2154481410980225,-0.6451455354690552,-11.194347381591797,4.001036643981934,-0.250131756067276,-0.10746655613183975,0.06759390234947205,-0.10670111328363419,0.25013142824172974,0.10746686905622482,-0.06759423017501831,0.10670142620801926,0.1845327466726303,0.49962010979652405,-1.8152438402175903,-3.44281268119812,0.755598247051239,0.9312185645103455,-3.3288414478302,-3.4708428382873535,-0.833727240562439,1.0743950605392456,2.3435111045837402,-7.290327072143555,-0.38150379061698914,1.5042301416397095,2.5786960124969482,-7.986303806304932
142,2.6417293548583984,-0.9341604709625244,0.4193282127380371,0.6978741884231567,2.526181697845459,-1.1502196788787842,0.3671529293060303,0.649051308631897,2.611358642578125,-1.0451451539993286,0.3912968635559082,0.6826835870742798,2.1173441410064697,-1.8064621686935425,0.4410618543624878,0.34500110149383545,2.497100353240967,-1.3868560791015625,0.44962334632873535,0.46634817123413086,1.509206771850586,-1.8145760297775269,0.5844706892967224,0.1325443983078003,2.2060210704803467,-1.0973244905471802,0.44530248641967773,0.3010399341583252,0.7300719022750854,-1.0702812671661377,0.6763575673103333,0.03024280071258545,1.925737738609314,-0.13320419192314148,0.3124803304672241,0.3577955663204193,1.2219725847244263,0.19877545535564423,0.9975612759590149,0.3377639651298523,2.695627450942993,-0.13978692889213562,0.4801793098449707,0.5053585767745972,-0.20543651282787323,-0.14272969961166382,0.04469524323940277,-0.035263143479824066,0.20543651282787323,0.14272931218147278,-0.044694915413856506,0.035262443125247955,0.5141615867614746,0.84159255027771,0.3296288251876831,0.3419724404811859,1.0628784894943237,1.4710357189178467,0.3072802424430847,0.5398171544075012,-0.9875468015670776,1.296612024307251,-0.15381956100463867,0.22221696376800537,-0.5693854093551636,2.0217232704162598,-0.18788161873817444,0.5174931287765503
143,3.9081389904022217,-1.1242866516113281,1.2664096355438232,-0.1901261806488037,3.7299625873565674,-1.438710331916809,1.2037808895111084,-0.2884906530380249,3.820403575897217,-1.2936574220657349,1.2090449333190918,-0.24851226806640625,3.2426376342773438,-2.3955440521240234,1.125293493270874,-0.589081883430481,3.6037166118621826,-1.8287467956542969,1.1066162586212158,-0.4418907165527344,2.6928517818450928,-2.3954992294311523,1.1836450099945068,-0.5809231996536255,2.961594820022583,-1.432287335395813,0.7555737495422363,-0.3349628448486328,2.534834861755371,-1.6083695888519287,1.8047629594802856,-0.538088321685791,2.3622303009033203,0.0005021039396524429,0.43649256229400635,0.13370630145072937,3.960540294647217,-0.14941281080245972,2.73856782913208,-0.34818828105926514,3.752526044845581,0.06865711510181427,1.056898593902588,0.2084440439939499,-0.09404150396585464,-0.2021419256925583,0.11139500886201859,-0.05941222608089447,0.09404096007347107,0.20214137434959412,-0.11139555275440216,0.05941206216812134,1.0011177062988281,1.3371526002883911,0.4869561195373535,0.49556005001068115,1.7674769163131714,2.2526209354400635,0.7045984268188477,0.7815852165222168,-1.3863784074783325,1.8498318195343018,-0.3988316059112549,0.5532197952270508,-0.605197548866272,2.9805469512939453,-0.0358121395111084,0.9588236808776855
144,2.3013648986816406,-1.4369189739227295,-1.606774091720581,-0.31263232231140137,2.2078964710235596,-1.623407006263733,-1.5220661163330078,-0.18469667434692383,2.2814605236053467,-1.5491863489151,-1.5389430522918701,-0.25552892684936523,1.6835300922393799,-2.0874714851379395,-1.5591075420379639,0.308072566986084,2.078094244003296,-1.7698137760162354,-1.5256223678588867,0.05893301963806152,1.0065094232559204,-1.9504947662353516,-1.6863423585891724,0.4450044631958008,1.7975397109985352,-1.3387175798416138,-1.1640551090240479,0.09356975555419922,0.4902382791042328,-1.1940866708755493,-2.0445966720581055,0.4142829179763794,1.6935021877288818,-0.348376601934433,-0.6687281131744385,-0.3488787114620209,1.0192965269088745,-0.3162707984447479,-2.9412436485290527,-0.1668579876422882,2.3334619998931885,-0.44628897309303284,-1.4190640449523926,-0.5149461030960083,-0.2524690628051758,-0.12461236119270325,-0.15842756628990173,0.07752956449985504,0.2524690628051758,0.12461236119270325,0.1584281027317047,-0.07752901315689087,0.37801072001457214,0.6859584450721741,-0.6231069564819336,-0.651194155216217,1.0603947639465332,1.1548055410385132,-0.7070821523666382,-1.0978153944015503,-0.9308923482894897,1.2394744157791138,0.4554860591888428,-0.610357403755188,-0.29214048385620117,1.7150267362594604,0.3130570650100708,-1.2655202150344849
145,2.6511895656585693,-2.3746728897094727,0.3498246669769287,-0.9377539157867432,2.55950927734375,-2.6140780448913574,0.35161280632019043,-0.9906710386276245,2.596623182296753,-2.5242106914520264,0.31516265869140625,-0.9750243425369263,1.812748908996582,-2.9557700157165527,0.12921881675720215,-0.8682985305786133,2.1094319820404053,-2.6218225955963135,0.031337738037109375,-0.8520088195800781,0.9338218569755554,-2.44755482673645,-0.07268756628036499,-0.49706006050109863,1.7163640260696411,-1.8249573707580566,-0.08117568492889404,-0.48623979091644287,0.7206632494926453,-1.4879604578018188,0.23042497038841248,-0.29387378692626953,1.7583609819412231,-0.617072343826294,0.06485879421234131,-0.26869574189186096,1.766263723373413,-0.9373998641967773,0.7469671964645386,-0.621129035949707,2.5567405223846436,-0.8041347861289978,0.22327852249145508,-0.35784581303596497,-0.25707611441612244,-0.13302312791347504,-0.004607051610946655,-0.00841076672077179,0.2570765018463135,0.13302312791347504,0.004607439041137695,0.00841076672077179,0.619914174079895,0.6166791915893555,0.24190345406532288,-0.0692792534828186,1.1216436624526978,1.0656609535217285,0.06124889850616455,-0.08914458751678467,-0.802365779876709,1.3646191358566284,0.12852656841278076,0.12514472007751465,-0.45197054743766785,1.8573553562164307,-0.15983006358146667,0.14232861995697021
146,2.3701412677764893,-2.6646227836608887,-0.2810482978820801,-0.289949893951416,2.243861198425293,-2.9090259075164795,-0.31564807891845703,-0.29494786262512207,2.3356385231018066,-2.8504557609558105,-0.2609846591949463,-0.3262450695037842,1.4702541828155518,-3.219994306564331,-0.3424947261810303,-0.2642242908477783,1.863817572593689,-2.993645429611206,-0.2456144094467163,-0.3718228340148926,0.6904176473617554,-2.4957220554351807,-0.24340420961380005,-0.04816722869873047,1.5494844913482666,-1.9838587045669556,-0.1668795347213745,-0.15890133380889893,0.7777876853942871,-1.5181621313095093,0.057124435901641846,-0.03020167350769043,1.7394921779632568,-0.7184575200080872,-0.01886880397796631,-0.10138517618179321,1.896812081336975,-0.9848061203956604,0.130548357963562,-0.04740625619888306,2.5693295001983643,-0.8956099152565002,0.012588977813720703,-0.09147512912750244,-0.27118727564811707,-0.11652815341949463,-0.014111161231994629,0.016494974493980408,0.27118727564811707,0.11652776598930359,0.014110773801803589,-0.016495361924171448,0.6636749505996704,0.8605261445045471,0.04376077651977539,0.24384695291519165,1.1606637239456177,1.2593390941619873,0.03902006149291992,0.1936781406402588,-0.7895033359527588,1.4260578155517578,0.012862443923950195,0.061438679695129395,-0.6236450672149658,1.804634690284729,-0.17167451977729797,-0.05272066593170166
147,2.1601366996765137,-3.2551686763763428,-0.21000456809997559,-0.5905458927154541,2.0168356895446777,-3.4897069931030273,-0.22702550888061523,-0.5806810855865479,2.0303752422332764,-3.411170244216919,-0.3052632808685303,-0.5607144832611084,1.2469992637634277,-3.5994534492492676,-0.22325491905212402,-0.3794591426849365,1.4462037086486816,-3.315227746963501,-0.4176138639450073,-0.3215823173522949,0.5270755290985107,-2.574455499649048,-0.16334211826324463,-0.07873344421386719,1.379340410232544,-2.051345109939575,-0.17014408111572266,-0.06748640537261963,0.903143048286438,-1.6316298246383667,0.12535536289215088,-0.11346769332885742,1.7579171657562256,-0.7597838044166565,0.01842498779296875,-0.041326284408569336,2.066993474960327,-1.0869688987731934,0.17018139362335205,-0.10216277837753296,2.6441397666931152,-0.8103288412094116,0.07481026649475098,0.08528107404708862,-0.2754459083080292,-0.12009410560131073,-0.004258632659912109,-0.003565952181816101,0.2754463255405426,0.12009410560131073,0.004259049892425537,0.003566339612007141,0.6570103764533997,1.0579534769058228,-0.006664574146270752,0.19742733240127563,1.2944188117980957,1.4527817964553833,0.13375508785247803,0.193442702293396,-0.828435480594635,1.4651304483413696,-0.03893214464187622,0.039072632789611816,-0.7255829572677612,1.898956060409546,-0.10193789005279541,0.0943213701248169
148,2.1183598041534424,-3.6769862174987793,-0.04177689552307129,-0.4218175411224365,1.9409890174865723,-3.853681802749634,-0.07584667205810547,-0.36397480964660645,1.9588682651519775,-3.807318925857544,-0.07150697708129883,-0.396148681640625,1.128058671951294,-3.8115789890289307,-0.11894059181213379,-0.21212553977966309,1.3974113464355469,-3.5500478744506836,-0.048792362213134766,-0.23482012748718262,0.5014398694038391,-2.7220041751861572,-0.02563565969467163,-0.14754867553710938,1.3733937740325928,-2.2324161529541016,-0.005946636199951172,-0.18107104301452637,0.8660979866981506,-1.7183860540390015,-0.037045061588287354,-0.08675622940063477,1.7824995517730713,-0.8858092427253723,0.024582386016845703,-0.12602543830871582,2.063305139541626,-1.1125597953796387,-0.003688335418701172,-0.025590896606445312,2.813063621520996,-0.8551745414733887,0.16892385482788086,-0.04484570026397705,-0.29254648089408875,-0.11206093430519104,-0.01710057258605957,0.00803317129611969,0.29254692792892456,0.11206093430519104,0.017100602388381958,-0.00803317129611969,0.5412746071815491,0.9145064353942871,-0.11573576927185059,-0.14344704151153564,1.290258765220642,1.2893320322036743,-0.004160046577453613,-0.16344976425170898,-0.9380673170089722,1.6136113405227661,-0.10963183641433716,0.14848089218139648,-0.6948781609535217,2.0430710315704346,0.030704796314239502,0.14411497116088867
149,1.9837596416473389,-3.717942476272583,-0.13460016250610352,-0.04095625877380371,1.7783325910568237,-3.876162052154541,-0.16265642642974854,-0.022480249404907227,1.813429832458496,-3.8378067016601562,-0.14543843269348145,-0.030487775802612305,0.9167777895927429,-3.7920820713043213,-0.21128088235855103,0.019496917724609375,1.203763484954834,-3.534670114517212,-0.1936478614807129,0.01537775993347168,0.3501664102077484,-2.6408941745758057,-0.1512734591960907,0.08111000061035156,1.2360763549804688,-2.177036762237549,-0.13731741905212402,0.055379390716552734,0.7519953846931458,-1.6624248027801514,-0.11410260200500488,0.0559612512588501,1.6891728639602661,-0.8975924253463745,-0.09332668781280518,-0.011783182621002197,1.9666600227355957,-1.0247068405151367,-0.09664511680603027,0.08785295486450195,2.725597620010376,-0.7938631176948547,-0.08746600151062012,0.061311423778533936,-0.303397536277771,-0.10826639831066132,-0.010851055383682251,0.003794535994529724,0.3033979535102844,0.10826639831066132,0.010851025581359863,-0.003794535994529724,0.49393606185913086,1.0105938911437988,-0.04733854532241821,0.09608745574951172,1.3028013706207275,1.3659489154815674,0.01254260540008545,0.07661688327789307,-0.9817798137664795,1.7068759202957153,-0.043712496757507324,0.09326457977294922,-0.636319637298584,2.1269991397857666,0.058558523654937744,0.08392810821533203
150,1.6867057085037231,-3.369741678237915,-0.2970539331436157,0.34820079803466797,1.5154873132705688,-3.552574396133423,-0.2628452777862549,0.32358765602111816,1.5418055057525635,-3.4975993633270264,-0.2716243267059326,0.3402073383331299,0.7522460222244263,-3.57368803024292,-0.16453176736831665,0.21839404106140137,0.9724496603012085,-3.3133325576782227,-0.2313138246536255,0.22133755683898926,0.1698615849018097,-2.5732343196868896,-0.18030482530593872,0.06765985488891602,1.0561604499816895,-2.1101207733154297,-0.1799159049987793,0.06691598892211914,0.5412853956222534,-1.6540539264678955,-0.21070998907089233,0.00837087631225586,1.5089672803878784,-0.9365676641464233,-0.1802055835723877,-0.03897523880004883,1.6418222188949585,-1.0804821252822876,-0.3248378038406372,-0.05577528476715088,2.4440114498138428,-0.8873441815376282,-0.2815861701965332,-0.09348106384277344,-0.3007248640060425,-0.10756475478410721,0.0026726722717285156,0.0007016435265541077,0.3007252514362335,0.10756395012140274,-0.0026727020740509033,-0.0007024481892585754,0.41038671135902405,0.7120301127433777,-0.08354935050010681,-0.29856377840042114,1.1579889059066772,1.0362000465393066,-0.1448124647140503,-0.32974886894226074,-0.8316925168037415,1.4689288139343262,0.15008729696273804,-0.23794710636138916,-0.5130842328071594,1.8304853439331055,0.12323540449142456,-0.29651379585266113
151,1.5456920862197876,-3.3145785331726074,-0.14101362228393555,0.05516314506530762,1.3928265571594238,-3.4865338802337646,-0.12266075611114502,0.0660405158996582,1.4039771556854248,-3.4413397312164307,-0.13782835006713867,0.0562596321105957,0.6769053936004639,-3.5037035942077637,-0.0753406286239624,0.06998443603515625,0.8724777102470398,-3.2672603130340576,-0.0999719500541687,0.04607224464416504,0.08512211591005325,-2.568247079849243,-0.08473946899175644,0.004987239837646484,0.944568932056427,-2.0570218563079834,-0.11159151792526245,0.05309891700744629,0.5035684108734131,-1.7624847888946533,-0.03771698474884033,-0.10843086242675781,1.4422718286514282,-0.8998368382453918,-0.0666954517364502,0.036730825901031494,1.439315676689148,-1.1772300004959106,-0.20250654220581055,-0.09674787521362305,2.3365068435668945,-0.9377375841140747,-0.10750460624694824,-0.05039340257644653,-0.2901158034801483,-0.11832232773303986,0.010609060525894165,-0.010757572948932648,0.2901158034801483,0.11832232773303986,-0.010609447956085205,0.010758377611637115,0.34576481580734253,0.667573094367981,-0.06462189555168152,-0.04445701837539673,1.1508766412734985,0.9979099035263062,-0.007112264633178711,-0.03829014301300049,-0.7510275840759277,1.310207724571228,0.08066493272781372,-0.15872108936309814,-0.3557901084423065,1.5752500295639038,0.1572941243648529,-0.25523531436920166
152,1.5595897436141968,-3.3385186195373535,0.01389765739440918,-0.023940086364746094,1.390944004058838,-3.523916006088257,-0.0018825531005859375,-0.03738212585449219,1.3986449241638184,-3.4605746269226074,-0.005332231521606445,-0.019234895706176758,0.6529290676116943,-3.528583526611328,-0.02397632598876953,-0.024879932403564453,0.8070890307426453,-3.259169816970825,-0.06538867950439453,0.008090496063232422,0.0732773095369339,-2.4814794063568115,-0.011844806373119354,0.08676767349243164,0.9451631903648376,-1.9917703866958618,0.0005942583084106445,0.06525146961212158,0.42815208435058594,-1.6474921703338623,-0.07541632652282715,0.11499261856079102,1.396638035774231,-0.8160397410392761,-0.045633792877197266,0.08379709720611572,1.5523675680160522,-1.106684684753418,0.1130518913269043,0.07054531574249268,2.450960636138916,-0.7484400272369385,0.11445379257202148,0.18929755687713623,-0.29506510496139526,-0.11860162764787674,-0.004949301481246948,-0.00027929991483688354,0.29506468772888184,0.11860162764787674,0.0049488842487335205,0.00027929991483688354,0.4475720226764679,0.9894658327102661,0.10180720686912537,0.32189273834228516,1.220375418663025,1.3446738719940186,0.06949877738952637,0.3467639684677124,-0.8778996467590332,1.486638069152832,-0.12687206268310547,0.176430344581604,-0.5742195248603821,1.890180230140686,-0.21842941641807556,0.3149302005767822
153,1.622063159942627,-3.591768741607666,0.062473416328430176,-0.2532501220703125,1.4711021184921265,-3.7688159942626953,0.08015811443328857,-0.24489998817443848,1.4469425678253174,-3.7124931812286377,0.04829764366149902,-0.2519185543060303,0.7019849419593811,-3.7710611820220947,0.04905587434768677,-0.2424776554107666,0.8380514979362488,-3.5036685466766357,0.030962467193603516,-0.24449872970581055,0.07758001983165741,-2.8128271102905273,0.004302710294723511,-0.3313477039337158,0.9357098937034607,-2.299394369125366,-0.009453296661376953,-0.3076239824295044,0.5796301960945129,-1.9845569133758545,0.151478111743927,-0.3370647430419922,1.533455491065979,-1.0785856246948242,0.13681745529174805,-0.2625458836555481,1.7146906852722168,-1.5174494981765747,0.16232311725616455,-0.41076481342315674,2.3934452533721924,-1.1405019760131836,-0.05751538276672363,-0.3920619487762451,-0.30521249771118164,-0.11997834593057632,-0.010147392749786377,-0.001376718282699585,0.30521249771118164,0.11997834593057632,0.010147809982299805,0.001376718282699585,0.17948180437088013,0.643954873085022,-0.26809021830558777,-0.34551095962524414,1.1943824291229248,0.9779757261276245,-0.025992989540100098,-0.36669814586639404,-1.0915910005569458,1.2185827493667603,-0.2136913537979126,-0.2680553197860718,-0.28596392273902893,1.5290586948394775,0.28825560212135315,-0.3611215353012085
154,1.6051640510559082,-3.4126830101013184,-0.01689910888671875,0.17908573150634766,1.4559400081634521,-3.595790147781372,-0.015162110328674316,0.17302584648132324,1.4646044969558716,-3.5409693717956543,0.0176619291305542,0.1715238094329834,0.68388432264328,-3.6341118812561035,-0.018100619316101074,0.1369493007659912,0.9009405374526978,-3.3841073513031006,0.06288903951644897,0.11956119537353516,0.09130536764860153,-2.7384419441223145,0.013725347816944122,0.07438516616821289,0.9461207985877991,-2.2195098400115967,0.010410904884338379,0.07988452911376953,0.618463933467865,-1.952712059020996,0.03883373737335205,0.0318448543548584,1.4674676656723022,-1.021065354347229,-0.06598782539367676,0.057520270347595215,1.7571756839752197,-1.4239004850387573,0.04248499870300293,0.09354901313781738,2.3204233646392822,-1.0808168649673462,-0.07302188873291016,0.0596851110458374,-0.29538610577583313,-0.12041832506656647,0.00982639193534851,-0.0004399791359901428,0.29538649320602417,0.12041755765676498,-0.00982600450515747,0.00043921172618865967,0.23589389026165009,0.5582593679428101,0.05641208589076996,-0.08569550514221191,1.0933343172073364,0.897556722164154,-0.10104811191558838,-0.08041900396347046,-0.9747124314308167,1.223801612854004,0.11687856912612915,0.005218863487243652,-0.4092915654182434,1.512011170387268,-0.12332764267921448,-0.017047524452209473
155,1.878543734550476,-3.6942150592803955,0.27337968349456787,-0.28153204917907715,1.7139613628387451,-3.9002327919006348,0.25802135467529297,-0.3044426441192627,1.761374592781067,-3.845980405807495,0.2967700958251953,-0.3050110340118408,0.8645735383033752,-3.9656176567077637,0.18068921566009521,-0.33150577545166016,1.2050442695617676,-3.722365379333496,0.3041037321090698,-0.3382580280303955,0.27607885003089905,-3.002406358718872,0.18477347493171692,-0.2639644145965576,1.1322957277297974,-2.4857897758483887,0.1861749291419983,-0.266279935836792,0.8632413744926453,-2.0570859909057617,0.24477744102478027,-0.10437393188476562,1.658170223236084,-1.1159483194351196,0.19070255756378174,-0.09488296508789062,2.1976876258850098,-1.4808579683303833,0.44051194190979004,-0.05695748329162598,2.634965658187866,-1.2040982246398926,0.314542293548584,-0.12328135967254639,-0.29376429319381714,-0.12263184785842896,0.0016218125820159912,-0.002213522791862488,0.29376429319381714,0.1226310208439827,-0.0016222000122070312,0.0022134631872177124,0.40187546610832214,0.3725021481513977,0.16598157584667206,-0.18575721979141235,1.2091697454452515,0.7453287243843079,0.11583542823791504,-0.1522279977798462,-1.057316780090332,1.1352556943893433,-0.08260434865951538,-0.08854591846466064,-0.5146299004554749,1.468031406402588,-0.10533833503723145,-0.043979763984680176
156,2.149829149246216,-3.6459169387817383,0.27128541469573975,0.04829812049865723,1.999385118484497,-3.85929274559021,0.28542375564575195,0.040940046310424805,2.0657551288604736,-3.814300775527954,0.30438053607940674,0.031679630279541016,1.104746699333191,-3.972517251968384,0.24017316102981567,-0.006899595260620117,1.5217273235321045,-3.7554173469543457,0.3166830539703369,-0.03305196762084961,0.4124690294265747,-3.0417492389678955,0.13639017939567566,-0.03934288024902344,1.3084537982940674,-2.5976643562316895,0.17615807056427002,-0.11187458038330078,0.8342455625534058,-1.9319405555725098,-0.028995811939239502,0.12514543533325195,1.7454692125320435,-1.1729871034622192,0.08729898929595947,-0.05703878402709961,2.2946877479553223,-1.3713791370391846,0.0970001220703125,0.10947883129119873,2.766073226928711,-1.2325681447982788,0.13110756874084473,-0.02846992015838623,-0.29741400480270386,-0.10938597470521927,-0.0036497116088867188,0.013245873153209686,0.2974144220352173,0.10938681662082672,0.0036501288414001465,-0.013244204223155975,0.4633064568042755,0.3311741054058075,0.06143099069595337,-0.04132804274559021,1.1218510866165161,0.6757359504699707,-0.08731865882873535,-0.06959277391433716,-0.9088913798332214,1.1485607624053955,0.1484254002571106,0.013305068016052246,-0.5309880375862122,1.4874703884124756,-0.016358137130737305,0.019438982009887695
157,3.8565754890441895,-4.778739929199219,1.7067463397979736,-1.1328229904174805,3.6765949726104736,-5.061316013336182,1.6772098541259766,-1.2020232677459717,3.6956310272216797,-5.008638858795166,1.629875898361206,-1.194338083267212,2.5593743324279785,-5.163590908050537,1.4546276330947876,-1.1910736560821533,2.839089870452881,-4.9006876945495605,1.3173625469207764,-1.1452703475952148,1.4116663932800293,-3.849551200866699,0.9991973638534546,-0.8078019618988037,2.2742888927459717,-3.343702793121338,0.9658350944519043,-0.7460384368896484,1.91936194896698,-2.117584705352783,1.0851163864135742,-0.18564414978027344,2.5113861560821533,-1.226723074913025,0.7659169435501099,-0.053735971450805664,3.6744425296783447,-1.3414435386657715,1.3797547817230225,0.029935598373413086,4.217823028564453,-1.288006067276001,1.4517498016357422,-0.05543792247772217,-0.28224998712539673,-0.1388675421476364,0.015164017677307129,-0.029481567442417145,0.28224998712539673,0.1388687938451767,-0.015164434909820557,0.029481977224349976,1.299684762954712,1.2754672765731812,0.8363783359527588,0.9442931413650513,1.9964526891708374,1.7849024534225464,0.8746016025543213,1.1091665029525757,-0.7381277084350586,2.2849762439727783,0.17076367139816284,1.1364154815673828,-0.6513776183128357,2.8826675415039062,-0.12038958072662354,1.3951971530914307
158,8.265702247619629,-9.75715160369873,4.4091267585754395,-4.978411674499512,8.53331470489502,-10.678051948547363,4.856719970703125,-5.616735935211182,7.471670627593994,-10.459586143493652,3.7760396003723145,-5.450947284698486,8.246363639831543,-11.196192741394043,5.6869893074035645,-6.032601833343506,6.130464553833008,-10.515114784240723,3.291374683380127,-5.614427089691162,6.257130146026611,-8.4334716796875,4.845463752746582,-4.583920478820801,5.511185169219971,-7.767464637756348,3.236896276473999,-4.42376184463501,6.6655426025390625,-3.8630170822143555,4.746180534362793,-1.7454323768615723,5.538769245147705,-2.411306619644165,3.0273830890655518,-1.1845835447311401,8.83092975616455,-2.437983512878418,5.156487464904785,-1.0965399742126465,8.629157066345215,-2.244981527328491,4.411334037780762,-0.9569754600524902,0.1918186992406845,-0.12701605260372162,0.47406870126724243,0.011851489543914795,-0.1918172389268875,0.1270189881324768,-0.47406721115112305,-0.01184980571269989,3.5921695232391357,-1.4528920650482178,2.292484760284424,-2.7283592224121094,4.2347798347473145,-0.6474546194076538,2.2383270263671875,-2.4323570728302,-3.3011698722839355,2.8466744422912598,-2.563042163848877,0.5616981983184814,-2.8887386322021484,4.33364725112915,-2.237360954284668,1.4509797096252441
159,2.354994773864746,-2.4727234840393066,-5.910707473754883,7.284428119659424,2.580674886703491,-2.6831212043762207,-5.952639579772949,7.994930744171143,2.177070140838623,-2.7145330905914307,-5.294600486755371,7.745053291320801,3.0120089054107666,-2.8469812870025635,-5.2343549728393555,8.349211692810059,2.0727956295013428,-2.868065595626831,-4.057668685913086,7.6470489501953125,2.7648723125457764,-2.1322362422943115,-3.492257833480835,6.301235198974609,1.7649412155151367,-2.143967866897583,-3.746243953704834,5.623497009277344,2.8555376529693604,-1.0432078838348389,-3.810004949569702,2.8198091983795166,1.5816521644592285,-0.8532021045684814,-3.9571170806884766,1.5581045150756836,2.7560200691223145,-0.6587021946907043,-6.074909687042236,1.7792813777923584,2.6135149002075195,-0.822050929069519,-6.015642166137695,1.4229305982589722,0.3209908902645111,0.046307265758514404,0.1291721910238266,0.17332331836223602,-0.3209908902645111,-0.04630637168884277,-0.1291736513376236,-0.17332535982131958,0.9399233460426331,0.8072006106376648,-2.6522462368011475,2.2600927352905273,0.8896036148071289,0.8317694664001465,-3.3451762199401855,1.4792240858078003,-1.1604033708572388,1.5960018634796143,2.1407666206359863,-1.2506725788116455,-1.0018442869186401,1.679991602897644,1.8868943452835083,-2.653655529022217
160,4.794305324554443,-2.5953474044799805,2.4393105506896973,-0.12262392044067383,4.802562713623047,-2.9390029907226562,2.2218878269195557,-0.25588178634643555,4.598269462585449,-2.8903348445892334,2.421199321746826,-0.17580175399780273,4.7386860847473145,-3.6758601665496826,1.7266771793365479,-0.8288788795471191,4.287775039672852,-3.393261432647705,2.214979410171509,-0.525195837020874,4.248301029205322,-3.1096081733703613,1.483428716659546,-0.9773719310760498,3.3447508811950684,-2.6811258792877197,1.5798096656799316,-0.5371580123901367,4.384095191955566,-1.6900618076324463,1.528557538986206,-0.6468539237976074,2.4150390625,-0.8093401789665222,0.8333868980407715,0.04386192560195923,4.996271133422852,-0.3228455185890198,2.240251064300537,0.33585667610168457,4.297537326812744,-0.7339205145835876,1.6840224266052246,0.0881304144859314,0.29029297828674316,-0.062935471534729,-0.030697911977767944,-0.10924273729324341,-0.29029226303100586,0.06293691694736481,0.03069862723350525,0.10924328863620758,1.5178558826446533,1.8742461204528809,0.5779325366020203,1.0670454502105713,1.8642051219940186,2.420250415802002,0.9746015071868896,1.5884809494018555,-1.8545721769332886,2.7196218967437744,-0.6941688060760498,1.1236200332641602,-1.4921189546585083,3.467439889907837,-0.49027466773986816,1.7874482870101929
161,6.922016620635986,-3.4198925495147705,2.127711296081543,-0.82454514503479,6.839409828186035,-3.865736484527588,2.0368471145629883,-0.9267334938049316,6.856151580810547,-3.76922345161438,2.2578821182250977,-0.8788886070251465,6.002623558044434,-4.844160556793213,1.2639374732971191,-1.1683003902435303,6.355504989624023,-4.324391841888428,2.067729949951172,-0.9311304092407227,4.7315754890441895,-4.344052791595459,0.4832744598388672,-1.2344446182250977,4.798912525177002,-3.3463222980499268,1.4541616439819336,-0.665196418762207,4.279557228088379,-2.637819766998291,-0.1045379638671875,-0.9477579593658447,3.921497344970703,-0.9217862486839294,1.5064582824707031,-0.11244606971740723,6.634516716003418,-0.8508716821670532,1.6382455825805664,-0.5280261635780334,6.522284984588623,-1.0537241697311401,2.224747657775879,-0.3198036551475525,-0.0563223734498024,-0.19212034344673157,-0.34661534428596497,-0.12918487191200256,0.0563223734498024,0.19211935997009277,0.34661462903022766,0.12918244302272797,1.3115358352661133,2.0312695503234863,-0.20632004737854004,0.15702342987060547,2.4819655418395996,3.033937692642212,0.617760419845581,0.61368727684021,-2.7808728218078613,3.5094308853149414,-0.9263006448745728,0.789808988571167,-1.0499402284622192,4.744227409362793,0.44217872619628906,1.276787519454956
162,13.143107414245605,-7.415701866149902,6.221090793609619,-3.995809316635132,13.351920127868652,-8.296714782714844,6.512510299682617,-4.430978298187256,12.841536521911621,-8.395304679870605,5.985384941101074,-4.626081466674805,12.423393249511719,-10.166711807250977,6.420769691467285,-5.322551250457764,11.505358695983887,-9.92255973815918,5.149853706359863,-5.598167896270752,9.22093391418457,-8.829808235168457,4.489358425140381,-4.485755443572998,9.054248809814453,-7.84379768371582,4.255336284637451,-4.497475624084473,8.245083808898926,-5.1079864501953125,3.965526580810547,-2.4701666831970215,7.99277400970459,-3.0483827590942383,4.071276664733887,-2.126596450805664,11.70276165008545,-1.616192102432251,5.068244934082031,-0.7653204202651978,12.812142372131348,-2.8386447429656982,6.289857387542725,-1.784920573234558,0.0006183110526762903,-0.14752671122550964,0.05694068595767021,0.044593632221221924,-0.000616390781942755,0.14752671122550964,-0.056938763707876205,-0.04459264874458313,2.2039639949798584,5.16812801361084,0.8924281597137451,3.1368584632873535,5.052905082702637,6.25377082824707,2.570939540863037,3.2198331356048584,-6.598167896270752,8.012458801269531,-3.8172950744628906,4.50302791595459,-2.5526299476623535,9.093876838684082,-1.5026897192001343,4.349649429321289
163,3.054314374923706,-2.2065510749816895,-10.08879280090332,5.209150791168213,2.989881992340088,-2.4176013469696045,-10.362037658691406,5.87911319732666,3.0505025386810303,-2.4066853523254395,-9.791033744812012,5.988619327545166,2.3258934020996094,-2.850661516189575,-10.09749984741211,7.3160505294799805,2.6191258430480957,-2.703446865081787,-8.886232376098633,7.219112873077393,1.2270653247833252,-2.4310004711151123,-7.993868827819824,6.398807525634766,2.159721612930298,-2.0702340602874756,-6.894527435302734,5.773563385009766,0.4727071523666382,-1.333046555519104,-7.772376537322998,3.774940013885498,1.9493335485458374,-0.9302056431770325,-6.043440341949463,2.1181771755218506,0.8743643164634705,-0.2712821364402771,-10.828397750854492,1.344909906387329,2.870135545730591,-0.8595311045646667,-9.942007064819336,1.9791135787963867,-0.2821905016899109,-0.07067716121673584,-0.2828088104724884,0.0768495500087738,0.2821905016899109,0.07067716121673584,0.2828069031238556,-0.0768495500087738,0.5504030585289001,1.1874210834503174,-1.6535608768463135,-3.9807069301605225,1.2859692573547363,1.4701097011566162,-3.7669358253479004,-4.783660888671875,-1.2785797119140625,1.9407095909118652,5.3195881843566895,-6.071749210357666,-0.7805874943733215,2.1506142616271973,1.7720425128936768,-6.943262577056885
164,3.3006844520568848,-2.8641746044158936,0.2463700771331787,-0.6576235294342041,3.2802016735076904,-3.0754458904266357,0.29031968116760254,-0.6578445434570312,3.2304117679595947,-3.1062302589416504,0.17990922927856445,-0.6995449066162109,2.535954713821411,-3.3926539421081543,0.21006131172180176,-0.5419924259185791,2.563040018081665,-3.3437044620513916,-0.056085824966430664,-0.6402575969696045,1.18205988407135,-2.769148588180542,-0.0450054407119751,-0.3381481170654297,2.1481614112854004,-2.510985851287842,-0.011560201644897461,-0.4407517910003662,0.6331452131271362,-1.5633846521377563,0.16043806076049805,-0.23033809661865234,2.121737480163574,-1.2640475034713745,0.17240393161773682,-0.33384186029434204,0.8330051302909851,-0.2987994849681854,-0.04135918617248535,-0.027517348527908325,3.142869472503662,-1.2934669256210327,0.2727339267730713,-0.43393582105636597,-0.3009296655654907,-0.05689184367656708,-0.018739163875579834,0.013785317540168762,0.30093011260032654,0.056890930980443954,0.01873961091041565,-0.013786230236291885,0.36380720138549805,0.8731266856193542,-0.1865958571434021,-0.31429439783096313,1.5707615613937378,1.0818743705749512,0.28479230403900146,-0.38823533058166504,-1.545383334159851,1.7008745670318604,-0.2668036222457886,-0.23983502388000488,-0.4955935776233673,1.7050154209136963,0.2849939167499542,-0.445598840713501
165,3.0909183025360107,-3.181467294692993,-0.20976614952087402,-0.3172926902770996,2.988319158554077,-3.439274787902832,-0.2918825149536133,-0.3638288974761963,3.0229787826538086,-3.397078514099121,-0.20743298530578613,-0.2908482551574707,2.1710002422332764,-3.6946141719818115,-0.36495447158813477,-0.3019602298736572,2.4594688415527344,-3.5117409229278564,-0.10357117652893066,-0.16803646087646484,1.1890959739685059,-2.7885663509368896,0.007036089897155762,-0.019417762756347656,2.1346547603607178,-2.4631154537200928,-0.013506650924682617,0.04787039756774902,1.3812605142593384,-1.7338566780090332,0.7481153011322021,-0.17047202587127686,2.0603411197662354,-1.1824456453323364,-0.06139636039733887,0.08160185813903809,2.832272529602051,-1.1382989883422852,1.999267339706421,-0.8394994735717773,3.12268328666687,-1.1193510293960571,-0.020186185836791992,0.17411589622497559,-0.328885018825531,-0.07205425947904587,-0.027955353260040283,-0.01516241580247879,0.328885018825531,0.07205425947904587,0.027954906225204468,0.015163328498601913,0.6209595203399658,1.1479949951171875,0.2571523189544678,0.27486830949783325,1.6753294467926025,1.4448513984680176,0.10456788539886475,0.3629770278930664,-1.5983527898788452,1.8094823360443115,-0.05296945571899414,0.10860776901245117,-0.8830359578132629,2.1933553218841553,-0.38744238018989563,0.488339900970459
166,2.5495147705078125,-2.979691743850708,-0.5414035320281982,0.20177555084228516,2.417975902557373,-3.2293715476989746,-0.5703432559967041,0.20990324020385742,2.5167877674102783,-3.188776969909668,-0.5061910152435303,0.20830154418945312,1.6689589023590088,-3.534653663635254,-0.5020413398742676,0.15996050834655762,2.1129257678985596,-3.3649942874908447,-0.3465430736541748,0.14674663543701172,0.9260895848274231,-2.7362849712371826,-0.26300638914108276,0.05228137969970703,1.8542848825454712,-2.3641915321350098,-0.2803698778152466,0.09892392158508301,1.2609748840332031,-1.7635875940322876,-0.12028563022613525,-0.029730916023254395,1.9197503328323364,-1.0692200660705566,-0.14059078693389893,0.11322557926177979,2.665783643722534,-1.1700654029846191,-0.1664888858795166,-0.031766414642333984,2.9242916107177734,-1.0573114156723022,-0.19839167594909668,0.06203961372375488,-0.30927377939224243,-0.0779598131775856,0.019611239433288574,-0.005905553698539734,0.30927422642707825,0.07795936614274979,-0.01961079239845276,0.0059051066637039185,0.4395143389701843,1.162672758102417,-0.1814451813697815,0.014677762985229492,1.2444078922271729,1.4811288118362427,-0.4309215545654297,0.0362774133682251,-1.4645320177078247,1.743212342262268,0.1338207721710205,-0.06626999378204346,-1.0576142072677612,2.089956045150757,-0.1745782494544983,-0.10339927673339844
167,2.4583146572113037,-3.255254030227661,-0.09120011329650879,-0.2755622863769531,2.3592967987060547,-3.49025559425354,-0.05867910385131836,-0.26088404655456543,2.374706745147705,-3.440598249435425,-0.14208102226257324,-0.25182127952575684,1.6220641136169434,-3.6886019706726074,-0.04689478874206543,-0.15394830703735352,1.9070428609848022,-3.495450258255005,-0.20588290691375732,-0.13045597076416016,0.8335404396057129,-2.8161120414733887,-0.0925491452217102,-0.07982707023620605,1.757393717765808,-2.4333651065826416,-0.09689116477966309,-0.06917357444763184,1.2940995693206787,-1.8210052251815796,0.033124685287475586,-0.05741763114929199,2.0574283599853516,-1.1041114330291748,0.13767802715301514,-0.034891366958618164,2.6825966835021973,-1.1516451835632324,0.016813039779663086,0.01842021942138672,3.0701420307159424,-1.085866093635559,0.14585041999816895,-0.028554677963256836,-0.3073846697807312,-0.08135988563299179,0.0018891096115112305,-0.003400072455406189,0.3073842227458954,0.08135944604873657,-0.0018900036811828613,0.003400079905986786,0.2802429795265198,1.137151837348938,-0.15927135944366455,-0.025520920753479004,1.1760549545288086,1.441912055015564,-0.06835293769836426,-0.03921675682067871,-1.5161470174789429,1.6136155128479004,-0.051614999771118164,-0.12959682941436768,-1.0150800943374634,1.9210492372512817,0.04253411293029785,-0.1689068078994751
168,2.2575056552886963,-3.2636215686798096,-0.20080900192260742,-0.008367538452148438,2.1572368144989014,-3.4889373779296875,-0.20205998420715332,0.001318216323852539,2.172248125076294,-3.4380199909210205,-0.20245862007141113,0.002578258514404297,1.4202802181243896,-3.6510965824127197,-0.2017838954925537,0.037505388259887695,1.7202802896499634,-3.4540815353393555,-0.18676257133483887,0.041368722915649414,0.6818986535072327,-2.7693569660186768,-0.15164178609848022,0.046755075454711914,1.6119412183761597,-2.401905059814453,-0.14545249938964844,0.03146004676818848,1.1219263076782227,-1.7689003944396973,-0.17217326164245605,0.052104830741882324,1.9940927028656006,-1.1004807949066162,-0.06333565711975098,0.0036306381225585938,2.5029351711273193,-1.1368706226348877,-0.17966151237487793,0.014774560928344727,2.9554283618927,-1.0321134328842163,-0.11471366882324219,0.05375266075134277,-0.31514060497283936,-0.07815731316804886,-0.007755935192108154,0.003202572464942932,0.31514105200767517,0.07815731316804886,0.007756829261779785,-0.0032021328806877136,0.16045279800891876,1.0689473152160645,-0.11979018151760101,-0.06820452213287354,1.0909582376480103,1.3561261892318726,-0.08509671688079834,-0.0857858657836914,-1.4876230955123901,1.5779452323913574,0.028523921966552734,-0.03567028045654297,-0.8563302755355835,1.8895759582519531,0.15874981880187988,-0.03147327899932861
169,2.2820851802825928,-3.290811777114868,0.024579524993896484,-0.027190208435058594,2.166384696960449,-3.5296471118927,0.009147882461547852,-0.040709733963012695,2.1878421306610107,-3.4671194553375244,0.015594005584716797,-0.029099464416503906,1.4092645645141602,-3.6959705352783203,-0.011015653610229492,-0.044873952865600586,1.7300689220428467,-3.473964214324951,0.0097886323928833,-0.019882678985595703,0.7185409069061279,-2.7478888034820557,0.036642253398895264,0.021468162536621094,1.6356697082519531,-2.3492980003356934,0.023728489875793457,0.052607059478759766,1.1826800107955933,-1.7342013120651245,0.060753703117370605,0.034699082374572754,2.078979253768921,-1.0292985439300537,0.08488655090332031,0.0711822509765625,2.608488082885742,-1.0540729761123657,0.10555291175842285,0.08279764652252197,3.0575335025787354,-0.99519944190979,0.10210514068603516,0.03691399097442627,-0.3046529293060303,-0.09064564108848572,0.010487675666809082,-0.012488327920436859,0.3046529293060303,0.09064564108848572,-0.010488122701644897,0.012488327920436859,0.4175315499305725,1.1470662355422974,0.25707876682281494,0.07811892032623291,1.2596462965011597,1.4939137697219849,0.16868805885314941,0.1377875804901123,-1.4340507984161377,1.5868220329284668,0.05357229709625244,0.008876800537109375,-0.9260129928588867,1.9770938158035278,-0.06968271732330322,0.08751785755157471
170,2.11743426322937,-3.029202938079834,-0.16465091705322266,0.2616088390350342,2.0067226886749268,-3.247504472732544,-0.15966200828552246,0.28214263916015625,2.0414018630981445,-3.194751739501953,-0.1464402675628662,0.2723677158355713,1.271423101425171,-3.4190940856933594,-0.13784146308898926,0.27687644958496094,1.623389720916748,-3.2134575843811035,-0.10667920112609863,0.26050662994384766,0.5857899785041809,-2.5535664558410645,-0.13275092840194702,0.1943223476409912,1.51033616065979,-2.1724963188171387,-0.12533354759216309,0.1768016815185547,0.9108042120933533,-1.5806182622909546,-0.27187579870224,0.15358304977416992,1.8881977796554565,-0.9854797720909119,-0.19078147411346436,0.043818771839141846,2.1277992725372314,-0.8307722210884094,-0.48068881034851074,0.2233007550239563,2.811737537384033,-0.9738511443138123,-0.24579596519470215,0.021348297595977783,-0.31537240743637085,-0.08688171207904816,-0.010719478130340576,0.003763929009437561,0.31537240743637085,0.08688130229711533,0.010719478130340576,-0.003764338791370392,0.22531159222126007,1.0455580949783325,-0.19221995770931244,-0.10150814056396484,1.1674952507019043,1.3664487600326538,-0.09215104579925537,-0.12746500968933105,-1.404123067855835,1.5045514106750488,0.029927730560302734,-0.08227062225341797,-0.6520168781280518,1.831710934638977,0.27399611473083496,-0.14538288116455078
171,2.530791759490967,-3.447770118713379,0.4133574962615967,-0.4185671806335449,2.425987482070923,-3.678562879562378,0.4192647933959961,-0.431058406829834,2.484647512435913,-3.652491569519043,0.44324564933776855,-0.45773983001708984,1.666014552116394,-3.9293339252471924,0.39459145069122314,-0.510239839553833,2.064316987991333,-3.7827510833740234,0.44092726707458496,-0.5692934989929199,0.8455737829208374,-3.1398627758026123,0.2597838044166565,-0.5862963199615479,1.7840466499328613,-2.7945096492767334,0.2737104892730713,-0.6220133304595947,1.265918493270874,-2.0368146896362305,0.35511428117752075,-0.4561964273452759,2.1287779808044434,-1.4013005495071411,0.24058020114898682,-0.41582077741622925,2.740967035293579,-1.2961663007736206,0.6131677627563477,-0.4653940796852112,3.181011438369751,-1.4143528938293457,0.3692739009857178,-0.44050174951553345,-0.3313256800174713,-0.07939004898071289,-0.015953272581100464,0.007491663098335266,0.3313256800174713,0.07938913255929947,0.015953272581100464,-0.007492169737815857,0.3095230162143707,0.6166994571685791,0.08421142399311066,-0.4288586378097534,1.412549614906311,0.8996973037719727,0.24505436420440674,-0.46675145626068115,-1.5706003904342651,1.5680476427078247,-0.16647732257843018,0.06349623203277588,-0.5112724900245667,1.795431137084961,0.1407443881034851,-0.03627979755401611
172,2.97161602973938,-3.4648303985595703,0.4408242702484131,-0.017060279846191406,2.8553740978240967,-3.6973156929016113,0.42938661575317383,-0.0187528133392334,2.908834934234619,-3.6587283611297607,0.42418742179870605,-0.0062367916107177734,1.991829752922058,-3.966953992843628,0.32581520080566406,-0.03762006759643555,2.3918092250823975,-3.7644002437591553,0.32749223709106445,0.018350839614868164,1.0742062330245972,-3.2103540897369385,0.22863245010375977,-0.07049131393432617,1.999027967453003,-2.829953193664551,0.2149813175201416,-0.03544354438781738,1.3257564306259155,-2.017585515975952,0.059837937355041504,0.01922917366027832,2.2212648391723633,-1.391391396522522,0.09248685836791992,0.00990915298461914,2.891589879989624,-1.3286750316619873,0.15062284469604492,-0.0325087308883667,3.2899844646453857,-1.4536237716674805,0.10897302627563477,-0.039270877838134766,-0.3151791989803314,-0.08962206542491913,0.016146481037139893,-0.010232016444206238,0.3151787221431732,0.08962111175060272,-0.016146957874298096,0.010231979191303253,0.4321899712085724,0.6829178929328918,0.12266695499420166,0.06621843576431274,1.4138050079345703,1.0187619924545288,0.0012553930282592773,0.11906468868255615,-1.480752944946289,1.5957186222076416,0.08984744548797607,0.027670979499816895,-0.6203277111053467,1.955734133720398,-0.10905522108078003,0.160302996635437
173,2.769881248474121,-2.6426479816436768,-0.2017347812652588,0.8221824169158936,2.7264280319213867,-2.858978748321533,-0.12894606590270996,0.8383369445800781,2.6883604526519775,-2.8372161388397217,-0.2204744815826416,0.8215122222900391,2.0204343795776367,-3.2307052612304688,0.028604626655578613,0.7362487316131592,2.08878755569458,-3.0600838661193848,-0.3030216693878174,0.7043163776397705,0.8708776831626892,-2.7369019985198975,-0.20332854986190796,0.473452091217041,1.8108398914337158,-2.3956234455108643,-0.1881880760192871,0.4343297481536865,0.33259841799736023,-1.4602854251861572,-0.9931579828262329,0.5573000907897949,1.9697421789169312,-1.1884400844573975,-0.25152266025543213,0.2029513120651245,0.5787678360939026,-0.27284377813339233,-2.312822103500366,1.0558311939239502,2.755751132965088,-1.2825733423233032,-0.5342333316802979,0.17105042934417725,-0.29022398591041565,-0.0714712142944336,0.02495521306991577,0.018150851130485535,0.2902235984802246,0.07147201150655746,-0.02495512366294861,-0.018149100244045258,0.08797965198755264,0.5272347331047058,-0.34421032667160034,-0.15568315982818604,1.068678617477417,0.7939016222953796,-0.3451263904571533,-0.22486037015914917,-1.2034416198730469,1.3011709451675415,0.2773113250732422,-0.2945476770401001,-0.33208635449409485,1.466604232788086,0.28824135661125183,-0.489129900932312
174,2.7731034755706787,-2.2007055282592773,0.003222227096557617,0.4419424533843994,2.6863272190093994,-2.3769476413726807,-0.040100812911987305,0.48203110694885254,2.811852216720581,-2.3780429363250732,0.12349176406860352,0.45917320251464844,2.0702290534973145,-2.838916778564453,0.049794673919677734,0.3917884826660156,2.5982396602630615,-2.7138049602508545,0.5094521045684814,0.3462789058685303,1.174183964729309,-2.618345022201538,0.3033062815666199,0.11855697631835938,2.1278438568115234,-2.317458152770996,0.3170039653778076,0.07816529273986816,0.594566285610199,-1.519708514213562,0.26196786761283875,-0.059423089027404785,2.186312198638916,-1.205087423324585,0.21657001972198486,-0.0166473388671875,1.1092417240142822,-0.42319047451019287,0.5304738879203796,-0.15034669637680054,3.0276803970336914,-1.2163375616073608,0.2719292640686035,0.06623578071594238,-0.2985025942325592,-0.061325620859861374,-0.008278608322143555,0.01014559343457222,0.29850220680236816,0.061325620859861374,0.008278608322143555,-0.01014639064669609,0.20093537867069244,0.46706146001815796,0.1129557266831398,-0.06017327308654785,1.1369225978851318,0.7553373575210571,0.06824398040771484,-0.03856426477432251,-1.297670841217041,1.4156081676483154,-0.09422922134399414,0.11443722248077393,-0.21624766290187836,1.6221001148223877,0.11583869159221649,0.15549588203430176
175,2.5480215549468994,-1.2385364770889282,-0.2250819206237793,0.9621690511703491,2.4870829582214355,-1.4112783670425415,-0.19924426078796387,0.9656692743301392,2.5359227657318115,-1.3588541746139526,-0.27592945098876953,1.0191887617111206,2.0216686725616455,-1.9047033786773682,-0.048560380935668945,0.934213399887085,2.325162172317505,-1.6519562005996704,-0.27307748794555664,1.061848759651184,1.1729414463043213,-1.8807549476623535,-0.001242518424987793,0.7375900745391846,2.0532162189483643,-1.406290888786316,-0.07462763786315918,0.9111672639846802,0.3719141185283661,-1.1269714832305908,-0.22265216708183289,0.3927370309829712,1.8505316972732544,-0.5464999675750732,-0.3357805013656616,0.6585874557495117,0.5216031074523926,-0.030044997110962868,-0.5876386165618896,0.39314547181129456,2.523059129714966,-0.508015513420105,-0.5046212673187256,0.7083220481872559,-0.2638722360134125,-0.09406156837940216,0.03463035821914673,-0.03273594751954079,0.2638722360134125,0.09406087547540665,-0.03462997078895569,0.03273525461554527,0.290192574262619,0.7079624533653259,0.08925719559192657,0.24090099334716797,1.09197998046875,1.1041849851608276,-0.044942617416381836,0.3488476276397705,-1.0263203382492065,1.269478678703308,0.2713505029678345,-0.14612948894500732,-0.3857157826423645,1.6568094491958618,-0.16946811974048615,0.03470933437347412
176,2.7548601627349854,-1.2047210931777954,0.20683860778808594,0.03381538391113281,2.721480131149292,-1.3839547634124756,0.23439717292785645,0.027323603630065918,2.7417144775390625,-1.3415849208831787,0.20579171180725098,0.017269253730773926,2.3078556060791016,-1.9159914255142212,0.28618693351745605,-0.011288046836853027,2.515563488006592,-1.6456938982009888,0.19040131568908691,0.006262302398681641,1.3425655364990234,-1.9051778316497803,0.16962409019470215,-0.024422883987426758,2.1695427894592285,-1.3429423570632935,0.11632657051086426,0.06334853172302246,0.36056163907051086,-1.0640805959701538,-0.011352479457855225,0.06289088726043701,1.8913230895996094,-0.36541590094566345,0.04079139232635498,0.1810840666294098,0.6938005685806274,0.00040779029950499535,0.17219746112823486,0.03045278787612915,2.7629058361053467,-0.41309458017349243,0.23984670639038086,0.09492093324661255,-0.2562170624732971,-0.10887397825717926,0.0076551735401153564,-0.0148124098777771,0.25621744990348816,0.10887397825717926,-0.007654786109924316,0.014813102781772614,0.548298180103302,0.7561434507369995,0.258105605840683,0.048180997371673584,1.2783747911453247,1.177374243736267,0.1863948106765747,0.07318925857543945,-0.9531255960464478,1.4286748170852661,0.07319474220275879,0.159196138381958,-0.3162345886230469,1.8148959875106812,0.06948119401931763,0.15808653831481934
177,2.8595938682556152,-1.677358865737915,0.10473370552062988,-0.47263777256011963,2.792896270751953,-1.8522270917892456,0.07141613960266113,-0.46827232837677,2.886577606201172,-1.8171144723892212,0.14486312866210938,-0.4755295515060425,2.2182915210723877,-2.3115735054016113,-0.08956408500671387,-0.39558207988739014,2.666990041732788,-2.097330093383789,0.1514265537261963,-0.4516361951828003,1.321663498878479,-2.214108943939209,-0.020902037620544434,-0.3089311122894287,2.2024800777435303,-1.7406513690948486,0.03293728828430176,-0.3977090120315552,0.9164776802062988,-1.480715274810791,0.5559160709381104,-0.4166346788406372,2.2075107097625732,-0.7478014230728149,0.31618762016296387,-0.3823855221271515,1.6317557096481323,-0.6980723738670349,0.9379551410675049,-0.6984801888465881,2.8903236389160156,-0.7550301551818848,0.12741780281066895,-0.34193557500839233,-0.29316583275794983,-0.09462510049343109,-0.03694877028465271,0.014248877763748169,0.2931654453277588,0.09462586790323257,0.03694799542427063,-0.014248110353946686,0.20181822776794434,0.41661012172698975,-0.34647995233535767,-0.33953332901000977,1.2858362197875977,0.791438102722168,0.007461428642272949,-0.3859361410140991,-1.0671226978302002,1.244476556777954,-0.11399710178375244,-0.184198260307312,0.2562779486179352,1.5929749011993408,0.5725125074386597,-0.22192108631134033
178,2.722200632095337,-2.0547542572021484,-0.13739323616027832,-0.3773953914642334,2.6177327632904053,-2.2547571659088135,-0.17516350746154785,-0.40253007411956787,2.7402563095092773,-2.217458486557007,-0.14632129669189453,-0.40034401416778564,1.953080177307129,-2.737321376800537,-0.2652113437652588,-0.4257478713989258,2.458902597427368,-2.5084121227264404,-0.20808744430541992,-0.41108202934265137,1.1253520250320435,-2.5547728538513184,-0.19631147384643555,-0.3406639099121094,1.9602104425430298,-2.0043082237243652,-0.2422696352005005,-0.2636568546295166,0.9830285906791687,-1.6040544509887695,0.06655091047286987,-0.12333917617797852,1.9266210794448853,-0.7632432579994202,-0.280889630317688,-0.015441834926605225,2.0920236110687256,-0.8331480026245117,0.46026790142059326,-0.1350756287574768,2.8712007999420166,-0.8325308561325073,-0.019122838973999023,-0.07750070095062256,-0.28476354479789734,-0.1183186024427414,0.00840228796005249,-0.023693501949310303,0.2847639322280884,0.11831780523061752,-0.00840151309967041,0.02369193732738495,0.6989123821258545,0.5230401158332825,0.49709415435791016,0.10642999410629272,1.4726755619049072,0.9232771396636963,0.18683934211730957,0.13183903694152832,-0.8598509430885315,1.370539665222168,0.2072717547416687,0.12606310844421387,-0.06413150578737259,1.7090696096420288,-0.3204094469547272,0.11609470844268799
179,3.6048941612243652,-3.344794988632202,0.8826935291290283,-1.2900407314300537,3.7141146659851074,-3.681990623474121,1.0963819026947021,-1.4272334575653076,3.4072375297546387,-3.638319730758667,0.6669812202453613,-1.4208612442016602,3.206461191177368,-4.101524353027344,1.2533810138702393,-1.3642029762268066,2.7064433097839355,-3.8651723861694336,0.24754071235656738,-1.3567602634429932,1.6015797853469849,-3.4389069080352783,0.4762277603149414,-0.88413405418396,2.4563915729522705,-2.919968366622925,0.4961811304092407,-0.9156601428985596,1.0851972103118896,-1.9488199949264526,0.10216861963272095,-0.3447655439376831,2.6232826709747314,-1.1513969898223877,0.6966615915298462,-0.38815373182296753,2.395901679992676,-1.05368971824646,0.3038780689239502,-0.22054171562194824,3.9079060554504395,-1.114438772201538,1.0367052555084229,-0.28190791606903076,-0.2736515402793884,-0.12371103465557098,0.011112004518508911,-0.00539243221282959,0.2736515402793884,0.12371211498975754,-0.011112391948699951,0.005394309759140015,1.3256947994232178,0.6434146761894226,0.6267824172973633,0.12037456035614014,2.1997921466827393,1.0459423065185547,0.727116584777832,0.1226651668548584,-0.847154438495636,1.6247329711914062,0.012696504592895508,0.2541933059692383,-0.2802293002605438,2.0419583320617676,-0.21609780192375183,0.33288872241973877
180,3.171295642852783,-3.857506513595581,-0.43359851837158203,-0.5127115249633789,3.1873857975006104,-4.137781620025635,-0.5267288684844971,-0.45579099655151367,2.994708299636841,-4.084508419036865,-0.41252923011779785,-0.44618868827819824,2.620755672454834,-4.303772449493408,-0.5857055187225342,-0.20224809646606445,2.417952060699463,-4.091227054595947,-0.28849124908447266,-0.22605466842651367,1.3674079179763794,-3.3770790100097656,-0.23417186737060547,0.061827898025512695,2.3081767559051514,-3.0380303859710693,-0.14821481704711914,-0.11806201934814453,1.8339940309524536,-1.8222994804382324,0.748796820640564,0.12652051448822021,2.8961758613586426,-1.2558505535125732,0.27289319038391113,-0.10445356369018555,3.431414842605591,-1.230676531791687,1.035513162612915,-0.17698681354522705,4.052186965942383,-1.2630866765975952,0.14428091049194336,-0.14864790439605713,-0.35909250378608704,-0.08599279075860977,-0.08544096350669861,0.03771824389696121,0.35909250378608704,0.08599178493022919,0.08544096350669861,-0.03772033005952835,1.1391009092330933,-0.23588664829730988,-0.1865938901901245,-0.8793013095855713,2.651806592941284,0.03330278396606445,0.4520144462585449,-1.0126395225524902,-0.798183798789978,1.0026750564575195,0.04897063970565796,-0.6220579147338867,0.6459941267967224,1.34170401096344,0.9262233972549438,-0.7002543210983276
181,2.214231252670288,-2.9225478172302246,-0.9570643901824951,0.9349586963653564,2.098634719848633,-3.1572940349578857,-1.0887510776519775,0.980487585067749,2.155393123626709,-3.104038715362549,-0.8393151760101318,0.9804697036743164,1.3889743089675903,-3.3837368488311768,-1.2317813634872437,0.9200356006622314,1.6878159046173096,-3.199676275253296,-0.7301361560821533,0.8915507793426514,0.6290459632873535,-2.673691749572754,-0.7383619546890259,0.7033872604370117,1.5259199142456055,-2.23140549659729,-0.7822568416595459,0.8066248893737793,1.04997718334198,-1.7200509309768677,-0.7840168476104736,0.10224854946136475,2.1353228092193604,-0.9612826704978943,-0.7608530521392822,0.29456788301467896,2.118795871734619,-1.1595830917358398,-1.3126189708709717,0.07109344005584717,2.9974019527435303,-1.0223137140274048,-1.0547850131988525,0.24077296257019043,-0.2920123040676117,-0.10396234691143036,0.06708019971847534,-0.017969556152820587,0.29201191663742065,0.10396234691143036,-0.06708058714866638,0.017970561981201172,0.8225400447845459,0.19406962394714355,-0.31656086444854736,0.42995625734329224,1.560908555984497,0.5257136225700378,-1.090898036956787,0.4924108386039734,-0.7255343794822693,0.9474408030509949,0.07264941930770874,-0.05523425340652466,-0.2438526451587677,1.228427767753601,-0.8898468017578125,-0.11327624320983887
182,2.5114760398864746,-4.146816253662109,0.2972447872161865,-1.2242684364318848,2.3429641723632812,-4.372617244720459,0.24432945251464844,-1.2153232097625732,2.3699212074279785,-4.326045513153076,0.21452808380126953,-1.2220067977905273,1.5061328411102295,-4.3996262550354,0.11715853214263916,-1.0158894062042236,1.7563650608062744,-4.200483798980713,0.06854915618896484,-1.000807523727417,0.754437267780304,-3.3013405799865723,0.12539130449295044,-0.6276488304138184,1.6624621152877808,-2.8824241161346436,0.1365422010421753,-0.6510186195373535,1.5254197120666504,-2.1609771251678467,0.4754425287246704,-0.440926194190979,2.5027010440826416,-1.3503073453903198,0.36737823486328125,-0.38902467489242554,2.8752529621124268,-1.5855209827423096,0.7564570903778076,-0.4259378910064697,3.6460282802581787,-1.3403493165969849,0.6486263275146484,-0.3180356025695801,-0.2949519157409668,-0.10628878325223923,-0.0029396116733551025,-0.0023264363408088684,0.2949519157409668,0.10628878325223923,0.0029399991035461426,0.0023264363408088684,1.173406720161438,0.2868496775627136,0.3508666753768921,0.09278005361557007,1.9795746803283691,0.6346259713172913,0.41866612434387207,0.10891234874725342,-0.6794394254684448,1.1832607984542847,0.04609495401382446,0.2358199954032898,-0.3516819477081299,1.5352585315704346,-0.10782930254936218,0.3068307638168335
183,2.019089460372925,-3.8613078594207764,-0.4923865795135498,0.285508394241333,1.8398399353027344,-4.069889545440674,-0.5031242370605469,0.30272769927978516,1.9023419618606567,-4.029143810272217,-0.4675792455673218,0.2969017028808594,0.98904949426651,-4.0997796058654785,-0.5170833468437195,0.2998466491699219,1.3017199039459229,-3.9139621257781982,-0.45464515686035156,0.28652167320251465,0.3571155071258545,-3.012457847595215,-0.39732176065444946,0.2888827323913574,1.292362928390503,-2.6584632396698,-0.37009918689727783,0.22396087646484375,0.9923816323280334,-1.9160069227218628,-0.5330380797386169,0.2449702024459839,2.0854170322418213,-1.2968463897705078,-0.4172840118408203,0.05346095561981201,2.319315195083618,-1.3719351291656494,-0.5559377670288086,0.21358585357666016,3.1671204566955566,-1.1414265632629395,-0.47890782356262207,0.1989227533340454,-0.2988181412220001,-0.08943158388137817,-0.003866225481033325,0.016857199370861053,0.2988181412220001,0.089432492852211,0.003866225481033325,-0.01685629040002823,0.666694164276123,0.7643871903419495,-0.5067125558853149,0.47753751277923584,1.2969480752944946,1.0562653541564941,-0.6826266050338745,0.4216393828392029,-0.5583485960960388,1.496459722518921,0.121090829372406,0.31319892406463623,-0.39722946286201477,1.8521653413772583,-0.04554751515388489,0.31690680980682373
184,1.4331157207489014,-3.171292304992676,-0.5859737396240234,0.6900155544281006,1.2807273864746094,-3.334352970123291,-0.559112548828125,0.7355365753173828,1.3305803537368774,-3.3072025775909424,-0.5717616081237793,0.7219412326812744,0.5549116134643555,-3.352553129196167,-0.43413788080215454,0.7472264766693115,0.8319315910339355,-3.1962366104125977,-0.4697883129119873,0.7177255153656006,-0.02317054755985737,-2.4261419773101807,-0.3802860677242279,0.5863158702850342,0.9252215027809143,-2.109041929244995,-0.3671414256095886,0.5494213104248047,0.2660212814807892,-1.5512852668762207,-0.7263603210449219,0.3647216558456421,1.4236762523651123,-1.0223064422607422,-0.661740779876709,0.2745399475097656,1.222460150718689,-1.0904662609100342,-1.0968550443649292,0.28146886825561523,2.2123801708221436,-0.8822241425514221,-0.9547402858734131,0.25920242071151733,-0.3035860061645508,-0.08107540756464005,-0.004767864942550659,0.008356176316738129,0.30358564853668213,0.08107540756464005,0.004767507314682007,-0.008357085287570953,0.4429031312465668,0.8078091740608215,-0.22379103302955627,0.04342198371887207,1.1088100671768188,1.0363867282867432,-0.18813800811767578,-0.019878625869750977,-0.6050178408622742,1.18093740940094,-0.04666924476623535,-0.31552231311798096,-0.4634605348110199,1.4241344928741455,-0.06623107194900513,-0.4280308485031128
185,1.4264460802078247,-3.290433883666992,-0.00666964054107666,-0.1191415786743164,1.262091875076294,-3.4599344730377197,-0.01863551139831543,-0.1255815029144287,1.3169351816177368,-3.426194429397583,-0.013645172119140625,-0.11899185180664062,0.5062428116798401,-3.4710323810577393,-0.04866880178451538,-0.11847925186157227,0.8044562339782715,-3.2847864627838135,-0.027475357055664062,-0.08854985237121582,-0.03734869882464409,-2.497260332107544,-0.01417815126478672,-0.07111835479736328,0.886228621006012,-2.1138479709625244,-0.038992881774902344,-0.004806041717529297,0.26391953229904175,-1.624261498451233,-0.0021017491817474365,-0.07297623157501221,1.416510820388794,-0.9686915278434753,-0.007165431976318359,0.053614914417266846,1.2551674842834473,-1.1292235851287842,0.0327073335647583,-0.03875732421875,2.308974027633667,-0.798367977142334,0.09659385681152344,0.08385616540908813,-0.29894331097602844,-0.0952988862991333,0.004642695188522339,-0.014223478734493256,0.2989436686038971,0.09529965370893478,-0.004641979932785034,0.014224246144294739,0.41642308235168457,0.8239722847938538,-0.026480048894882202,0.016163110733032227,1.1058934926986694,1.0932238101959229,-0.002916574478149414,0.05683708190917969,-0.6608800888061523,1.2084826231002808,-0.055862247943878174,0.02754521369934082,-0.42012861371040344,1.4948838949203491,0.043331921100616455,0.07074940204620361
186,1.4102228879928589,-3.2982394695281982,-0.01622319221496582,-0.007805585861206055,1.2385088205337524,-3.469914674758911,-0.023583054542541504,-0.009980201721191406,1.3078348636627197,-3.438943862915039,-0.00910031795501709,-0.012749433517456055,0.47358638048171997,-3.491689920425415,-0.03265643119812012,-0.02065753936767578,0.7819784879684448,-3.3176867961883545,-0.02247774600982666,-0.032900333404541016,-0.07147958874702454,-2.515082359313965,-0.03413088992238045,-0.0178220272064209,0.8453900814056396,-2.1158955097198486,-0.040838539600372314,-0.0020475387573242188,0.30678078532218933,-1.644078254699707,0.04286125302314758,-0.01981675624847412,1.3126752376556396,-0.9420880079269409,-0.1038355827331543,0.026603519916534424,1.3200594186782837,-1.0738016366958618,0.06489193439483643,0.05542194843292236,2.2095212936401367,-0.7727667689323425,-0.09945273399353027,0.025601208209991455,-0.29833143949508667,-0.0999528169631958,0.0006118714809417725,-0.0046539306640625,0.2983318269252777,0.09995204955339432,-0.0006118416786193848,0.004652395844459534,0.41577059030532837,0.8191550374031067,-0.0006524920463562012,-0.00481724739074707,1.105599045753479,1.0964723825454712,-0.0002944469451904297,0.00324857234954834,-0.6737983226776123,1.2329672574996948,-0.012918233871459961,0.024484634399414062,-0.4799376130104065,1.489773154258728,-0.05980899930000305,-0.005110740661621094
187,1.444958209991455,-3.390486478805542,0.03473532199859619,-0.09224700927734375,1.2687411308288574,-3.566866874694824,0.03023231029510498,-0.09695219993591309,1.3402081727981567,-3.5359086990356445,0.03237330913543701,-0.09696483612060547,0.48403114080429077,-3.58760666847229,0.0104447603225708,-0.095916748046875,0.7922093868255615,-3.4126577377319336,0.0102308988571167,-0.0949709415435791,-0.0710328072309494,-2.5691263675689697,0.0004467815160751343,-0.05404400825500488,0.8450706005096436,-2.168184280395508,-0.00031948089599609375,-0.05228877067565918,0.32878759503364563,-1.6410008668899536,0.0220068097114563,0.003077387809753418,1.239012360572815,-0.9332714676856995,-0.07366287708282471,0.008816540241241455,1.4225319623947144,-1.0672460794448853,0.10247254371643066,0.0065555572509765625,2.1215994358062744,-0.7832086086273193,-0.0879218578338623,-0.010441839694976807,-0.3017789125442505,-0.10297507047653198,-0.0034474730491638184,-0.0030222535133361816,0.30177849531173706,0.10297507047653198,0.0034466683864593506,0.003023020923137665,0.4757053256034851,0.8709140419960022,0.05993473529815674,0.05175900459289551,1.1843864917755127,1.1584734916687012,0.07878744602203369,0.06200110912322998,-0.6951947808265686,1.2907391786575317,-0.0213964581489563,0.057771921157836914,-0.5102185606956482,1.5596991777420044,-0.0302809476852417,0.06992602348327637
188,1.502768635749817,-3.4294562339782715,0.057810425758361816,-0.03896975517272949,1.3281158208847046,-3.6173880100250244,0.05937469005584717,-0.050521135330200195,1.3919624090194702,-3.5825612545013428,0.05175423622131348,-0.04665255546569824,0.5335524082183838,-3.6520633697509766,0.04952126741409302,-0.06445670127868652,0.8157479763031006,-3.4705002307891846,0.023538589477539062,-0.05784249305725098,-0.060466717928647995,-2.5967392921447754,0.010566089302301407,-0.027612924575805664,0.8494963645935059,-2.1820499897003174,0.004425764083862305,-0.01386570930480957,0.3643018901348114,-1.6365779638290405,0.03551429510116577,0.004422903060913086,1.1912747621536255,-0.8866258263587952,-0.04773759841918945,0.0466456413269043,1.5461417436599731,-1.0675382614135742,0.12360978126525879,-0.00029218196868896484,2.181976079940796,-0.7457553744316101,0.060376644134521484,0.03745323419570923,-0.29982709884643555,-0.10822294652462006,0.0019518136978149414,-0.005247876048088074,0.2998267114162445,0.10822294652462006,-0.0019517838954925537,0.005247876048088074,0.47940418124198914,1.0718824863433838,0.0036988556385040283,0.2009684443473816,1.202877402305603,1.3737691640853882,0.018490910530090332,0.215295672416687,-0.7012159824371338,1.3979483842849731,-0.0060212016105651855,0.1072092056274414,-0.5664650201797485,1.6855077743530273,-0.05624645948410034,0.12580859661102295
189,1.692202091217041,-3.6459972858428955,0.18943345546722412,-0.21654105186462402,1.5240033864974976,-3.8655052185058594,0.19588756561279297,-0.24811720848083496,1.583512783050537,-3.8221235275268555,0.1915503740310669,-0.2395622730255127,0.7001715898513794,-3.9551138877868652,0.1666191816329956,-0.30305051803588867,0.9639058113098145,-3.7677011489868164,0.14815783500671387,-0.29720091819763184,0.027885688468813896,-2.87500262260437,0.08835240453481674,-0.2782633304595947,0.9337996244430542,-2.45154070854187,0.08430325984954834,-0.26949071884155273,0.5154248476028442,-1.8007984161376953,0.15112295746803284,-0.16422045230865479,1.2890492677688599,-1.0483825206756592,0.09777450561523438,-0.161756694316864,1.8123369216918945,-1.1396840810775757,0.2661951780319214,-0.07214581966400146,2.32126522064209,-0.8559913039207458,0.13928914070129395,-0.11023592948913574,-0.29655566811561584,-0.11362801492214203,0.003271430730819702,-0.005405068397521973,0.29655566811561584,0.11362715065479279,-0.003271043300628662,0.0054042041301727295,0.6262710690498352,0.9955497980117798,0.14686688780784607,-0.076332688331604,1.317655324935913,1.3140084743499756,0.11477792263031006,-0.0597606897354126,-0.6268125176429749,1.3891607522964478,0.07440346479415894,-0.00878763198852539,-0.5414076447486877,1.6911119222640991,0.02505737543106079,0.005604147911071777
190,1.6794110536575317,-3.4031732082366943,-0.012791037559509277,0.24282407760620117,1.5407048463821411,-3.6262032985687256,0.016701459884643555,0.2393019199371338,1.5888080596923828,-3.5855634212493896,0.005295276641845703,0.23656010627746582,0.756429135799408,-3.7779653072357178,0.056257545948028564,0.17714858055114746,0.9841479659080505,-3.6126976013183594,0.020242154598236084,0.15500354766845703,-0.005631281994283199,-2.836806297302246,-0.03351696953177452,0.03819632530212402,0.9195441603660583,-2.4572668075561523,-0.01425546407699585,-0.0057260990142822266,0.32661640644073486,-1.731850028038025,-0.18880844116210938,0.06894838809967041,1.1981167793273926,-1.08231520652771,-0.09093248844146729,-0.03393268585205078,1.4659357070922852,-1.1171996593475342,-0.3464012145996094,0.022484421730041504,2.1795573234558105,-0.8875388503074646,-0.1417078971862793,-0.03154754638671875,-0.30297455191612244,-0.10027525573968887,-0.006418883800506592,0.013352759182453156,0.3029749393463135,0.10027525573968887,0.006419271230697632,-0.013351894915103912,0.3474324345588684,0.9416576623916626,-0.2788386344909668,-0.05389213562011719,1.102528691291809,1.2074507474899292,-0.215126633644104,-0.10655772686004639,-0.6930755972862244,1.333907961845398,-0.06626307964324951,-0.055252790451049805,-0.4905485212802887,1.5728799104690552,0.05085912346839905,-0.11823201179504395
191,2.1682043075561523,-3.974238157272339,0.4887932538986206,-0.5710649490356445,2.0228497982025146,-4.220340728759766,0.48214495182037354,-0.59413743019104,2.0616328716278076,-4.1744279861450195,0.4728248119354248,-0.5888645648956299,1.0884974002838135,-4.408777713775635,0.3320682644844055,-0.630812406539917,1.3391202688217163,-4.190381050109863,0.35497230291366577,-0.5776834487915039,0.22627849876880646,-3.4726812839508057,0.23190978169441223,-0.6358749866485596,1.0792155265808105,-2.9506676197052,0.1596713662147522,-0.49340081214904785,0.4846906065940857,-2.26424503326416,0.15807420015335083,-0.5323950052261353,1.4698224067687988,-1.360750436782837,0.27170562744140625,-0.27843523025512695,1.6546285152435303,-1.5403451919555664,0.18869280815124512,-0.4231455326080322,2.595362424850464,-1.1731326580047607,0.4158051013946533,-0.28559380769729614,-0.27642759680747986,-0.1218024268746376,0.026546955108642578,-0.02152717113494873,0.27642807364463806,0.1218024268746376,-0.026546865701675415,0.02152717113494873,0.12666663527488708,0.4684397280216217,-0.22076579928398132,-0.4732179343700409,0.8526496887207031,0.7998185753822327,-0.24987900257110596,-0.40763217210769653,-1.0787233114242554,1.150106430053711,-0.385647714138031,-0.183801531791687,-0.6297366619110107,1.4089502096176147,-0.13918814063072205,-0.16392970085144043
192,2.5000369548797607,-3.9228878021240234,0.3318326473236084,0.05135035514831543,2.3828978538513184,-4.189141273498535,0.3600480556488037,0.03119945526123047,2.364867925643921,-4.1352858543396,0.3032350540161133,0.03914213180541992,1.4755723476409912,-4.41021728515625,0.38707494735717773,-0.0014395713806152344,1.5694997310638428,-4.1777424812316895,0.23037946224212646,0.012638568878173828,0.48242512345314026,-3.4985663890838623,0.2561466097831726,-0.02588510513305664,1.3099135160446167,-2.9370834827423096,0.23069798946380615,0.013584136962890625,0.809448778629303,-2.3301470279693604,0.3247581720352173,-0.0659019947052002,1.6363279819488525,-1.3205163478851318,0.1665055751800537,0.04023408889770508,2.0365264415740967,-1.4995795488357544,0.3818979263305664,0.04076564311981201,2.8555729389190674,-1.1622161865234375,0.2602105140686035,0.010916471481323242,-0.2816227972507477,-0.13075464963912964,-0.005195200443267822,-0.008952222764492035,0.2816223204135895,0.13075464963912964,0.005194246768951416,0.008952222764492035,0.3013151288032532,0.39962881803512573,0.1746484935283661,-0.06881090998649597,1.2548797130584717,0.7609570026397705,0.40223002433776855,-0.03886157274246216,-1.357012391090393,1.054559350013733,-0.2782890796661377,-0.09554708003997803,-0.6330591440200806,1.320624828338623,-0.0033224821090698242,-0.0883253812789917
193,2.6781082153320312,-3.941803455352783,0.1780712604522705,-0.018915653228759766,2.6383211612701416,-4.2584428787231445,0.25542330741882324,-0.06930160522460938,2.489838123321533,-4.194999694824219,0.1249701976776123,-0.05971384048461914,1.870424509048462,-4.555956840515137,0.3948521614074707,-0.14573955535888672,1.6136023998260498,-4.318725109100342,0.04410266876220703,-0.14098262786865234,0.7031834721565247,-3.6671621799468994,0.2207583487033844,-0.1685957908630371,1.4677696228027344,-3.0226407051086426,0.15785610675811768,-0.08555722236633301,1.0792216062545776,-2.4347448348999023,0.26977282762527466,-0.10459780693054199,1.9529750347137451,-1.1760393381118774,0.3166470527648926,0.1444770097732544,2.3659331798553467,-1.5343023538589478,0.32940673828125,-0.03472280502319336,3.088906764984131,-1.1083104610443115,0.23333382606506348,0.05390572547912598,-0.2470453530550003,-0.14270085096359253,0.034577444195747375,-0.01194620132446289,0.2470453530550003,0.14269983768463135,-0.03457696735858917,0.011945188045501709,0.5623328685760498,0.5172975063323975,0.26101773977279663,0.11766868829727173,1.3748284578323364,0.9088914394378662,0.11994874477386475,0.1479344367980957,-1.4377648830413818,1.1677075624465942,-0.08075249195098877,0.11314821243286133,-0.9976454377174377,1.3973076343536377,-0.3645862936973572,0.07668280601501465
194,3.283554792404175,-4.518238067626953,0.6054465770721436,-0.5764346122741699,3.227778911590576,-4.960246562957764,0.5894577503204346,-0.7018036842346191,2.99841570854187,-4.877956390380859,0.5085775852203369,-0.6829566955566406,2.421128034591675,-5.3184380531311035,0.5507035255432129,-0.7624812126159668,1.8746230602264404,-5.0588202476501465,0.2610206604003906,-0.7400951385498047,1.0656821727752686,-3.9214859008789062,0.3624987006187439,-0.25432372093200684,1.8233647346496582,-3.26886248588562,0.35559511184692383,-0.24622178077697754,1.5131899118423462,-2.3523709774017334,0.43396830558776855,0.08237385749816895,2.530536413192749,-1.0674024820327759,0.5775613784790039,0.10863685607910156,2.9901340007781982,-1.368019938468933,0.6242008209228516,0.16628241539001465,3.930577278137207,-1.0366926193237305,0.8416705131530762,0.07161784172058105,-0.22599802911281586,-0.1569770723581314,0.021047323942184448,-0.01427622139453888,0.22599802911281586,0.1569758504629135,-0.021047323942184448,0.014276012778282166,1.2883497476577759,0.821627140045166,0.7260168790817261,0.30432963371276855,2.020632266998291,1.329021692276001,0.6458038091659546,0.42013025283813477,-1.7852272987365723,1.2881457805633545,-0.34746241569519043,0.12043821811676025,-1.6775821447372437,1.7062591314315796,-0.6799367070198059,0.3089514970779419
195,4.059062957763672,-6.325377941131592,0.7755081653594971,-1.8071398735046387,4.156809329986572,-6.950902462005615,0.9290304183959961,-1.9906558990478516,3.5424115657806396,-6.885765075683594,0.5439958572387695,-2.0078086853027344,3.2981653213500977,-7.380270004272461,0.8770372867584229,-2.0618319511413574,1.9651075601577759,-7.101182460784912,0.09048449993133545,-2.0423622131347656,1.3685840368270874,-5.523298263549805,0.30290186405181885,-1.6018123626708984,2.1166391372680664,-4.85966157913208,0.2932744026184082,-1.59079909324646,1.829721212387085,-3.412022590637207,0.31653130054473877,-1.0596516132354736,2.6571850776672363,-1.9607024192810059,0.1266486644744873,-0.89329993724823,4.05219030380249,-2.061194896697998,1.062056303024292,-0.6931749582290649,4.717813014984131,-1.4541577100753784,0.7872357368469238,-0.41746509075164795,-0.2383745163679123,-0.14471988379955292,-0.012376487255096436,0.012257188558578491,0.2383745163679123,0.14471988379955292,0.012376487255096436,-0.012255966663360596,0.372531920671463,1.033545970916748,-0.9158178567886353,0.21191883087158203,1.402929425239563,1.499777913093567,-0.617702841758728,0.17075622081756592,-3.2235770225524902,1.894556999206543,-1.438349723815918,0.6064112186431885,-2.9288673400878906,2.3501038551330566,-1.251285195350647,0.643844723701477
196,3.1868135929107666,-4.79475736618042,-0.8722493648529053,1.5306205749511719,3.338365077972412,-5.280569553375244,-0.8184442520141602,1.670332908630371,2.7460739612579346,-5.210400104522705,-0.7963376045227051,1.6753649711608887,2.777256727218628,-5.643788814544678,-0.5209085941314697,1.7364811897277832,1.5891916751861572,-5.361982822418213,-0.37591588497161865,1.7391996383666992,1.1107491254806519,-4.179521560668945,-0.25783491134643555,1.3437767028808594,1.881912350654602,-3.542884111404419,-0.23472678661346436,1.3167774677276611,1.5220820903778076,-2.6209328174591064,-0.30763912200927734,0.7910897731781006,2.3823859691619873,-1.2189940214157104,-0.274799108505249,0.7417083978652954,3.2613489627838135,-1.4426366090774536,-0.7908413410186768,0.6185582876205444,3.79906964302063,-0.7645116448402405,-0.918743371963501,0.6896460652351379,-0.31807607412338257,-0.1295643448829651,-0.07970155775547028,0.01515553891658783,0.31807607412338257,0.12956503033638,0.07970155775547028,-0.015154853463172913,-0.18887421488761902,1.6857770681381226,-0.561406135559082,0.6522310972213745,1.7561990022659302,2.052093505859375,0.3532695770263672,0.5523155927658081,-3.0362918376922607,2.0569334030151367,0.1872851848602295,0.16237640380859375,-1.1377753019332886,2.38667368888855,1.791092038154602,0.036569833755493164
197,3.4396517276763916,-6.232882499694824,0.252838134765625,-1.4381251335144043,3.7935965061187744,-6.853462219238281,0.4552314281463623,-1.572892665863037,2.81367564201355,-6.8286027908325195,0.06760168075561523,-1.6182026863098145,3.5119760036468506,-7.204267501831055,0.7347192764282227,-1.560478687286377,1.566688895225525,-7.032459259033203,-0.022502779960632324,-1.6704764366149902,1.5513794422149658,-5.412465572357178,0.44063031673431396,-1.2329440116882324,2.360440492630005,-4.824741363525391,0.47852814197540283,-1.2818572521209717,2.1287741661071777,-3.348430633544922,0.6066920757293701,-0.7274978160858154,3.160646438598633,-1.7449437379837036,0.7782604694366455,-0.5259497165679932,4.014858722686768,-1.98316490650177,0.7535097599029541,-0.5405282974243164,4.723216533660889,-1.2956879138946533,0.9241468906402588,-0.5311762690544128,-0.3082123100757599,-0.09626331925392151,0.00986376404762268,0.03330102562904358,0.30821314454078674,0.09626331925392151,-0.009862929582595825,-0.033301711082458496,-0.1734803318977356,2.0131890773773193,0.015393882989883423,0.3274120092391968,1.6814864873886108,2.296369791030884,-0.07471251487731934,0.2442762851715088,-3.749594211578369,2.591144323348999,-0.7133023738861084,0.5342109203338623,-2.422506809234619,2.7697463035583496,-1.2847315073013306,0.3830726146697998
198,5.364472389221191,-11.324722290039062,1.9248206615447998,-5.091839790344238,6.282680034637451,-12.400678634643555,2.4890835285186768,-5.547216415405273,4.17450475692749,-12.481308937072754,1.3608291149139404,-5.652706146240234,6.439807891845703,-12.771232604980469,2.9278318881988525,-5.566965103149414,2.248652458190918,-12.82596492767334,0.6819635629653931,-5.793505668640137,3.107595682144165,-9.633785247802734,1.5562162399291992,-4.221319675445557,3.9076075553894043,-9.033801078796387,1.5471670627593994,-4.209059715270996,4.572853088378906,-6.1671576499938965,2.4440789222717285,-2.8187270164489746,5.315483093261719,-3.6497318744659424,2.154836654663086,-1.9047881364822388,7.8124895095825195,-3.8087806701660156,3.797630786895752,-1.8256157636642456,8.51152229309082,-2.4301254749298096,3.7883057594299316,-1.1344375610351562,-0.3771202266216278,-0.07409128546714783,-0.06890791654586792,0.02217203378677368,0.3771202266216278,0.07409428805112839,0.06890708208084106,-0.02216903120279312,-0.20494647324085236,3.2856812477111816,-0.03146614134311676,1.2724921703338623,3.353435754776001,3.4586398601531982,1.6719492673873901,1.1622700691223145,-6.484049320220947,4.783670902252197,-2.734455108642578,2.1925265789031982,-3.593804121017456,4.696720600128174,-1.171297311782837,1.9269742965698242
199,16.78187370300293,-41.0402717590332,11.417401313781738,-29.71554946899414,20.454113006591797,-44.577178955078125,14.171432495117188,-32.17649841308594,12.506402015686035,-45.001461029052734,8.331897735595703,-32.5201530456543,22.589401245117188,-44.5229606628418,16.149593353271484,-31.751728057861328,6.456100940704346,-45.193359375,4.207448482513428,-32.367393493652344,12.93983268737793,-32.67786407470703,9.832237243652344,-23.044078826904297,12.112366676330566,-32.11634826660156,8.20475959777832,-23.08254623413086,18.109676361083984,-19.64847755432129,13.536823272705078,-13.481319427490234,18.19757080078125,-13.958320617675781,12.882087707519531,-10.308588981628418,27.634798049926758,-12.662640571594238,19.822307586669922,-8.853859901428223,31.845233917236328,-10.087392807006836,23.333711624145508,-7.6572675704956055,-0.05582395941019058,0.15453295409679413,0.3212962746620178,0.22862423956394196,0.05582395941019058,-0.15453295409679413,-0.3212962746620178,-0.22862723469734192,-2.8589425086975098,9.86752986907959,-2.653995990753174,6.581848621368408,7.560204982757568,9.657508850097656,4.206768989562988,6.198868751525879,-24.56186294555664,15.79301643371582,-18.07781410217285,11.009346008300781,-14.83867359161377,15.193876266479492,-11.244869232177734,10.497156143188477
200,5.968512535095215,-15.572880744934082,-10.813361167907715,25.467391967773438,7.137606143951416,-17.056745529174805,-13.316507339477539,27.52043342590332,4.242617607116699,-16.937726974487305,-8.263784408569336,28.06373405456543,8.11253547668457,-17.20832633972168,-14.476865768432617,27.314634323120117,2.2187867164611816,-16.750232696533203,-4.237314224243164,28.443126678466797,4.831623077392578,-12.369987487792969,-8.108209609985352,20.307876586914062,4.996809959411621,-11.3837251663208,-7.115556716918945,20.732624053955078,5.991662502288818,-7.8346428871154785,-12.118013381958008,11.813835144042969,6.880765438079834,-4.638724327087402,-11.316804885864258,9.319596290588379,9.05123233795166,-5.151618003845215,-18.58356475830078,7.511022567749023,12.139070510864258,-3.1491551399230957,-19.70616340637207,6.93823766708374,-0.1336861550807953,-0.13726021349430084,-0.0778621956706047,-0.29179316759109497,0.1336842030286789,0.13726021349430084,0.07786024361848831,0.29179316759109497,1.627515435218811,4.310793876647949,4.486457824707031,-5.556735992431641,5.08316707611084,4.89085578918457,-2.4770379066467285,-4.766653060913086,-7.775640487670898,5.667229175567627,16.786222457885742,-10.125787734985352,-5.640302658081055,6.611502647399902,9.198370933532715,-8.58237361907959
201,4.343671798706055,-12.535431861877441,-1.6248407363891602,3.0374488830566406,5.206226825714111,-13.650288581848145,-1.9313793182373047,3.40645694732666,3.002131700515747,-13.519423484802246,-1.2404859066009521,3.4183034896850586,5.887376308441162,-13.63664436340332,-2.225159168243408,3.5716819763183594,1.4578436613082886,-13.153128623962402,-0.7609430551528931,3.597104072570801,3.3026654720306396,-9.803240776062012,-1.5289576053619385,2.566746711730957,3.706421136856079,-8.888374328613281,-1.290388822555542,2.4953508377075195,3.878497362136841,-6.343119144439697,-2.1131651401519775,1.4915237426757812,5.318489074707031,-3.7105937004089355,-1.5622763633728027,0.9281306266784668,6.407963275909424,-4.3373308181762695,-2.6432690620422363,0.8142871856689453,9.400931358337402,-2.533870220184326,-2.7381391525268555,0.6152849197387695,-0.18997807800769806,-0.13911618292331696,-0.05629192292690277,-0.0018559694290161133,0.18997807800769806,0.13911773264408112,0.056293874979019165,0.0018575191497802734,0.8289430141448975,3.4924259185791016,-0.7985724210739136,-0.8183679580688477,3.5943875312805176,4.029725551605225,-1.4887795448303223,-0.8611302375793457,-5.933078289031982,4.618747711181641,1.842562198638916,-1.0484814643859863,-4.204195976257324,5.5182623863220215,1.4361066818237305,-1.0932402610778809
202,3.248990535736084,-10.075634956359863,-1.0946812629699707,2.459796905517578,3.899770498275757,-11.026689529418945,-1.3064563274383545,2.623599052429199,2.116925001144409,-10.831995964050293,-0.8852066993713379,2.687427520751953,4.453508377075195,-11.089004516601562,-1.4338679313659668,2.547639846801758,0.8875755667686462,-10.491251945495605,-0.5702680945396423,2.661876678466797,2.4127278327941895,-7.981295108795166,-0.8899376392364502,1.8219456672668457,2.9117441177368164,-7.1147027015686035,-0.7946770191192627,1.7736716270446777,2.986738920211792,-5.224658489227295,-0.8917584419250488,1.1184606552124023,4.2201995849609375,-3.1000583171844482,-1.0982894897460938,0.6105353832244873,4.938479423522949,-3.6185312271118164,-1.4694838523864746,0.7187995910644531,7.389607906341553,-2.1912992000579834,-2.0113234519958496,0.3425710201263428,-0.2410319745540619,-0.14654463529586792,-0.05105389654636383,-0.007428452372550964,0.2410319745540619,0.14654463529586792,0.05105389654636383,0.007426902651786804,0.6682637929916382,2.5203568935394287,-0.16067922115325928,-0.9720690250396729,3.2858781814575195,3.043987274169922,-0.30850934982299805,-0.9857382774353027,-4.6797709465026855,3.2665297985076904,1.2533073425292969,-1.3522179126739502,-2.7880117893218994,4.214015960693359,1.4161841869354248,-1.304246425628662
203,2.988816738128662,-10.392378807067871,-0.2601737976074219,-0.3167438507080078,3.6055068969726562,-11.344483375549316,-0.2942636013031006,-0.3177938461303711,1.809881567955017,-11.119858741760254,-0.3070434331893921,-0.28786277770996094,4.169003009796143,-11.346857070922852,-0.28450536727905273,-0.25785255432128906,0.5799914598464966,-10.674979209899902,-0.30758410692214966,-0.18372726440429688,2.280925750732422,-8.208196640014648,-0.13180208206176758,-0.22690153121948242,2.794787883758545,-7.3503241539001465,-0.11695623397827148,-0.23562145233154297,3.0430359840393066,-5.368964672088623,0.05629706382751465,-0.14430618286132812,4.263782501220703,-3.312978506088257,0.043582916259765625,-0.2129201889038086,5.096853256225586,-3.834141969680786,0.15837383270263672,-0.21561074256896973,7.448397636413574,-2.411263942718506,0.058789730072021484,-0.21996474266052246,-0.23090480268001556,-0.13875055313110352,0.010127171874046326,0.007794082164764404,0.23090602457523346,0.13874812424182892,-0.01012594997882843,-0.0077965110540390015,0.5589260458946228,2.2371151447296143,-0.10933774709701538,-0.28324174880981445,2.9084715843200684,2.749258041381836,-0.37740659713745117,-0.29472923278808594,-4.840572357177734,3.0764315128326416,-0.16080141067504883,-0.19009828567504883,-3.4564859867095947,4.089356899261475,-0.6684741973876953,-0.12465906143188477
204,1.8756071329116821,-6.261870861053467,-1.11320960521698,4.130507946014404,2.2540953159332275,-6.889913082122803,-1.3514115810394287,4.454570293426514,1.1678941249847412,-6.7473955154418945,-0.6419874429702759,4.372463226318359,2.473788022994995,-7.036016464233398,-1.6952149868011475,4.310840606689453,0.37380126118659973,-6.6133012771606445,-0.20619019865989685,4.061677932739258,1.0506055355072021,-5.158324718475342,-1.2303202152252197,3.0498719215393066,1.794399619102478,-4.48991584777832,-1.000388264656067,2.860408306121826,1.6774696111679077,-3.532780170440674,-1.365566372871399,1.8361845016479492,2.930156946182251,-2.0604536533355713,-1.3336255550384521,1.2525248527526855,3.15712308883667,-2.3538124561309814,-1.939730167388916,1.4803295135498047,4.718561172485352,-1.6027405261993408,-2.7298364639282227,0.808523416519165,-0.28752660751342773,-0.1229998767375946,-0.05662180483341217,0.01575067639350891,0.2875273525714874,0.12300136685371399,0.05662132799625397,-0.01574675738811493,0.20097976922988892,1.2916791439056396,-0.3579462766647339,-0.9454360008239746,1.9355838298797607,1.6662677526474,-0.9728877544403076,-1.082990288734436,-2.7985048294067383,1.9300932884216309,2.042067527770996,-1.1463382244110107,-1.6945289373397827,2.4497902393341064,1.761957049369812,-1.6395666599273682
205,1.8592817783355713,-6.360814571380615,-0.01632535457611084,-0.09894371032714844,2.2048609256744385,-7.002162933349609,-0.04923439025878906,-0.11224985122680664,1.1242154836654663,-6.839661121368408,-0.0436786413192749,-0.09226560592651367,2.381396770477295,-7.145411968231201,-0.0923912525177002,-0.10939550399780273,0.2862870395183563,-6.668780326843262,-0.08751422166824341,-0.05547904968261719,1.039021372795105,-5.209062099456787,-0.011584162712097168,-0.05073738098144531,1.7478876113891602,-4.503719329833984,-0.04651200771331787,-0.013803482055664062,1.7974001169204712,-3.5614118576049805,0.11993050575256348,-0.02863168716430664,3.0304677486419678,-2.0703072547912598,0.1003108024597168,-0.009853601455688477,3.340247631072998,-2.3635928630828857,0.18312454223632812,-0.009780406951904297,4.784657001495361,-1.6540039777755737,0.06609582901000977,-0.05126345157623291,-0.2707679867744446,-0.1315702348947525,0.016758620738983154,-0.008570358157157898,0.2707679867744446,0.13156872987747192,-0.016759365797042847,0.008567363023757935,0.32076627016067505,1.1891844272613525,0.11978650093078613,-0.10249471664428711,1.8989219665527344,1.6022111177444458,-0.03666186332702637,-0.0640566349029541,-2.828562021255493,1.8521422147750854,-0.030057191848754883,-0.07795107364654541,-1.8996965885162354,2.4369149208068848,-0.20516765117645264,-0.01287531852722168
206,1.6118333339691162,-5.503833293914795,-0.24744844436645508,0.8569812774658203,1.894951343536377,-6.095529556274414,-0.3099095821380615,0.9066333770751953,0.9553788304328918,-5.913082122802734,-0.16883665323257446,0.9265789985656738,2.0194613933563232,-6.292776584625244,-0.3619353771209717,0.852635383605957,0.19637900590896606,-5.778326988220215,-0.08990803360939026,0.8904533386230469,0.8522862792015076,-4.63466215133667,-0.1867350935935974,0.5743999481201172,1.4694433212280273,-3.8478221893310547,-0.2784442901611328,0.6558971405029297,1.6198137998580933,-3.273838520050049,-0.17758631706237793,0.28757333755493164,2.6200623512268066,-1.69287109375,-0.41040539741516113,0.37743616104125977,2.9711081981658936,-2.1515707969665527,-0.3691394329071045,0.212022066116333,4.121767520904541,-1.3605222702026367,-0.6628894805908203,0.293481707572937,-0.26055774092674255,-0.1487153172492981,0.010210245847702026,-0.017145082354545593,0.26055705547332764,0.1487153172492981,-0.010210931301116943,0.017146587371826172,0.05037233605980873,1.2082616090774536,-0.2703939378261566,0.019077181816101074,1.7161226272583008,1.6656957864761353,-0.1827993392944336,0.06348466873168945,-2.7292425632476807,1.7881351709365845,0.0993194580078125,-0.06400704383850098,-1.3940154314041138,2.3851747512817383,0.5056811571121216,-0.051740169525146484
207,1.7887197732925415,-6.0117106437683105,0.1768864393234253,-0.5078773498535156,2.0644583702087402,-6.678596496582031,0.16950702667236328,-0.5830669403076172,1.043411374092102,-6.446934223175049,0.0880325436592102,-0.5338521003723145,2.193502187728882,-6.923704147338867,0.1740407943725586,-0.630927562713623,0.18253393471240997,-6.2897772789001465,-0.013845071196556091,-0.5114502906799316,1.0257359743118286,-5.065093517303467,0.17344969511032104,-0.4304313659667969,1.5820420980453491,-4.234116077423096,0.11259877681732178,-0.386293888092041,1.873259425163269,-3.4840965270996094,0.2534456253051758,-0.21025800704956055,2.88364839553833,-1.9184068441390991,0.26358604431152344,-0.22553575038909912,3.3463141918182373,-2.2089667320251465,0.37520599365234375,-0.05739593505859375,4.561730861663818,-1.504077672958374,0.43996334075927734,-0.1435554027557373,-0.22540771961212158,-0.15682123601436615,0.03515002131462097,-0.008105918765068054,0.22540846467018127,0.15682123601436615,-0.03514859080314636,0.008105918765068054,0.2370920181274414,1.3511227369308472,0.18671968579292297,0.14286112785339355,1.6652299165725708,1.8694560527801514,-0.05089271068572998,0.2037602663040161,-2.9195199012756348,1.9239585399627686,-0.1902773380279541,0.13582336902618408,-2.0060532093048096,2.697763204574585,-0.6120377779006958,0.3125884532928467
208,1.8859678506851196,-6.554201126098633,0.09724807739257812,-0.5424904823303223,2.1690099239349365,-7.275135517120361,0.10455155372619629,-0.5965390205383301,1.082816243171692,-7.017585754394531,0.039404869079589844,-0.5706515312194824,2.3112900257110596,-7.543673038482666,0.11778783798217773,-0.6199688911437988,0.1643621176481247,-6.84684419631958,-0.01817181706428528,-0.5570669174194336,1.1410276889801025,-5.518890857696533,0.11529171466827393,-0.4537973403930664,1.6357080936431885,-4.649815559387207,0.053665995597839355,-0.41569948196411133,2.1371963024139404,-3.825286626815796,0.2639368772506714,-0.3411900997161865,3.0121676921844482,-2.2447621822357178,0.12851929664611816,-0.32635533809661865,3.7335915565490723,-2.393176794052124,0.38727736473083496,-0.18421006202697754,4.8045454025268555,-1.8175303936004639,0.2428145408630371,-0.31345272064208984,-0.21611487865447998,-0.16359461843967438,0.009292840957641602,-0.0067733824253082275,0.2161140739917755,0.16359461843967438,-0.009294390678405762,0.0067733824253082275,0.19301781058311462,1.3121064901351929,-0.04407420754432678,-0.0390162467956543,1.7354512214660645,1.8726047277450562,0.07022130489349365,0.003148674964904785,-3.1871893405914307,1.9583642482757568,-0.2676694393157959,0.03440570831298828,-2.0876638889312744,2.8183767795562744,-0.08161067962646484,0.12061357498168945
209,2.026233673095703,-7.080959320068359,0.1402658224105835,-0.5267581939697266,2.36285138130188,-7.876131534576416,0.19384145736694336,-0.6009960174560547,1.1502163410186768,-7.608826637268066,0.06740009784698486,-0.5912408828735352,2.6028361320495605,-8.17641830444336,0.291546106338501,-0.6327452659606934,0.18361639976501465,-7.458248615264893,0.019254282116889954,-0.6114044189453125,1.4118707180023193,-5.983499526977539,0.2708430290222168,-0.46460866928100586,1.7663666009902954,-5.048442363739014,0.13065850734710693,-0.39862680435180664,2.4697792530059814,-4.1879706382751465,0.332582950592041,-0.3626840114593506,3.3364217281341553,-2.4050753116607666,0.32425403594970703,-0.16031312942504883,4.114991664886475,-2.5934064388275146,0.38140010833740234,-0.20022964477539062,5.260211944580078,-1.862934947013855,0.45566654205322266,-0.04540455341339111,-0.15320925414562225,-0.1742284893989563,0.06290562450885773,-0.010633870959281921,0.15320925414562225,0.17423021793365479,-0.06290481984615326,0.010635599493980408,0.5081691741943359,1.2623847723007202,0.3151513636112213,-0.049721717834472656,1.7893437147140503,1.8790661096572876,0.05389249324798584,0.006461381912231445,-3.306285858154297,2.0901777744293213,-0.11909651756286621,0.13181352615356445,-2.5543112754821777,3.015488624572754,-0.4666473865509033,0.1971118450164795
210,2.0540988445281982,-7.3422322273254395,0.027865171432495117,-0.2612729072570801,2.4205453395843506,-8.136377334594727,0.0576939582824707,-0.26024580001831055,1.1587235927581787,-7.896973609924316,0.008507251739501953,-0.28814697265625,2.6520559787750244,-8.407350540161133,0.04921984672546387,-0.23093223571777344,0.1298217624425888,-7.743508338928223,-0.05379463732242584,-0.2852597236633301,1.3418437242507935,-6.176486968994141,-0.07002699375152588,-0.19298744201660156,1.7563822269439697,-5.26645565032959,-0.009984374046325684,-0.21801328659057617,2.3996291160583496,-4.388160705566406,-0.07015013694763184,-0.20019006729125977,3.3702189922332764,-2.5897679328918457,0.033797264099121094,-0.1846926212310791,4.112695217132568,-2.8236277103424072,-0.00229644775390625,-0.23022127151489258,5.407085418701172,-2.0701234340667725,0.14687347412109375,-0.20718848705291748,-0.1717589795589447,-0.16678482294082642,-0.01854972541332245,0.007443666458129883,0.1717589795589447,0.16678661108016968,0.01854972541332245,-0.007443606853485107,0.32261520624160767,1.4153218269348145,-0.18555396795272827,0.15293705463409424,1.717240333557129,1.9866225719451904,-0.07210338115692139,0.10755646228790283,-3.4185972213745117,2.2315263748168945,-0.11231136322021484,0.14134860038757324,-2.598792552947998,3.063911199569702,-0.04448127746582031,0.04842257499694824
211,2.1424288749694824,-7.655517101287842,0.08833003044128418,-0.31328487396240234,2.526397705078125,-8.478604316711426,0.10585236549377441,-0.3422269821166992,1.2017402648925781,-8.22464656829834,0.043016672134399414,-0.32767295837402344,2.793754816055298,-8.748242378234863,0.14169883728027344,-0.34089183807373047,0.1440671682357788,-8.050116539001465,0.014245405793190002,-0.3066082000732422,1.4591337442398071,-6.418205261230469,0.11729001998901367,-0.24171829223632812,1.8342951536178589,-5.491245746612549,0.07791292667388916,-0.22479009628295898,2.550739288330078,-4.564167499542236,0.15111017227172852,-0.17600679397583008,3.4593887329101562,-2.7055280208587646,0.08916974067687988,-0.11576008796691895,4.302581787109375,-2.877197742462158,0.18988656997680664,-0.05357003211975098,5.6291704177856445,-1.9847294092178345,0.22208499908447266,0.08539402484893799,-0.1710236817598343,-0.16950517892837524,0.0007352977991104126,-0.002720355987548828,0.17102274298667908,0.16950708627700806,-0.000736236572265625,0.002720475196838379,0.34564492106437683,1.5579843521118164,0.023029714822769165,0.14266252517700195,1.895492434501648,2.1409435272216797,0.17825210094451904,0.15432095527648926,-3.685368299484253,2.4731950759887695,-0.2667710781097412,0.241668701171875,-2.658677339553833,3.3632619380950928,-0.05988478660583496,0.2993507385253906
212,2.215709686279297,-8.423870086669922,0.07328081130981445,-0.7683529853820801,2.6533432006835938,-9.309891700744629,0.12694549560546875,-0.8312873840332031,1.192566990852356,-9.040292739868164,-0.009173274040222168,-0.8156461715698242,3.006265163421631,-9.573582649230957,0.212510347366333,-0.8253402709960938,0.08157961815595627,-8.838008880615234,-0.06248755007982254,-0.7878923416137695,1.624698519706726,-7.032571315765381,0.16556477546691895,-0.6143660545349121,1.925276279449463,-6.0788140296936035,0.090981125831604,-0.5875682830810547,2.7902867794036865,-4.939811706542969,0.2395474910736084,-0.3756442070007324,3.7130041122436523,-3.0083775520324707,0.2536153793334961,-0.30284953117370605,4.696007251739502,-3.066131114959717,0.39342546463012695,-0.1889333724975586,6.081589698791504,-2.14302921295166,0.4524192810058594,-0.15829980373382568,-0.1551552265882492,-0.1696518361568451,0.015868455171585083,-0.00014665722846984863,0.1551552265882492,0.1696518361568451,-0.01586751639842987,0.00014474987983703613,0.2470007687807083,1.7599871158599854,-0.09864415228366852,0.20200276374816895,1.9469807147979736,2.3633816242218018,0.051488280296325684,0.22243809700012207,-4.133128643035889,2.803637981414795,-0.44776034355163574,0.3304429054260254,-2.8954522609710693,3.7623441219329834,-0.23677492141723633,0.3990821838378906
213,2.1753628253936768,-8.314319610595703,-0.04034686088562012,0.10955047607421875,2.6148300170898438,-9.17415714263916,-0.03851318359375,0.13573455810546875,1.1748648881912231,-8.915872573852539,-0.017702102661132812,0.124420166015625,2.9592435359954834,-9.425259590148926,-0.04702162742614746,0.14832305908203125,0.0766654685139656,-8.714635848999023,-0.004914149641990662,0.12337303161621094,1.5714715719223022,-6.977468490600586,-0.05322694778442383,0.05510282516479492,1.8727024793624878,-6.0239176750183105,-0.0525738000869751,0.05489635467529297,2.7082293033599854,-4.995880126953125,-0.08205747604370117,-0.05606842041015625,3.6558024883270264,-3.0473127365112305,-0.05720162391662598,-0.038935184478759766,4.544241905212402,-3.1755969524383545,-0.1517653465270996,-0.1094658374786377,5.972616672515869,-2.2018775939941406,-0.10897302627563477,-0.05884838104248047,-0.1579713225364685,-0.16751591861248016,-0.0028160959482192993,0.002135917544364929,0.1579713225364685,0.1675138771533966,0.0028160959482192993,-0.0021379590034484863,0.12406042963266373,1.7342380285263062,-0.12294033914804459,-0.0257490873336792,1.8803818225860596,2.316486120223999,-0.06659889221191406,-0.046895503997802734,-4.091070175170898,2.7215380668640137,0.042058467864990234,-0.08209991455078125,-2.711195945739746,3.625339984893799,0.18425631523132324,-0.13700413703918457
214,2.2892940044403076,-8.655454635620117,0.11393117904663086,-0.34113502502441406,2.7492306232452393,-9.542509078979492,0.1344006061553955,-0.36835193634033203,1.2578953504562378,-9.291878700256348,0.08303046226501465,-0.3760061264038086,3.088606357574463,-9.794490814208984,0.1293628215789795,-0.3692312240600586,0.10694742202758789,-9.097599983215332,0.030281953513622284,-0.3829641342163086,1.6179720163345337,-7.237888336181641,0.046500444412231445,-0.2604198455810547,1.9600579738616943,-6.298219680786133,0.08735549449920654,-0.27430200576782227,2.798309087753296,-5.145326137542725,0.09007978439331055,-0.1494460105895996,3.811893939971924,-3.2057554721832275,0.15609145164489746,-0.15844273567199707,4.735372543334961,-3.27160906791687,0.1911306381225586,-0.09601211547851562,6.200722694396973,-2.3657121658325195,0.22810602188110352,-0.1638345718383789,-0.1703893393278122,-0.16459646821022034,-0.012418016791343689,0.0029194504022598267,0.1703893393278122,0.16459646821022034,0.012418016791343689,-0.0029174089431762695,0.14861451089382172,1.7283711433410645,0.02455408126115799,-0.005866885185241699,1.952874779701233,2.3026552200317383,0.07249295711517334,-0.013830900192260742,-4.19194221496582,2.7441318035125732,-0.10087203979492188,0.02259373664855957,-2.8104007244110107,3.6338963508605957,-0.09920477867126465,0.008556365966796875
215,2.279780626296997,-8.363826751708984,-0.009513378143310547,0.2916278839111328,2.7206215858459473,-9.226316452026367,-0.028609037399291992,0.316192626953125,1.2876099348068237,-8.99162769317627,0.029714584350585938,0.3002510070800781,3.0114598274230957,-9.496050834655762,-0.07714653015136719,0.29843997955322266,0.14413675665855408,-8.838616371154785,0.037189334630966187,0.2589836120605469,1.5498557090759277,-7.024982452392578,-0.06811630725860596,0.2129058837890625,1.9146089553833008,-6.093877792358398,-0.045449018478393555,0.20434188842773438,2.740725040435791,-5.006960391998291,-0.05758404731750488,0.1383657455444336,3.7233834266662598,-3.059473991394043,-0.08851051330566406,0.14628148078918457,4.697456359863281,-3.160754442214966,-0.03791618347167969,0.1108546257019043,6.043915271759033,-2.2590713500976562,-0.15680742263793945,0.10664081573486328,-0.18142792582511902,-0.16359029710292816,-0.011038586497306824,0.0010061711072921753,0.18142792582511902,0.1635882556438446,0.011038586497306824,-0.0010082125663757324,0.08008507639169693,1.765293836593628,-0.06852943450212479,0.03692269325256348,1.9209487438201904,2.32832407951355,-0.03192603588104248,0.025668859481811523,-4.180793285369873,2.7507286071777344,0.011148929595947266,0.006596803665161133,-2.7073278427124023,3.582284927368164,0.1030728816986084,-0.05161142349243164
216,2.3382303714752197,-8.528075218200684,0.058449745178222656,-0.16424846649169922,2.8002121448516846,-9.397080421447754,0.0795905590057373,-0.17076396942138672,1.333028793334961,-9.174283027648926,0.04541885852813721,-0.18265533447265625,3.109595537185669,-9.654952049255371,0.09813570976257324,-0.15890121459960938,0.18125952780246735,-9.026576042175293,0.03712277114391327,-0.1879596710205078,1.5850744247436523,-7.1519551277160645,0.03521871566772461,-0.12697267532348633,2.0052032470703125,-6.244490623474121,0.09059429168701172,-0.15061283111572266,2.832808256149292,-5.087244033813477,0.09208321571350098,-0.08028364181518555,3.7932300567626953,-3.1209065914154053,0.06984663009643555,-0.061432600021362305,4.840202331542969,-3.21777081489563,0.1427459716796875,-0.05701637268066406,6.196709156036377,-2.2902474403381348,0.15279388427734375,-0.031176090240478516,-0.20356129109859467,-0.15755850076675415,-0.022133365273475647,0.006031796336174011,0.20356129109859467,0.1575605869293213,0.022133365273475647,-0.006027668714523315,0.08591635525226593,1.7820470333099365,0.005831278860569,0.016753196716308594,2.0544686317443848,2.316411256790161,0.13351988792419434,-0.011912822723388672,-4.2816243171691895,2.7879273891448975,-0.1008310317993164,0.037198781967163086,-2.7508842945098877,3.572723388671875,-0.04355645179748535,-0.009561538696289062
217,2.520383596420288,-9.296857833862305,0.18215322494506836,-0.7687826156616211,3.034590482711792,-10.222151756286621,0.23437833786010742,-0.8250713348388672,1.4356446266174316,-9.996282577514648,0.1026158332824707,-0.8219995498657227,3.390806198120117,-10.46191692352295,0.28121066093444824,-0.8069648742675781,0.19609227776527405,-9.818846702575684,0.014832749962806702,-0.7922706604003906,1.7670531272888184,-7.730210781097412,0.18197870254516602,-0.5782556533813477,2.1250009536743164,-6.796469211578369,0.1197977066040039,-0.551978588104248,3.088515043258667,-5.439161777496338,0.255706787109375,-0.35191774368286133,4.105457305908203,-3.399515151977539,0.3122272491455078,-0.2786085605621338,5.236115455627441,-3.454620122909546,0.39591312408447266,-0.23684930801391602,6.702772617340088,-2.543067455291748,0.5060634613037109,-0.2528200149536133,-0.19036830961704254,-0.1596577763557434,0.013192981481552124,-0.002099275588989258,0.19036830961704254,0.1596577763557434,-0.013192981481552124,0.002097189426422119,0.05936986207962036,1.9477676153182983,-0.02654649317264557,0.16572058200836182,2.174736261367798,2.500746726989746,0.12026762962341309,0.18433547019958496,-4.659231662750244,3.0037999153137207,-0.3776073455810547,0.21587252616882324,-2.9016547203063965,3.819828987121582,-0.1507704257965088,0.24710559844970703
218,2.6481239795684814,-9.803451538085938,0.12774038314819336,-0.5065937042236328,3.1993513107299805,-10.771475791931152,0.16476082801818848,-0.5493240356445312,1.5089043378829956,-10.54883098602295,0.07325971126556396,-0.5525484085083008,3.597280979156494,-10.989870071411133,0.20647478103637695,-0.5279531478881836,0.2135883867740631,-10.347761154174805,0.017496109008789062,-0.5289144515991211,1.9053775072097778,-8.05793571472168,0.13832437992095947,-0.3277249336242676,2.2515554428100586,-7.119767189025879,0.1265544891357422,-0.32329797744750977,3.2292098999023438,-5.611776828765869,0.14069485664367676,-0.17261505126953125,4.344757080078125,-3.531104803085327,0.23929977416992188,-0.13158965110778809,5.512804985046387,-3.4813554286956787,0.2766895294189453,-0.026735305786132812,7.0776472091674805,-2.588759422302246,0.3748745918273926,-0.04569196701049805,-0.17155438661575317,-0.15917041897773743,0.018813923001289368,0.00048735737800598145,0.17155557870864868,0.15917041897773743,-0.01881273090839386,-0.00048735737800598145,0.19844156503677368,2.0590531826019287,0.13907170295715332,0.11128556728363037,2.1682515144348145,2.6298863887786865,-0.0064847469329833984,0.12913966178894043,-4.777858257293701,3.2207486629486084,-0.11862659454345703,0.2169487476348877,-3.337101936340332,4.069042205810547,-0.43544721603393555,0.24921321868896484
219,2.426008939743042,-8.874110221862793,-0.22211503982543945,0.9293413162231445,2.8938961029052734,-9.834741592407227,-0.30545520782470703,0.9367341995239258,1.3015390634536743,-9.531739234924316,-0.2073652744293213,1.0170917510986328,3.3584702014923096,-10.052596092224121,-0.23881077766418457,0.9372739791870117,0.09152335673570633,-9.2245454788208,-0.12206503003835678,1.123215675354004,1.9785665273666382,-7.139672756195068,0.07318902015686035,0.9182629585266113,2.033317804336548,-6.141172409057617,-0.21823763847351074,0.9785947799682617,2.894448757171631,-4.7928547859191895,-0.3347611427307129,0.8189220428466797,3.5964996814727783,-2.8038225173950195,-0.7482573986053467,0.7272822856903076,4.764402389526367,-3.002544403076172,-0.7484025955200195,0.47881102561950684,6.3182525634765625,-1.8430699110031128,-0.759394645690918,0.7456895112991333,-0.08315059542655945,-0.1902599334716797,0.08840379118919373,-0.03108951449394226,0.08315059542655945,0.1902599334716797,-0.08840498328208923,0.03108951449394226,0.9325484037399292,2.1978206634521484,0.7341068387031555,0.13876748085021973,2.667368173599243,2.9078822135925293,0.4991166591644287,0.2779958248138428,-4.34611701965332,2.809417247772217,0.43174123764038086,-0.4113314151763916,-3.0770719051361084,4.0602827072143555,0.26003003120422363,-0.008759498596191406
220,2.5901780128479004,-9.354856491088867,0.1641690731048584,-0.4807462692260742,3.07877516746521,-10.354209899902344,0.18487906455993652,-0.5194683074951172,1.4251272678375244,-10.045075416564941,0.1235882043838501,-0.513336181640625,3.547051191329956,-10.578824996948242,0.18858098983764648,-0.5262289047241211,0.1636655032634735,-9.73205852508545,0.07214214652776718,-0.5075130462646484,2.065430164337158,-7.525088787078857,0.08686363697052002,-0.38541603088378906,2.159579277038574,-6.5295305252075195,0.12626147270202637,-0.38835811614990234,3.026456832885742,-5.013823509216309,0.13200807571411133,-0.22096872329711914,3.7129244804382324,-3.0367939472198486,0.1164247989654541,-0.2329714298248291,5.117077350616455,-3.140638589859009,0.3526749610900879,-0.13809418678283691,6.587529182434082,-2.0232887268066406,0.26927661895751953,-0.18021881580352783,-0.09749022871255875,-0.19290772080421448,-0.014339633285999298,-0.00264778733253479,0.09749022871255875,0.19290772080421448,0.014339633285999298,0.00264778733253479,0.9849163293838501,2.261610984802246,0.0523679256439209,0.06379032135009766,2.7876811027526855,2.987948417663574,0.12031292915344238,0.08006620407104492,-4.419529438018799,2.951767921447754,-0.07341241836547852,0.1423506736755371,-3.184281587600708,4.256704330444336,-0.10720968246459961,0.19642162322998047
221,2.7256643772125244,-9.712407112121582,0.13548636436462402,-0.35755062103271484,3.331200122833252,-10.670513153076172,0.252424955368042,-0.3163032531738281,1.6073750257492065,-10.487958908081055,0.18224775791168213,-0.4428834915161133,3.7324514389038086,-10.89132022857666,0.18540024757385254,-0.31249523162841797,0.27491188049316406,-10.345312118530273,0.11124637722969055,-0.6132535934448242,1.9303280115127563,-8.092306137084961,-0.13510215282440186,-0.5672173500061035,2.171332359313965,-7.121782302856445,0.011753082275390625,-0.5922517776489258,3.2831037044525146,-5.722412586212158,0.25664687156677246,-0.7085890769958496,4.3141326904296875,-3.4990615844726562,0.6012082099914551,-0.4622676372528076,5.721380710601807,-3.522848129272461,0.6043033599853516,-0.38220953941345215,7.080197811126709,-2.7129273414611816,0.49266862869262695,-0.689638614654541,-0.1251014769077301,-0.17160223424434662,-0.027611248195171356,0.02130548655986786,0.12510265409946442,0.17160458862781525,0.02761242538690567,-0.02130313217639923,0.34708884358406067,2.010371446609497,-0.6378275156021118,-0.251239538192749,2.1117053031921387,2.6068878173828125,-0.6759757995605469,-0.3810606002807617,-4.467773914337158,3.198120594024658,-0.048244476318359375,0.2463526725769043,-3.1979286670684814,3.9298641681671143,-0.013647079467773438,-0.3268401622772217
222,2.9142017364501953,-10.075535774230957,0.1885373592376709,-0.363128662109375,3.529249906539917,-11.084956169128418,0.19804978370666504,-0.4144430160522461,1.7391407489776611,-10.889091491699219,0.1317657232284546,-0.40113258361816406,3.9247395992279053,-11.330517768859863,0.19228816032409668,-0.4391975402832031,0.30817288160324097,-10.749463081359863,0.033261001110076904,-0.40415096282958984,2.122807502746582,-8.353630065917969,0.19247949123382568,-0.2613239288330078,2.207510471343994,-7.357223987579346,0.0361781120300293,-0.2354416847229004,3.3523857593536377,-5.800830841064453,0.06928205490112305,-0.07841825485229492,4.585658550262451,-3.5432896614074707,0.27152585983276367,-0.04422807693481445,5.85284948348999,-3.7056384086608887,0.1314687728881836,-0.18279027938842773,7.343684673309326,-2.8549346923828125,0.2634868621826172,-0.14200735092163086,-0.059179048985242844,-0.1765735149383545,0.06592242419719696,-0.0049712806940078735,0.059179048985242844,0.1765735149383545,-0.06592360138893127,0.004968926310539246,0.5300818681716919,2.1671359539031982,0.18299302458763123,0.15676450729370117,2.010932683944702,2.823380470275879,-0.10077261924743652,0.2164926528930664,-4.74599552154541,3.443099021911621,-0.27822160720825195,0.2449784278869629,-3.6568992137908936,4.297224044799805,-0.4589705467224121,0.36735987663269043
223,2.7335329055786133,-9.428467750549316,-0.18066883087158203,0.6470680236816406,3.2178001403808594,-10.420549392700195,-0.3114497661590576,0.6644067764282227,1.5689347982406616,-10.131247520446777,-0.1702059507369995,0.7578439712524414,3.6373136043548584,-10.637096405029297,-0.2874259948730469,0.6934213638305664,0.20817050337791443,-9.84673023223877,-0.10000237822532654,0.9027328491210938,2.241966485977173,-7.638049125671387,0.11915898323059082,0.715580940246582,2.0541317462921143,-6.655848503112793,-0.15337872505187988,0.7013754844665527,3.3170933723449707,-5.147859573364258,-0.03529238700866699,0.6529712677001953,3.923677444458008,-3.125105142593384,-0.6619811058044434,0.4181845188140869,5.365577697753906,-3.3099308013916016,-0.487271785736084,0.3957076072692871,6.852555751800537,-2.2001137733459473,-0.49112892150878906,0.6548209190368652,0.022450115531682968,-0.1854272037744522,0.08162916451692581,-0.008853688836097717,-0.022450115531682968,0.18542954325675964,-0.08162916451692581,0.008856028318405151,1.1209020614624023,2.232576370239258,0.5908201932907104,0.06544041633605957,2.453263759613037,2.9590187072753906,0.44233107566833496,0.13563823699951172,-4.528491020202637,2.9022486209869385,0.21750450134277344,-0.5408504009246826,-3.659407377243042,4.1443963050842285,-0.0025081634521484375,-0.15282773971557617
224,2.7906653881073,-9.299115180969238,0.05713248252868652,0.12935256958007812,3.2420644760131836,-10.238625526428223,0.02426433563232422,0.18192386627197266,1.733102560043335,-9.983526229858398,0.16416776180267334,0.1477212905883789,3.418123960494995,-10.499213218688965,-0.21918964385986328,0.13788318634033203,0.3980408310890198,-9.818140029907227,0.18987032771110535,0.02859020233154297,1.7730419635772705,-7.563394069671631,-0.46892452239990234,0.07465505599975586,2.1198015213012695,-6.6254401206970215,0.06566977500915527,0.030408382415771484,3.327543258666992,-5.046730041503906,0.010449886322021484,0.10112953186035156,4.257567405700684,-3.0839223861694336,0.3338899612426758,0.041182756423950195,5.6301960945129395,-3.2601993083953857,0.2646183967590332,0.04973149299621582,6.914114952087402,-2.4728810787200928,0.061559200286865234,-0.2727673053741455,-0.2442987561225891,-0.18885093927383423,-0.2667488753795624,-0.003423735499382019,0.2442987561225891,0.18884865939617157,0.2667488753795624,0.0034191161394119263,0.32321926951408386,2.3516409397125244,-0.7976827621459961,0.1190645694732666,3.2643189430236816,3.0035042762756348,0.8110551834106445,0.04448556900024414,-4.92761754989624,3.177711248397827,-0.3991265296936035,0.27546262741088867,-1.6846275329589844,4.113188743591309,1.9747798442840576,-0.031207561492919922
225,2.486802577972412,-8.305527687072754,-0.3038628101348877,0.9935874938964844,2.8848416805267334,-9.153785705566406,-0.3572227954864502,1.0848398208618164,1.5422383546829224,-8.91436767578125,-0.1908642053604126,1.0691585540771484,3.0123746395111084,-9.4181489944458,-0.4057493209838867,1.081064224243164,0.3409133851528168,-8.778213500976562,-0.057127445936203,1.039926528930664,1.4687395095825195,-6.814570426940918,-0.304302453994751,0.7488236427307129,1.9078810214996338,-5.916152477264404,-0.21192049980163574,0.7092876434326172,2.893845558166504,-4.586684703826904,-0.4336977005004883,0.46004533767700195,3.776665210723877,-2.7245278358459473,-0.48090219497680664,0.35939455032348633,4.962426662445068,-3.0075817108154297,-0.6677694320678711,0.25261759757995605,6.1423869132995605,-2.2025036811828613,-0.7717280387878418,0.27037739753723145,-0.28282633423805237,-0.1812174916267395,-0.03852757811546326,0.0076334476470947266,0.2828252911567688,0.1812174916267395,0.03852653503417969,-0.007631167769432068,0.0494757741689682,2.171783447265625,-0.27374351024627686,-0.17985749244689941,3.060337781906128,2.7685322761535645,-0.2039811611175537,-0.2349720001220703,-4.532041549682617,2.8875021934509277,0.39557600021362305,-0.2902090549468994,-1.1364189386367798,3.7242400646209717,0.5482085943222046,-0.3889486789703369
226,2.196903944015503,-7.6378254890441895,-0.2898986339569092,0.6677021980285645,2.562509298324585,-8.48137378692627,-0.32233238220214844,0.6724119186401367,1.228268027305603,-8.195225715637207,-0.31397032737731934,0.719141960144043,2.8302206993103027,-8.73476505279541,-0.18215394020080566,0.6833839416503906,0.07693549245595932,-7.96504545211792,-0.26397788524627686,0.8131680488586426,1.5956403017044067,-6.231653690338135,0.1269007921218872,0.5829167366027832,1.6261694431304932,-5.232119560241699,-0.2817115783691406,0.6840329170227051,2.5879502296447754,-4.27716588973999,-0.3058953285217285,0.30951881408691406,3.1150035858154297,-2.3057570457458496,-0.6616616249084473,0.41877079010009766,4.280064105987549,-2.692079782485962,-0.6823625564575195,0.3155019283294678,5.505756855010986,-1.5163609981536865,-0.6366300582885742,0.6861426830291748,-0.11206661909818649,-0.19730208814144135,0.17075970768928528,-0.016084596514701843,0.11206661909818649,0.19730402529239655,-0.1707586646080017,0.016086533665657043,0.47554516792297363,2.260627269744873,0.42606937885284424,0.08884382247924805,2.5857057571411133,2.9519736766815186,-0.47463202476501465,0.1834414005279541,-4.1823320388793945,2.724625825881958,0.34970951080322266,-0.16287636756896973,-1.9414613246917725,3.8327510356903076,-0.8050423860549927,0.10851097106933594
227,2.4461052417755127,-8.568591117858887,0.24920129776000977,-0.9307656288146973,2.943382978439331,-9.44649600982666,0.3808736801147461,-0.9651222229003906,1.450156807899475,-9.260330200195312,0.22188878059387207,-1.0651044845581055,3.1811914443969727,-9.703900337219238,0.3509707450866699,-0.9691352844238281,0.20742300152778625,-9.16518783569336,0.13048750162124634,-1.2001423835754395,1.5480936765670776,-7.184619426727295,-0.0475466251373291,-0.9529657363891602,1.902381181716919,-6.249483108520508,0.2762117385864258,-1.0173635482788086,2.860553503036499,-5.147862911224365,0.27260327339172363,-0.870697021484375,3.7875168323516846,-3.0527477264404297,0.6725132465362549,-0.7469906806945801,4.896150588989258,-3.2802836894989014,0.616086483001709,-0.5882039070129395,6.029694557189941,-2.4381706714630127,0.5239377021789551,-0.9218096733093262,-0.20766475796699524,-0.17189599573612213,-0.09559813886880875,0.025406092405319214,0.20766369998455048,0.17189599573612213,0.09559708088636398,-0.025408029556274414,0.05952354893088341,1.8489598035812378,-0.4160216152667999,-0.41166746616363525,2.3448739051818848,2.414216995239258,-0.24083185195922852,-0.5377566814422607,-4.379216194152832,3.0691120624542236,-0.1968841552734375,0.3444862365722656,-2.0995566844940186,3.7472293376922607,-0.1580953598022461,-0.08552169799804688
228,2.4388670921325684,-8.574790000915527,-0.007238149642944336,-0.006198883056640625,2.950782060623169,-9.447553634643555,0.007399082183837891,-0.0010576248168945312,1.4412833452224731,-9.266887664794922,-0.008873462677001953,-0.006557464599609375,3.1793174743652344,-9.699424743652344,-0.0018739700317382812,0.004475593566894531,0.1776106208562851,-9.168229103088379,-0.02981238067150116,-0.0030412673950195312,1.4860053062438965,-7.203238010406494,-0.06208837032318115,-0.01861858367919922,1.8387351036071777,-6.267512798309326,-0.06364607810974121,-0.01802968978881836,2.733914375305176,-5.170510292053223,-0.12663912773132324,-0.022647380828857422,3.7126803398132324,-3.0971035957336426,-0.07483649253845215,-0.04435586929321289,4.855069160461426,-3.291696310043335,-0.04108142852783203,-0.011412620544433594,5.986382007598877,-2.46553111076355,-0.04331254959106445,-0.02736043930053711,-0.22442428767681122,-0.17487873136997223,-0.01675952970981598,-0.0029827356338500977,0.2244253307580948,0.17487873136997223,0.01676163077354431,0.0029827356338500977,-0.1659442037343979,1.9015989303588867,-0.2254677563905716,0.052639126777648926,2.372469425201416,2.4709761142730713,0.02759552001953125,0.05675911903381348,-4.520993709564209,3.087524652481079,-0.14177751541137695,0.01841259002685547,-1.7670332193374634,3.7702808380126953,0.3325234651565552,0.02305150032043457
229,2.331430435180664,-8.172013282775879,-0.1074366569519043,0.40277671813964844,2.807873487472534,-9.011804580688477,-0.14290857315063477,0.4357490539550781,1.3800432682037354,-8.828896522521973,-0.06124007701873779,0.4379911422729492,2.9981942176818848,-9.274235725402832,-0.1811232566833496,0.4251890182495117,0.16022376716136932,-8.738602638244629,-0.01738685369491577,0.42962646484375,1.375038504600525,-6.879444599151611,-0.11096680164337158,0.3237934112548828,1.7440904378890991,-5.95003604888916,-0.09464466571807861,0.317476749420166,2.5460047721862793,-4.944913387298584,-0.18790960311889648,0.22559690475463867,3.5953481197357178,-2.9457004070281982,-0.11733222007751465,0.15140318870544434,4.613829135894775,-3.1571691036224365,-0.2412400245666504,0.13452720642089844,5.729526042938232,-2.380411148071289,-0.25685596466064453,0.08511996269226074,-0.2235596925020218,-0.17467136681079865,0.0008645951747894287,0.00020736455917358398,0.2235596925020218,0.17467337846755981,-0.000865638256072998,-0.00020535290241241455,-0.19527240097522736,1.8642226457595825,-0.029328197240829468,-0.0373762845993042,2.2097203731536865,2.4343161582946777,-0.1627490520477295,-0.036659955978393555,-4.293850898742676,2.965167999267578,0.2271428108215332,-0.12235665321350098,-1.6537553071975708,3.6525416374206543,0.11327791213989258,-0.11773920059204102
230,2.411433696746826,-7.791174411773682,0.08000326156616211,0.38083887100219727,2.8404273986816406,-8.58785629272461,0.032553911209106445,0.4239482879638672,1.504468321800232,-8.434277534484863,0.12442505359649658,0.3946189880371094,2.8968889713287354,-8.843297004699707,-0.10130524635314941,0.430938720703125,0.22613610327243805,-8.36937427520752,0.06591233611106873,0.3692283630371094,1.250440001487732,-6.561312675476074,-0.12459850311279297,0.3181319236755371,1.6869237422943115,-5.661600589752197,-0.0571666955947876,0.2884354591369629,2.3701529502868652,-4.772334098815918,-0.17585182189941406,0.17257928848266602,3.475294589996338,-2.7499642372131348,-0.12005352973937988,0.19573616981506348,4.374001502990723,-3.1980772018432617,-0.23982763290405273,-0.040908098220825195,5.538381099700928,-2.2661798000335693,-0.1911449432373047,0.11423134803771973,-0.22728689014911652,-0.17402151226997375,-0.0037271976470947266,0.0006498545408248901,0.22728689014911652,0.17402344942092896,0.0037271976470947266,-0.0006499290466308594,-0.038191553205251694,1.8731493949890137,0.15708084404468536,0.008926749229431152,2.171736717224121,2.4152462482452393,-0.03798365592956543,-0.019069910049438477,-4.110943794250488,2.902400255203247,0.1829071044921875,-0.06276774406433105,-1.8058714866638184,3.5053277015686035,-0.15211617946624756,-0.14721393585205078
231,2.8775718212127686,-7.677383899688721,0.4661381244659424,0.11379051208496094,3.1561224460601807,-8.403953552246094,0.31569504737854004,0.18390274047851562,2.0248289108276367,-8.27517318725586,0.5203605890274048,0.1591043472290039,2.8075826168060303,-8.629009246826172,-0.08930635452270508,0.21428775787353516,0.4930610656738281,-8.17911434173584,0.26692497730255127,0.1902599334716797,1.1103715896606445,-6.335533618927002,-0.1400684118270874,0.22577905654907227,1.633691668510437,-5.483397483825684,-0.05323207378387451,0.17820310592651367,2.225658416748047,-4.517792224884033,-0.14449453353881836,0.25454187393188477,3.425595760345459,-2.654717206954956,-0.049698829650878906,0.09524703025817871,4.447537899017334,-2.9654126167297363,0.07353639602661133,0.2326645851135254,5.512838840484619,-2.1863210201263428,-0.025542259216308594,0.07985877990722656,-0.2303592562675476,-0.17557892203330994,-0.0030723661184310913,-0.0015574097633361816,0.2303592562675476,0.17558082938194275,0.0030723661184310913,0.001557379961013794,0.14141634106636047,1.8834458589553833,0.17960789799690247,0.010296463966369629,2.015256881713867,2.4217019081115723,-0.1564798355102539,0.006455659866333008,-3.9630517959594727,2.8502891063690186,0.14789199829101562,-0.052111148834228516,-2.1433186531066895,3.4226622581481934,-0.3374471664428711,-0.08266544342041016
232,2.5735666751861572,-5.383650779724121,-0.30400514602661133,2.2937331199645996,2.5476279258728027,-5.8717451095581055,-0.6084945201873779,2.5322084426879883,2.030329465866089,-5.696976661682129,0.0055005550384521484,2.5781965255737305,1.9356189966201782,-6.070297718048096,-0.871963620185852,2.558711528778076,0.7848072052001953,-5.538844108581543,0.2917461395263672,2.640270233154297,0.7638497948646545,-4.344955921173096,-0.34652179479599,1.9905776977539062,1.3076916933059692,-3.505768299102783,-0.3259999752044678,1.9776291847229004,1.5605313777923584,-3.0624430179595947,-0.6651270389556885,1.4553492069244385,2.322763442993164,-1.4930049180984497,-1.102832317352295,1.1617122888565063,3.1122701168060303,-1.8265281915664673,-1.3352677822113037,1.138884425163269,4.002602577209473,-1.0178031921386719,-1.5102362632751465,1.168517827987671,-0.2460840791463852,-0.18219415843486786,-0.015724822878837585,-0.006615236401557922,0.24608337879180908,0.18219415843486786,0.015724122524261475,0.00661332905292511,0.2724224627017975,1.7938543558120728,0.131006121635437,-0.08959150314331055,2.028073310852051,2.3624367713928223,0.012816429138183594,-0.05926513671875,-3.126134157180786,2.1577394008636475,0.8369176387786865,-0.6925497055053711,-1.379166841506958,2.8341028690338135,0.7641518115997314,-0.5885593891143799
233,3.814497947692871,-6.9749932289123535,1.2409312725067139,-1.5913424491882324,3.7948594093322754,-7.4008612632751465,1.2472314834594727,-1.529116153717041,3.3260364532470703,-7.357357978820801,1.2957069873809814,-1.6603813171386719,2.9044036865234375,-7.426660060882568,0.9687846899032593,-1.3563623428344727,1.9373761415481567,-7.173409461975098,1.1525689363479614,-1.6345653533935547,1.4027738571166992,-5.462209701538086,0.6389240622520447,-1.1172537803649902,2.207348108291626,-4.8683576583862305,0.8996564149856567,-1.3625893592834473,2.329387664794922,-3.6821446418762207,0.7688562870025635,-0.619701623916626,3.3405067920684814,-2.3045854568481445,1.0177433490753174,-0.8115805387496948,4.5388689041137695,-2.339158058166504,1.4265987873077393,-0.5126298666000366,5.173618316650391,-2.1874656677246094,1.171015739440918,-1.1696624755859375,-0.26642751693725586,-0.13800348341464996,-0.020343437790870667,0.044190675020217896,0.266426682472229,0.13800348341464996,0.020343303680419922,-0.044190675020217896,1.2066805362701416,1.1282262802124023,0.9342581033706665,-0.6656280755996704,2.490318536758423,1.5854811668395996,0.46224522590637207,-0.7769556045532227,-2.8921990394592285,2.2730062007904053,0.23393511772155762,0.11526679992675781,-2.2693307399749756,2.644460916519165,-0.8901638984680176,-0.18964195251464844
234,3.775740385055542,-5.35723352432251,-0.0387575626373291,1.6177597045898438,3.5832245349884033,-5.6147990226745605,-0.21163487434387207,1.786062240600586,3.612139940261841,-5.605668544769287,0.2861034870147705,1.7516894340515137,2.4300436973571777,-5.598208904266357,-0.47435998916625977,1.828451156616211,2.736717700958252,-5.446846008300781,0.7993415594100952,1.7265634536743164,1.3481550216674805,-4.153925895690918,-0.05461883544921875,1.308283805847168,2.275804042816162,-3.780472755432129,0.06845593452453613,1.0878849029541016,1.9610068798065186,-2.4504141807556152,-0.3683807849884033,1.2317304611206055,2.515744686126709,-1.6524549722671509,-0.8247621059417725,0.6521304845809937,3.6417839527130127,-1.4653269052505493,-0.8970849514007568,0.8738311529159546,4.143898010253906,-1.4789842367172241,-1.0297203063964844,0.7084814310073853,-0.34777042269706726,-0.10753098875284195,-0.0813429057598114,0.030472494661808014,0.34777042269706726,0.10752975195646286,0.08134374022483826,-0.030473731458187103,1.3185923099517822,0.1858464926481247,0.11191177368164062,-0.9423797726631165,2.838522434234619,0.5732154846191406,0.3482038974761963,-1.012265682220459,-1.8872768878936768,1.2220085859298706,1.0049221515655518,-1.0509976148605347,-0.5660173296928406,1.6124180555343628,1.7033133506774902,-1.0320428609848022
235,3.1311802864074707,-3.3263378143310547,-0.6445600986480713,2.030895709991455,2.997654438018799,-3.5961437225341797,-0.5855700969696045,2.018655300140381,3.05220103263855,-3.5234203338623047,-0.559938907623291,2.0822482109069824,2.0988717079162598,-3.8310956954956055,-0.33117198944091797,1.767113208770752,2.5330920219421387,-3.540497064590454,-0.20362567901611328,1.9063489437103271,1.205156922340393,-2.910677909851074,-0.1429980993270874,1.2432479858398438,2.0950167179107666,-2.454444169998169,-0.1807873249053955,1.32602858543396,1.2169028520584106,-1.657584547996521,-0.7441040277481079,0.7928296327590942,1.8452255725860596,-0.9664415121078491,-0.6705191135406494,0.6860134601593018,2.6052353382110596,-0.8899509310722351,-1.0365486145019531,0.5753759741783142,3.0715548992156982,-0.8369407057762146,-1.072343111038208,0.6420435309410095,-0.3290106952190399,-0.11589113622903824,0.018759727478027344,-0.008360147476196289,0.3290106952190399,0.11589207500219345,-0.018759727478027344,0.00836232304573059,0.9426600933074951,0.3601195812225342,-0.3759322166442871,0.17427308857440948,2.067959785461426,0.7971354126930237,-0.7705626487731934,0.22391992807388306,-1.348899006843567,0.9907734394073486,0.5383778810501099,-0.23123514652252197,-0.31828466057777405,1.5939613580703735,0.24773266911506653,-0.018456697463989258
236,2.3672869205474854,-2.745867967605591,-0.7638933658599854,0.5804698467254639,2.397822141647339,-3.0082509517669678,-0.59983229637146,0.5878927707672119,2.1894750595092773,-2.945770740509033,-0.8627259731292725,0.5776495933532715,2.4770352840423584,-3.299687147140503,0.37816357612609863,0.5314085483551025,2.0670230388641357,-3.092075824737549,-0.46606898307800293,0.4484212398529053,2.630152463912964,-2.610464334487915,1.4249955415725708,0.3002135753631592,1.6484196186065674,-2.4202003479003906,-0.4465970993041992,0.03424382209777832,3.197726011276245,-1.2510614395141602,1.9808231592178345,0.40652310848236084,1.5689141750335693,-0.8887304663658142,-0.27631139755249023,0.07771104574203491,2.603886365890503,-0.7484933733940125,-0.0013489723205566406,0.14145755767822266,2.629242420196533,-0.8694531917572021,-0.44231247901916504,-0.03251248598098755,0.28057941794395447,0.0016578315990045667,0.6095901131629944,0.11754896491765976,-0.28057897090911865,-0.0016578315990045667,-0.609589695930481,-0.11754990369081497,1.0011705160140991,-0.14785221219062805,0.058510422706604004,-0.5079717636108398,1.1975092887878418,0.0062186745926737785,-0.870450496673584,-0.7909167408943176,-1.2644596099853516,0.9305076599121094,0.08443939685821533,-0.06026577949523926,-0.5047573447227478,1.2408056259155273,-0.18647268414497375,-0.3531557321548462
237,2.059450387954712,-1.7583328485488892,-0.30783653259277344,0.9875351190567017,2.186824083328247,-2.0085227489471436,-0.2109980583190918,0.9997282028198242,1.8185077905654907,-1.9551026821136475,-0.3709672689437866,0.9906680583953857,2.43550705909729,-2.3687496185302734,-0.04152822494506836,0.9309375286102295,1.551254153251648,-2.1644229888916016,-0.5157688856124878,0.9276528358459473,2.2734813690185547,-1.9545053243637085,-0.3566710948944092,0.6559590101242065,1.3119165897369385,-1.6799272298812866,-0.3365030288696289,0.740273118019104,2.480029582977295,-0.9741061925888062,-0.7176964282989502,0.276955246925354,1.2922942638397217,-0.42101606726646423,-0.27661991119384766,0.46771439909935,2.0559136867523193,-0.6555872559547424,-0.5479726791381836,0.09290611743927002,2.1865086555480957,-0.4455508887767792,-0.4427337646484375,0.423902302980423,0.29253682494163513,-0.014988777227699757,0.011957406997680664,-0.016646608710289,-0.2925364673137665,0.014989479444921017,-0.011957496404647827,0.01664731092751026,0.5600548982620239,0.3647617995738983,-0.4411156177520752,0.5126140117645264,0.6048926711082458,0.5197340846061707,-0.592616617679596,0.5135154128074646,-1.1150473356246948,0.7772488594055176,0.14941227436065674,-0.1532588005065918,-0.6141721606254578,1.0412529706954956,-0.10941481590270996,-0.19955265522003174
238,1.8335306644439697,-1.7824124097824097,-0.2259197235107422,-0.024079561233520508,1.9917783737182617,-1.9998506307601929,-0.19504570960998535,0.008672118186950684,1.66928231716156,-1.958904504776001,-0.14922547340393066,-0.0038018226623535156,2.2570221424102783,-2.2351467609405518,-0.17848491668701172,0.13360285758972168,1.504164457321167,-2.103553533554077,-0.04708969593048096,0.060869455337524414,2.170621633529663,-1.7839534282684326,-0.1028597354888916,0.17055189609527588,1.1938010454177856,-1.569893717765808,-0.11811554431915283,0.11003351211547852,2.234999656677246,-0.9944841861724854,-0.24502992630004883,-0.0203779935836792,1.0949618816375732,-0.5142778754234314,-0.19733238220214844,-0.09326180815696716,1.7459341287612915,-0.9324536323547363,-0.30997955799102783,-0.2768663763999939,1.5679845809936523,-0.6261619925498962,-0.6185240745544434,-0.18061110377311707,0.3138064742088318,-0.008105861954391003,0.021269649267196655,0.006882915273308754,-0.3138061761856079,0.008105861954391003,-0.02126970887184143,-0.006883617490530014,0.7333964705467224,0.011233330704271793,0.1733415722846985,-0.3535284698009491,0.5423678755760193,0.14114627242088318,-0.06252479553222656,-0.3785878121852875,-0.752789318561554,0.5216923952102661,0.36225801706314087,-0.25555646419525146,-0.5313205122947693,0.7414969205856323,0.08285164833068848,-0.2997560501098633
239,5.751399517059326,-6.491551399230957,3.9178688526153564,-4.709138870239258,5.812825679779053,-7.04435396194458,3.821047306060791,-5.044503211975098,5.428335666656494,-6.957348823547363,3.7590532302856445,-4.998444557189941,5.745673179626465,-7.632108211517334,3.4886510372161865,-5.396961212158203,5.083798885345459,-7.265268325805664,3.579634428024292,-5.161714553833008,5.026033401489258,-6.1271820068359375,2.8554117679595947,-4.343228340148926,4.277877330780029,-5.463659286499023,3.084076404571533,-3.893765449523926,5.81351900100708,-3.5290398597717285,3.578519344329834,-2.534555673599243,4.028804302215576,-1.8511515855789185,2.933842420578003,-1.3368737697601318,6.067635536193848,-2.9302217960357666,4.321701526641846,-1.9977681636810303,6.489771842956543,-2.2585511207580566,4.921787261962891,-1.6323890686035156,0.157210111618042,-0.10068764537572861,-0.1565963625907898,-0.09258178621530533,-0.1572091281414032,0.10068568587303162,0.1565970480442047,0.09257982671260834,2.544424533843994,-0.6843963265419006,1.811028003692627,-0.6956296563148499,3.9665980339050293,-0.12041933834552765,3.4242300987243652,-0.261565625667572,-2.1290788650512695,1.5815105438232422,-1.3762896060943604,1.059818148612976,-0.08789847791194916,2.344332218170166,0.44342201948165894,1.6028352975845337
240,2.1796391010284424,-2.740323781967163,-3.571760416030884,3.751227617263794,2.0411431789398193,-2.9470205307006836,-3.7716825008392334,4.0973334312438965,2.1529135704040527,-2.8998358249664307,-3.2754220962524414,4.057513236999512,1.2520334720611572,-3.1253902912139893,-4.493639945983887,4.506717681884766,1.8461610078811646,-2.9156875610351562,-3.237637996673584,4.349580764770508,0.6105337142944336,-2.473390579223633,-4.415499687194824,3.6537914276123047,1.49346923828125,-2.003896474838257,-2.7844080924987793,3.4597628116607666,0.8128020763397217,-1.47038996219635,-5.0007171630859375,2.058650016784668,1.4733010530471802,-0.6876240968704224,-2.5555033683776855,1.163527488708496,2.0659987926483154,-1.2289609909057617,-4.001636505126953,1.7012608051300049,2.4501335620880127,-1.0991219282150269,-4.039638519287109,1.1594291925430298,-0.3452390432357788,-0.12310804426670074,-0.5024491548538208,-0.022420398890972137,0.3452390432357788,0.12310879677534103,0.5024482011795044,0.022423110902309418,0.5644044280052185,0.03604251518845558,-1.9800200462341309,0.7204388380050659,1.7975198030471802,0.45258063077926636,-2.1690783500671387,0.5729999542236328,-1.0852090120315552,0.7650701403617859,1.0438698530197144,-0.8164404034614563,0.3214249312877655,1.2175484895706177,0.40932339429855347,-1.1267837285995483
241,1.791916012763977,-3.300344467163086,-0.38772308826446533,-0.5600206851959229,1.642193078994751,-3.4483864307403564,-0.39895009994506836,-0.5013659000396729,1.7317496538162231,-3.4268085956573486,-0.4211639165878296,-0.526972770690918,0.8299172520637512,-3.435046672821045,-0.422116219997406,-0.30965638160705566,1.36940336227417,-3.2526936531066895,-0.47675764560699463,-0.3370060920715332,0.27776020765304565,-2.6360137462615967,-0.33277350664138794,-0.16262316703796387,1.198121428489685,-2.2449445724487305,-0.29534780979156494,-0.24104809761047363,0.7787535190582275,-1.7277600765228271,-0.03404855728149414,-0.25737011432647705,1.5765022039413452,-0.9784128069877625,0.10320115089416504,-0.2907887101173401,1.9923427104949951,-1.620257019996643,-0.07365608215332031,-0.39129602909088135,2.3093245029449463,-1.3311450481414795,-0.1408090591430664,-0.23202311992645264,-0.3388296961784363,-0.0951220765709877,0.006409347057342529,0.027985967695713043,0.33882930874824524,0.09512282907962799,-0.006409734487533569,-0.027985967695713043,0.027032814919948578,-0.36549562215805054,-0.5373716354370117,-0.4015381336212158,1.0417717695236206,-0.08909519761800766,-0.7557480335235596,-0.5416758060455322,-0.9275922775268555,0.7100231051445007,0.1576167345046997,-0.055047035217285156,0.13767673075199127,0.9537398219108582,-0.18374820053577423,-0.2638086676597595
242,1.336836814880371,-3.34891414642334,-0.45507919788360596,-0.048569679260253906,1.1619219779968262,-3.476407527923584,-0.4802711009979248,-0.02802109718322754,1.2150408029556274,-3.4628987312316895,-0.5167088508605957,-0.03609013557434082,0.43203771114349365,-3.3863139152526855,-0.39787954092025757,0.048732757568359375,0.7756849527359009,-3.2386345863342285,-0.593718409538269,0.014059066772460938,-0.036652855575084686,-2.4857003688812256,-0.31441307067871094,0.1503133773803711,0.9097490906715393,-2.1627092361450195,-0.28837233781814575,0.08223533630371094,0.47958117723464966,-1.6486563682556152,-0.2991723418235779,0.07910370826721191,1.3753952980041504,-1.0523940324783325,-0.20110690593719482,-0.07398122549057007,1.6178114414215088,-1.3350697755813599,-0.37453126907348633,0.2851872444152832,2.305205821990967,-1.1787564754486084,-0.004118680953979492,0.1523885726928711,-0.32359009981155396,-0.081525057554245,0.015239596366882324,0.013597019016742706,0.3235904574394226,0.08152580261230469,-0.015238851308822632,-0.013597026467323303,0.17483000457286835,0.2932475209236145,0.14779719710350037,0.658743143081665,1.0128093957901,0.5375699996948242,-0.028962373733520508,0.6266651749610901,-0.9390192031860352,0.9689486622810364,-0.011426925659179688,0.25892555713653564,-0.5499629378318787,1.2152702808380127,-0.6876396536827087,0.26153045892715454
243,1.1034117937088013,-3.551893472671509,-0.23342502117156982,-0.20297932624816895,0.9471021294593811,-3.6591153144836426,-0.21481984853744507,-0.1827077865600586,0.9662699699401855,-3.6628165245056152,-0.2487708330154419,-0.19991779327392578,0.23537345230579376,-3.529693126678467,-0.1966642588376999,-0.14337921142578125,0.5468340516090393,-3.394641399383545,-0.22885090112686157,-0.1560068130493164,-0.18001458048820496,-2.607490062713623,-0.14336171746253967,-0.12178969383239746,0.8011362552642822,-2.4142465591430664,-0.10861283540725708,-0.2515373229980469,0.21669897437095642,-1.7810335159301758,-0.26288220286369324,-0.13237714767456055,1.642993688583374,-1.4764889478683472,0.26759839057922363,-0.42409491539001465,1.0891116857528687,-1.3485808372497559,-0.5286997556686401,-0.013511061668395996,2.281923532485962,-1.3627485036849976,-0.023282289505004883,-0.18399202823638916,-0.32075947523117065,-0.041758228093385696,0.0028306245803833008,0.0397668294608593,0.32075947523117065,0.04175896942615509,-0.002830982208251953,-0.0397668331861496,-0.2104257196187973,-0.04836396127939224,-0.38525572419166565,-0.34161147475242615,0.4999289810657501,0.06668373197317123,-0.5128804445266724,-0.4708862602710724,-0.7878814339637756,1.0229902267456055,0.15113776922225952,0.05404156446456909,-0.3150903880596161,1.1625690460205078,0.23487254977226257,-0.05270123481750488
244,0.8278313875198364,-3.306302070617676,-0.27558040618896484,0.245591402053833,0.6640358567237854,-3.3788537979125977,-0.2830662727355957,0.2802615165710449,0.6837468147277832,-3.393637180328369,-0.28252315521240234,0.2691793441772461,-0.015089216642081738,-3.2146408557891846,-0.25046268105506897,0.3150522708892822,0.2804500460624695,-3.1041958332061768,-0.2663840055465698,0.29044556617736816,-0.35813215374946594,-2.404339075088501,-0.178117573261261,0.20315098762512207,0.6228548884391785,-2.210265636444092,-0.17828136682510376,0.2039809226989746,0.011407077312469482,-1.8227787017822266,-0.20529189705848694,-0.04174518585205078,1.5897741317749023,-1.4439419507980347,-0.05321955680847168,0.0325469970703125,0.755991518497467,-1.620205283164978,-0.3331201672554016,-0.27162444591522217,2.1523118019104004,-1.371543049812317,-0.12961173057556152,-0.008794546127319336,-0.3074828088283539,-0.03984243795275688,0.013276666402816772,0.0019157901406288147,0.30748316645622253,0.03984243795275688,-0.01327630877494812,-0.0019165314733982086,-0.25895044207572937,0.18289895355701447,-0.04852472245693207,0.2312629222869873,0.36176276206970215,0.27455103397369385,-0.13816621899604797,0.20786729454994202,-0.7426652312278748,1.0608258247375488,0.04521620273590088,0.03783559799194336,-0.4246828854084015,1.164156198501587,-0.1095924973487854,0.0015871524810791016
245,0.6583546996116638,-3.3610968589782715,-0.1694766879081726,-0.0547947883605957,0.4937164783477783,-3.4073758125305176,-0.17031937837600708,-0.028522014617919922,0.4994235932826996,-3.4502005577087402,-0.18432322144508362,-0.056563377380371094,-0.12270214408636093,-3.179178237915039,-0.10761293023824692,0.03546261787414551,0.14233112335205078,-3.127218723297119,-0.1381189227104187,-0.023022890090942383,-0.4272872805595398,-2.3650734424591064,-0.06915512681007385,0.03926563262939453,0.56605064868927,-2.249835968017578,-0.05680423974990845,-0.03957033157348633,-0.03107576258480549,-1.8241066932678223,-0.04248283803462982,-0.0013279914855957031,1.4006844758987427,-1.5311723947525024,-0.18908965587615967,-0.08723044395446777,0.7426271438598633,-1.774680495262146,-0.01336437463760376,-0.15447521209716797,2.036555528640747,-1.4582617282867432,-0.11575627326965332,-0.08671867847442627,-0.3352486789226532,-0.03416441008448601,-0.027765870094299316,0.005678027868270874,0.3352486789226532,0.03416372090578079,0.027765512466430664,-0.0056787170469760895,-0.005508186761289835,-0.2205219268798828,0.25344225764274597,-0.4034208655357361,0.928389310836792,-0.16755712032318115,0.5666265487670898,-0.442108154296875,-0.745442807674408,0.7383508086204529,-0.002777576446533203,-0.32247501611709595,-0.07228170335292816,0.8068387508392334,0.3524011969566345,-0.3573174476623535
246,0.727967381477356,-3.390902519226074,0.06961268186569214,-0.029805660247802734,0.5492298603057861,-3.449746608734131,0.05551338195800781,-0.04237079620361328,0.5689377188682556,-3.4764492511749268,0.06951412558555603,-0.026248693466186523,-0.12833863496780396,-3.2421774864196777,-0.005636490881443024,-0.06299924850463867,0.19499583542346954,-3.144645929336548,0.05266471207141876,-0.01742720603942871,-0.3918990194797516,-2.4151530265808105,0.03538826107978821,-0.0500795841217041,0.5967799425125122,-2.265106678009033,0.030729293823242188,-0.015270709991455078,0.09492962807416916,-1.9484481811523438,0.1260053962469101,-0.12434148788452148,1.548769474029541,-1.5870469808578491,0.14808499813079834,-0.05587458610534668,0.8690294623374939,-1.845621943473816,0.12640231847763062,-0.07094144821166992,2.0575780868530273,-1.4179555177688599,0.021022558212280273,0.0403062105178833,-0.3255094587802887,-0.03059324622154236,0.009739220142364502,0.0035711638629436493,0.3255094587802887,0.030592551454901695,-0.009739220142364502,-0.003571169450879097,-0.3362542390823364,-0.22566740214824677,-0.330746054649353,-0.005145475268363953,0.4333985149860382,-0.16922453045845032,-0.4949907958507538,-0.001667410135269165,-0.8104273080825806,0.8200026154518127,-0.06498450040817261,0.08165180683135986,-0.2442886233329773,0.9180779457092285,-0.17200691998004913,0.11123919486999512
247,0.8781012892723083,-3.4134528636932373,0.1501339077949524,-0.022550344467163086,0.711521565914154,-3.4798829555511475,0.16229170560836792,-0.0301363468170166,0.7183439135551453,-3.4991910457611084,0.14940619468688965,-0.02274179458618164,0.03126518800854683,-3.285113573074341,0.15960381925106049,-0.042936086654663086,0.3169148564338684,-3.1710188388824463,0.12191902101039886,-0.026372909545898438,-0.3059142529964447,-2.4214344024658203,0.08598476648330688,-0.006281375885009766,0.6856045722961426,-2.291471481323242,0.08882462978363037,-0.026364803314208984,0.043438877910375595,-1.7266219854354858,-0.051490750163793564,0.2218261957168579,1.5806792974472046,-1.5519592761993408,0.031909823417663574,0.0350877046585083,0.6853042840957642,-1.3218176364898682,-0.18372517824172974,0.5238043069839478,2.059525966644287,-1.4155853986740112,0.0019478797912597656,0.002370119094848633,-0.3338649868965149,-0.026427652686834335,-0.008355528116226196,0.004165593534708023,0.3338649868965149,0.026428347453475,0.008355528116226196,-0.004164204001426697,-0.32955479621887207,-0.21810711920261383,0.0066994428634643555,0.007560282945632935,0.5693860650062561,-0.15031078457832336,0.1359875500202179,0.018913745880126953,-0.8685128688812256,0.7619587779045105,-0.05808556079864502,-0.058043837547302246,-0.07569803297519684,0.8686276078224182,0.16859059035778046,-0.0494503378868103
248,1.0535465478897095,-3.1721136569976807,0.17544525861740112,0.24133920669555664,0.8953620791435242,-3.2654449939727783,0.18384051322937012,0.21443796157836914,0.9249366521835327,-3.264073610305786,0.20659273862838745,0.23511743545532227,0.26469212770462036,-3.1135432720184326,0.23342694342136383,0.1715703010559082,0.5564747452735901,-2.998863458633423,0.23955988883972168,0.17215538024902344,-0.12269850820302963,-2.2047250270843506,0.18321573734283447,0.21670937538146973,0.8523440361022949,-1.9827070236206055,0.16673946380615234,0.3087644577026367,0.25516277551651,-1.4691680669784546,0.21172389388084412,0.25745391845703125,1.4489836692810059,-1.116886019706726,-0.13169562816619873,0.43507325649261475,1.1928309202194214,-1.0170286893844604,0.5075266361236572,0.3047889471054077,2.2178425788879395,-1.1032167673110962,0.15831661224365234,0.31236863136291504,-0.3262022137641907,-0.0616421103477478,0.007662773132324219,-0.03521445766091347,0.3262022137641907,0.0616421103477478,-0.007662773132324219,0.035213761031627655,0.3690100908279419,0.47395607829093933,0.698564887046814,0.6920632123947144,1.2026430368423462,0.6682040095329285,0.6332569718360901,0.8185148239135742,-0.8334823250770569,0.9840851426124573,0.0350305438041687,0.22212636470794678,-0.4491975009441376,1.1985918283462524,-0.37349945306777954,0.32996422052383423
249,1.1955296993255615,-2.8296926021575928,0.14198315143585205,0.3424210548400879,1.040662407875061,-2.946645498275757,0.14530032873153687,0.3187994956970215,1.0893127918243408,-2.9277524948120117,0.1643761396408081,0.3363211154937744,0.39789894223213196,-2.8683905601501465,0.1332068145275116,0.24515271186828613,0.7428202033042908,-2.729468584060669,0.18634545803070068,0.2693948745727539,-0.009655723348259926,-2.0542662143707275,0.11304278671741486,0.15045881271362305,0.9455273747444153,-1.7582505941390991,0.09318333864212036,0.22445642948150635,0.37060239911079407,-1.3927971124649048,0.11543962359428406,0.0763709545135498,1.4832862615585327,-0.8635518550872803,0.034302592277526855,0.2533341646194458,1.322524905204773,-1.0845578908920288,0.12969398498535156,-0.06752920150756836,2.1626977920532227,-0.9737643599510193,-0.0551447868347168,0.1294524073600769,-0.3203035891056061,-0.07670001685619354,0.005898624658584595,-0.01505790650844574,0.3203035891056061,0.07670001685619354,-0.005898624658584595,0.01505790650844574,0.4544160068035126,0.5305526256561279,0.08540591597557068,0.0565965473651886,1.2389538288116455,0.7797023057937622,0.036310791969299316,0.11149829626083374,-0.8261741995811462,0.9815073013305664,0.0073081254959106445,-0.002577841281890869,-0.4623821973800659,1.2477481365203857,-0.013184696435928345,0.0491563081741333
250,1.6771819591522217,-2.881464958190918,0.48165225982666016,-0.051772356033325195,1.5127168893814087,-3.040709972381592,0.47205448150634766,-0.09406447410583496,1.6019411087036133,-3.0108096599578857,0.5126283168792725,-0.08305716514587402,0.7682302594184875,-3.0567550659179688,0.3703313171863556,-0.18836450576782227,1.2208950519561768,-2.904155969619751,0.478074848651886,-0.17468738555908203,0.24451257288455963,-2.2364120483398438,0.254168301820755,-0.1821458339691162,1.18503999710083,-1.8966944217681885,0.2395126223564148,-0.13844382762908936,0.6597798466682434,-1.4415208101272583,0.28917744755744934,-0.048723697662353516,1.6054048538208008,-0.8682708144187927,0.12211859226226807,-0.004718959331512451,1.7898141145706177,-1.1539149284362793,0.4672892093658447,-0.06935703754425049,2.3463289737701416,-1.1234142780303955,0.18363118171691895,-0.14964991807937622,-0.3361940085887909,-0.09475341439247131,-0.015890419483184814,-0.01805339753627777,0.33619365096092224,0.09475341439247131,0.015890061855316162,0.01805339753627777,0.5750799775123596,0.28968340158462524,0.12066397070884705,-0.24086922407150269,1.6074172258377075,0.6132882237434387,0.368463397026062,-0.1664140820503235,-1.0106507539749146,0.8357931971549988,-0.1844765543937683,-0.14571410417556763,-0.13125695288181305,1.1713430881500244,0.33112525939941406,-0.07640504837036133
251,1.743485689163208,-2.419550657272339,0.06630373001098633,0.4619143009185791,1.6222513914108276,-2.5852692127227783,0.10953450202941895,0.4554407596588135,1.7186051607131958,-2.557921886444092,0.11666405200958252,0.45288777351379395,0.9199024438858032,-2.6613950729370117,0.15167218446731567,0.39535999298095703,1.4641042947769165,-2.5102217197418213,0.24320924282073975,0.3939342498779297,0.3728734254837036,-1.9866093397140503,0.12836085259914398,0.24980270862579346,1.3021951913833618,-1.6173385381698608,0.11715519428253174,0.27935588359832764,0.49674978852272034,-1.1339884996414185,-0.16303005814552307,0.30753231048583984,1.463860034942627,-0.5816360712051392,-0.14154481887817383,0.28663474321365356,1.3941043615341187,-0.7649419903755188,-0.395709753036499,0.3889729380607605,2.133117914199829,-0.9032260775566101,-0.2132110595703125,0.2201882004737854,-0.335785835981369,-0.09348787367343903,0.000408172607421875,0.0012655407190322876,0.3357861638069153,0.09348787367343903,-0.000407487154006958,-0.0012655407190322876,0.4367789924144745,0.36614227294921875,-0.13830098509788513,0.0764588713645935,1.427883505821228,0.6934347152709961,-0.1795337200164795,0.08014649152755737,-1.0571069717407227,0.877280592918396,-0.046456217765808105,0.04148739576339722,-0.07298518717288971,1.1831337213516235,0.05827176570892334,0.011790633201599121
252,2.6002211570739746,-2.6453449726104736,0.8567354679107666,-0.22579431533813477,2.552715539932251,-2.8956785202026367,0.9304641485214233,-0.3104093074798584,2.4851622581481934,-2.813194990158081,0.7665570974349976,-0.25527310371398926,2.0269112586975098,-3.2182888984680176,1.1070088148117065,-0.5568938255310059,2.056044578552246,-2.9199466705322266,0.5919402837753296,-0.4097249507904053,1.0767121315002441,-2.636967182159424,0.7038387060165405,-0.6503578424453735,1.8980276584625244,-2.066493034362793,0.5958324670791626,-0.44915449619293213,1.1778262853622437,-1.605852723121643,0.6810765266418457,-0.4718642234802246,1.943007469177246,-0.7018000483512878,0.47914743423461914,-0.12016397714614868,2.408088445663452,-1.2718652486801147,1.0139840841293335,-0.506923258304596,2.8251852989196777,-1.2887107133865356,0.6920673847198486,-0.38548463582992554,-0.3032408356666565,-0.12497828155755997,0.032545000314712524,-0.03149040788412094,0.3032412528991699,0.12497907876968384,-0.03254491090774536,0.03149120509624481,0.5393660068511963,0.28707361221313477,0.1025870144367218,-0.07906866073608398,1.6752536296844482,0.7180865406990051,0.24737012386322021,0.024651825428009033,-1.302130937576294,0.8862211108207703,-0.2450239658355713,0.008940517902374268,-0.3090614676475525,1.324568271636963,-0.23607628047466278,0.14143455028533936
253,5.04927396774292,-4.052849769592285,2.4490528106689453,-1.4075047969818115,5.135270595550537,-4.562376499176025,2.582555055618286,-1.6666979789733887,4.722719192504883,-4.431922912597656,2.2375569343566895,-1.6187279224395752,5.092102527618408,-5.494059085845947,3.0651912689208984,-2.2757701873779297,4.2618231773376465,-4.991188049316406,2.2057785987854004,-2.0712413787841797,3.9291329383850098,-4.747796058654785,2.8524208068847656,-2.1108288764953613,3.979287624359131,-3.7490546703338623,2.0812599658966064,-1.6825616359710693,3.960003614425659,-2.7782154083251953,2.782177448272705,-1.1723626852035522,3.93985915184021,-1.1411396265029907,1.9968516826629639,-0.4393395781517029,4.877634048461914,-0.7426765561103821,2.469545602798462,0.5291886925697327,5.417395114898682,-1.834912657737732,2.592209815979004,-0.5462019443511963,-0.055355556309223175,-0.16471445560455322,0.24788528680801392,-0.039736174046993256,0.05535474047064781,0.16471609473228455,-0.2478865087032318,0.03973701596260071,1.0818653106689453,0.7043532729148865,0.542499303817749,0.4172796607017517,2.4233882427215576,1.5603947639465332,0.7481346130371094,0.8423082232475281,-2.938800573348999,2.098792314529419,-1.636669635772705,1.212571144104004,-1.4170300960540771,2.897780179977417,-1.1079685688018799,1.573211908340454
254,2.090204954147339,-1.5659343004226685,-2.959069013595581,2.4869155883789062,2.2359864711761475,-1.731596827507019,-2.8992841243743896,2.830779552459717,1.9283332824707031,-1.7524399757385254,-2.7943859100341797,2.679482936859131,2.4257326126098633,-1.848099946975708,-2.666369915008545,3.6459591388702393,1.6506247520446777,-1.8597997426986694,-2.6111984252929688,3.1313881874084473,2.282416820526123,-1.2386404275894165,-1.6467161178588867,3.509155750274658,1.284358263015747,-1.3009251356124878,-2.694929361343384,2.448129653930664,2.467118501663208,-0.4152366816997528,-1.4928851127624512,2.36297869682312,0.7725750803947449,-0.2120290994644165,-3.1672840118408203,0.9291105270385742,2.1436166763305664,-0.5577207803726196,-2.7340173721313477,0.18495577573776245,1.2373313903808594,-0.17454449832439423,-4.180063724517822,1.6603682041168213,0.2904922664165497,0.06099693849682808,0.34584781527519226,0.225711390376091,-0.2904926538467407,-0.06099693849682808,-0.34584739804267883,-0.22571302950382233,0.32270607352256775,0.9754942059516907,-0.7591592073440552,0.2711409330368042,0.4196878969669342,0.9089749455451965,-2.0037002563476562,-0.6514198184013367,-1.4593534469604492,1.3557372093200684,1.4794471263885498,-0.7430551052093506,-1.045743465423584,1.4122947454452515,0.37128663063049316,-1.4854854345321655
255,3.029219150543213,-2.4666907787323,0.939014196395874,-0.9007564783096313,3.27238392829895,-2.7204549312591553,1.0363974571228027,-0.9888581037521362,2.8556904792785645,-2.7431726455688477,0.9273571968078613,-0.9907326698303223,3.659013509750366,-3.0127243995666504,1.233280897140503,-1.1646244525909424,2.7081716060638428,-2.9875283241271973,1.057546854019165,-1.1277285814285278,3.25451397895813,-2.3910136222839355,0.9720971584320068,-1.152373194694519,2.28877854347229,-2.1314849853515625,1.004420280456543,-0.8305598497390747,3.3386590480804443,-1.3274720907211304,0.8715405464172363,-0.9122353792190552,2.0215418338775635,-0.5288817286491394,1.2489666938781738,-0.3168526291847229,3.3055500984191895,-1.0473406314849854,1.161933422088623,-0.4896198511123657,2.874379873275757,-1.088928461074829,1.6370484828948975,-0.9143839478492737,0.2896225154399872,0.008784592151641846,-0.0008697509765625,-0.052212346345186234,-0.2896225154399872,-0.008784592151641846,0.00087013840675354,0.052212346345186234,0.6022564768791199,0.9344543218612671,0.2795504033565521,-0.041039884090423584,0.9508247375488281,1.1174544095993042,0.5311368703842163,0.20847946405410767,-1.9533023834228516,1.6347558498382568,-0.49394893646240234,0.2790186405181885,-1.1451271772384644,1.7570260763168335,-0.09938371181488037,0.34473133087158203
256,3.929206371307373,-3.2224676609039307,0.8999872207641602,-0.7557768821716309,3.839714765548706,-3.5244557857513428,0.5673308372497559,-0.8040008544921875,3.794590711593628,-3.4171392917633057,0.9389002323150635,-0.673966646194458,3.029785394668579,-3.973541736602783,-0.6292281150817871,-0.9608173370361328,3.2252731323242188,-3.5561671257019043,0.517101526260376,-0.568638801574707,1.9832384586334229,-3.332066059112549,-1.271275520324707,-0.9410524368286133,2.716092586517334,-2.6516804695129395,0.42731404304504395,-0.520195484161377,1.9834707975387573,-2.0241587162017822,-1.355188250541687,-0.6966866254806519,2.8615705966949463,-0.9757112264633179,0.8400287628173828,-0.44682949781417847,3.3263771533966064,-1.6447324752807617,0.020827054977416992,-0.5973918437957764,3.92842173576355,-1.6775784492492676,1.054041862487793,-0.5886499881744385,-0.27025720477104187,-0.14391392469406128,-0.559879720211029,-0.15269851684570312,0.27025720477104187,0.14391392469406128,0.559879720211029,0.15269851684570312,0.41836073994636536,0.20203609764575958,-0.18389573693275452,-0.7324182391166687,1.792604684829712,0.7916568517684937,0.8417799472808838,-0.32579755783081055,-1.703550934791565,1.1070177555084229,0.24975144863128662,-0.527738094329834,-0.043190743774175644,1.8357990980148315,1.1019364595413208,0.07877302169799805
257,2.9947476387023926,-3.167114019393921,-0.9344587326049805,0.055353641510009766,2.888176679611206,-3.4304721355438232,-0.9515380859375,0.09398365020751953,2.8782312870025635,-3.3235247135162354,-0.9163594245910645,0.09361457824707031,2.1103515625,-3.669142484664917,-0.9194338321685791,0.3043992519378662,2.3863680362701416,-3.2974965572357178,-0.8389050960540771,0.2586705684661865,1.3042950630187988,-2.845696210861206,-0.678943395614624,0.4863698482513428,2.084261655807495,-2.2198750972747803,-0.6318309307098389,0.4318053722381592,1.5359673500061035,-1.7082422971725464,-0.4475034475326538,0.31591641902923584,2.3016891479492188,-0.7055062651634216,-0.5598814487457275,0.27020496129989624,2.847012996673584,-1.3516738414764404,-0.47936415672302246,0.2930586338043213,3.2229909896850586,-1.256264090538025,-0.7054307460784912,0.4213143587112427,-0.276516854763031,-0.14314347505569458,-0.006259649991989136,0.0007704496383666992,0.2765164375305176,0.14314435422420502,0.006259232759475708,-0.0007695704698562622,0.8786777257919312,0.35013675689697266,0.4603169858455658,0.14810065925121307,1.8248409032821655,0.8825909495353699,0.03223621845245361,0.09093409776687622,-1.2231653928756714,0.9042037725448608,0.48038554191589355,-0.202813982963562,-0.3486568033695221,1.5319863557815552,-0.30546605587005615,-0.30381274223327637
258,2.576458692550659,-3.563019037246704,-0.4182889461517334,-0.3959050178527832,2.4382264614105225,-3.7991857528686523,-0.4499502182006836,-0.3687136173248291,2.4665656089782715,-3.7195918560028076,-0.411665678024292,-0.39606714248657227,1.6057745218276978,-3.8762903213500977,-0.5045770406723022,-0.20714783668518066,1.977422833442688,-3.588820695877075,-0.4089452028274536,-0.2913241386413574,0.9346274137496948,-2.879751205444336,-0.369667649269104,-0.03405499458312988,1.7873862981796265,-2.3574461936950684,-0.29687535762786865,-0.13757109642028809,1.4744443893432617,-1.7037909030914307,-0.0615229606628418,0.004451394081115723,2.2650206089019775,-0.8069658875465393,-0.03666853904724121,-0.10145962238311768,2.895944595336914,-1.4192217588424683,0.04893159866333008,-0.06754791736602783,3.3543713092803955,-1.369059443473816,0.13138031959533691,-0.11279535293579102,-0.29864588379859924,-0.12471942603588104,-0.022129029035568237,0.018424049019813538,0.29864633083343506,0.12471851706504822,0.02212989330291748,-0.0184258371591568,0.8604617118835449,0.5646845698356628,-0.01821601390838623,0.21454781293869019,1.8291109800338745,1.0189592838287354,0.004270076751708984,0.13636833429336548,-1.2489092350006104,1.0376781225204468,-0.025743842124938965,0.13347434997558594,-0.49143344163894653,1.539698600769043,-0.14277663826942444,0.007712244987487793
259,1.8237601518630981,-3.35601544380188,-0.752698540687561,0.20700359344482422,1.654681921005249,-3.5212206840515137,-0.7835445404052734,0.27796506881713867,1.695178747177124,-3.4910619258880615,-0.7713868618011475,0.2285299301147461,0.8867841362953186,-3.462442398071289,-0.7189903855323792,0.4138479232788086,1.2191760540008545,-3.2816038131713867,-0.7582467794418335,0.3072168827056885,0.3358394205570221,-2.418022394180298,-0.5987880229949951,0.4617288112640381,1.2786575555801392,-2.084714889526367,-0.5087287425994873,0.27273130416870117,0.7321754693984985,-1.4973286390304565,-0.7422689199447632,0.20646226406097412,1.7331244945526123,-0.9309571385383606,-0.5318961143493652,-0.12399125099182129,1.9136390686035156,-1.2266509532928467,-0.9823055267333984,0.19257080554962158,2.6118788719177246,-1.1444647312164307,-0.7424924373626709,0.22459471225738525,-0.3123319149017334,-0.08625620603561401,-0.013686031103134155,0.03846322000026703,0.3123319149017334,0.08625620603561401,0.01368558406829834,-0.038462311029434204,0.6992154121398926,0.9196589589118958,-0.16124629974365234,0.3549743890762329,1.466304063796997,1.223719835281372,-0.36280691623687744,0.20476055145263672,-0.8443844318389893,1.375903844833374,0.4045248031616211,0.33822572231292725,-0.6196199655532837,1.7511550188064575,-0.12818652391433716,0.21145641803741455
260,1.3989616632461548,-3.197627544403076,-0.42479848861694336,0.1583878993988037,1.2415252923965454,-3.3308534622192383,-0.4131566286087036,0.1903672218322754,1.2746446132659912,-3.3089888095855713,-0.4205341339111328,0.18207311630249023,0.5562652945518494,-3.2389419078826904,-0.33051884174346924,0.22350049018859863,0.853374719619751,-3.0826733112335205,-0.3658013343811035,0.1989305019378662,0.06955666840076447,-2.2906811237335205,-0.26628273725509644,0.12734127044677734,1.0286089181900024,-2.0074517726898193,-0.2500486373901367,0.07726311683654785,0.49114856123924255,-1.435773491859436,-0.24102690815925598,0.06155514717102051,1.5305140018463135,-0.9853212237358093,-0.20261049270629883,-0.05436408519744873,1.4983917474746704,-1.1939797401428223,-0.4152473211288452,0.032671213150024414,2.3746516704559326,-1.1860027313232422,-0.237227201461792,-0.04153800010681152,-0.32000523805618286,-0.0759587436914444,-0.007673323154449463,0.010297462344169617,0.32000523805618286,0.0759579986333847,0.007673323154449463,-0.010298207402229309,0.5726091861724854,0.7299119234085083,-0.12660622596740723,-0.18974703550338745,1.3754361867904663,0.9649941921234131,-0.09086787700653076,-0.258725643157959,-0.6000338196754456,1.1910523176193237,0.2443506121635437,-0.1848515272140503,-0.34396305680274963,1.4691094160079956,0.27565690875053406,-0.2820456027984619
261,1.2515449523925781,-3.328167200088501,-0.14741671085357666,-0.1305396556854248,1.1049259901046753,-3.469686985015869,-0.13659930229187012,-0.13883352279663086,1.1162091493606567,-3.439328193664551,-0.15843546390533447,-0.1303393840789795,0.45489680767059326,-3.381866693496704,-0.1013684868812561,-0.14292478561401367,0.7048839926719666,-3.2073512077331543,-0.14849072694778442,-0.12467789649963379,-0.006747553590685129,-2.4383695125579834,-0.07630421966314316,-0.1476883888244629,0.9448702931404114,-2.1310853958129883,-0.08373862504959106,-0.12363362312316895,0.41567403078079224,-1.630145788192749,-0.07547453045845032,-0.194372296333313,1.472381830215454,-1.095451831817627,-0.058132171630859375,-0.11013060808181763,1.366763710975647,-1.3565924167633057,-0.13162803649902344,-0.1626126766204834,2.4270389080047607,-1.1916966438293457,0.052387237548828125,-0.005693912506103516,-0.32093727588653564,-0.07867147028446198,-0.0009320378303527832,-0.002712726593017578,0.3209368884563446,0.07867147028446198,0.0009316504001617432,0.0027134716510772705,0.45738449692726135,0.7384112477302551,-0.115224689245224,0.008499324321746826,1.3377130031585693,0.966727077960968,-0.03772318363189697,0.0017328858375549316,-0.6433334946632385,1.2822000980377197,-0.04329967498779297,0.091147780418396,-0.257342666387558,1.566599726676941,0.08662039041519165,0.09749031066894531
262,1.1431084871292114,-3.3341293334960938,-0.1084364652633667,-0.0059621334075927734,0.9986399412155151,-3.4634382724761963,-0.10628604888916016,0.0062487125396728516,0.9947110414505005,-3.4323935508728027,-0.12149810791015625,0.006934642791748047,0.3656068742275238,-3.340996265411377,-0.08928993344306946,0.04087042808532715,0.5743754506111145,-3.157229423522949,-0.13050854206085205,0.05012178421020508,-0.09908152371644974,-2.367560625076294,-0.09233397245407104,0.07080888748168945,0.8552684187889099,-2.0688700675964355,-0.08960187435150146,0.062215328216552734,0.17105376720428467,-1.557452917098999,-0.24462026357650757,0.07269287109375,1.4593250751495361,-1.0694332122802734,-0.013056755065917969,0.026018619537353516,0.9972952604293823,-1.260674238204956,-0.36946845054626465,0.09591817855834961,2.3903331756591797,-1.1530678272247314,-0.036705732345581055,0.03862881660461426,-0.3167486786842346,-0.07851818948984146,0.004188597202301025,0.00015328079462051392,0.3167486786842346,0.07851895689964294,-0.004188209772109985,-0.00015251338481903076,0.40416818857192993,0.8221256732940674,-0.05321630835533142,0.08371442556381226,1.2742265462875366,1.0529186725616455,-0.06348645687103271,0.08619159460067749,-0.5728667974472046,1.3462704420089722,0.07046669721603394,0.06407034397125244,-0.14224375784397125,1.6495792865753174,0.11509890854358673,0.08297955989837646
263,1.2558459043502808,-3.6251537799835205,0.11273741722106934,-0.29102444648742676,1.1018954515457153,-3.726381301879883,0.1032555103302002,-0.2629430294036865,1.0867280960083008,-3.7234203815460205,0.09201705455780029,-0.2910268306732178,0.43577367067337036,-3.5552680492401123,0.07016679644584656,-0.21427178382873535,0.6289541125297546,-3.3993465900421143,0.05457866191864014,-0.24211716651916504,-0.06296483427286148,-2.5902974605560303,0.03611668944358826,-0.22273683547973633,0.9004236459732056,-2.322187900543213,0.045155227184295654,-0.25331783294677734,0.4164571166038513,-1.7090089321136475,0.24540334939956665,-0.15155601501464844,1.679314136505127,-1.2814007997512817,0.21998906135559082,-0.2119675874710083,1.349633812904358,-1.4815493822097778,0.3523385524749756,-0.22087514400482178,2.5256431102752686,-1.3634766340255737,0.13530993461608887,-0.21040880680084229,-0.32535895705223083,-0.06888988614082336,-0.008610278367996216,0.009628303349018097,0.3253585398197174,0.0688890814781189,0.008609861135482788,-0.009629875421524048,0.39053329825401306,0.4421287178993225,-0.01363489031791687,-0.3799969553947449,1.3031208515167236,0.6119061708450317,0.02889430522918701,-0.44101250171661377,-0.42361825704574585,1.2418804168701172,0.14924854040145874,-0.10439002513885498,0.04346847906708717,1.43085777759552,0.18571223318576813,-0.21872150897979736
264,1.4047685861587524,-3.6068856716156006,0.14892268180847168,0.018268108367919922,1.2276028394699097,-3.7503645420074463,0.12570738792419434,-0.023983240127563477,1.2321034669876099,-3.7059507369995117,0.14537537097930908,0.01746964454650879,0.5218343138694763,-3.614408493041992,0.08606064319610596,-0.05914044380187988,0.744271993637085,-3.385986328125,0.11531788110733032,0.013360261917114258,0.06161896511912346,-2.5912303924560547,0.12458379566669464,-0.0009329319000244141,0.9993011951446533,-2.2437362670898438,0.09887754917144775,0.07845163345336914,0.6342425346374512,-1.7072676420211792,0.21778541803359985,0.0017412900924682617,1.765905499458313,-1.1556986570358276,0.08659136295318604,0.1257021427154541,1.7255455255508423,-1.3759725093841553,0.3759117126464844,0.10557687282562256,2.849687337875366,-1.2596794366836548,0.32404422760009766,0.10379719734191895,-0.3141418397426605,-0.0953778624534607,0.011217117309570312,-0.02648797631263733,0.3141418397426605,0.09537702798843384,-0.011216700077056885,0.02648794651031494,0.7871081233024597,0.4192257225513458,0.39657482504844666,-0.022902995347976685,1.6109914779663086,0.7042108774185181,0.30787062644958496,0.09230470657348633,-0.4111252725124359,1.233068585395813,0.012492984533309937,-0.0088118314743042,-0.04875805228948593,1.6087394952774048,-0.0922265350818634,0.17788171768188477
265,1.35208261013031,-3.29431414604187,-0.05268597602844238,0.31257152557373047,1.1845335960388184,-3.4279611110687256,-0.04306924343109131,0.3224034309387207,1.2017353773117065,-3.3896188735961914,-0.03036808967590332,0.3163318634033203,0.4917747676372528,-3.316352128982544,-0.03005954623222351,0.29805636405944824,0.7449541687965393,-3.105295181274414,0.0006821751594543457,0.28069114685058594,0.024723684415221214,-2.3722128868103027,-0.036895282566547394,0.21901750564575195,0.9653502702713013,-2.0327699184417725,-0.03395092487335205,0.2109663486480713,0.3962484896183014,-1.5189781188964844,-0.23799404501914978,0.18828952312469482,1.598357081413269,-0.9814313054084778,-0.16754841804504395,0.17426735162734985,1.3755202293395996,-1.2392114400863647,-0.3500252962112427,0.13676106929779053,2.609529972076416,-1.1252089738845825,-0.2401573657989502,0.13447046279907227,-0.3118024468421936,-0.08899527788162231,0.002339392900466919,0.006382584571838379,0.3118024468421936,0.08899449557065964,-0.002339392900466919,-0.0063825324177742004,0.5678578019142151,0.6153573393821716,-0.21925032138824463,0.1961316168308258,1.358845591545105,0.8875428438186646,-0.2521458864212036,0.18333196640014648,-0.5819122195243835,1.24903404712677,-0.17078694701194763,0.01596546173095703,-0.25324568152427673,1.6016498804092407,-0.2044876217842102,-0.0070896148681640625
266,1.4422376155853271,-3.2217705249786377,0.09015500545501709,0.07254362106323242,1.2897534370422363,-3.375439167022705,0.10521984100341797,0.05252194404602051,1.318124771118164,-3.3414366245269775,0.11638939380645752,0.04818224906921387,0.5809595584869385,-3.3267416954040527,0.08918479084968567,-0.010389566421508789,0.8518462777137756,-3.139369010925293,0.10689210891723633,-0.034073829650878906,0.03906576335430145,-2.383582353591919,0.014342078939080238,-0.011369466781616211,0.9897043704986572,-2.073282241821289,0.024354100227355957,-0.0405123233795166,0.4273475110530853,-1.4525777101516724,0.031099021434783936,0.06640040874481201,1.3591121435165405,-0.9603718519210815,-0.23924493789672852,0.02105945348739624,1.5178874731063843,-1.153083086013794,0.14236724376678467,0.0861283540725708,2.413361072540283,-1.0665258169174194,-0.1961688995361328,0.058683156967163086,-0.3211982548236847,-0.08624260872602463,-0.009395807981491089,0.0027526691555976868,0.3211982548236847,0.0862433910369873,0.009395807981491089,-0.0027511045336723328,0.5680088996887207,0.6809478402137756,0.00015109777450561523,0.065590500831604,1.3997821807861328,0.9295558333396912,0.04093658924102783,0.04201298952102661,-0.5299323201179504,1.2174456119537354,0.051979899406433105,-0.03158843517303467,-0.24769806861877441,1.5340203046798706,0.005547612905502319,-0.06762957572937012
267,1.859167456626892,-3.360361099243164,0.41692984104156494,-0.13859057426452637,1.6916468143463135,-3.5379176139831543,0.40189337730407715,-0.16247844696044922,1.7475255727767944,-3.5047128200531006,0.42940080165863037,-0.16327619552612305,0.8922984600067139,-3.5083279609680176,0.3113389015197754,-0.18158626556396484,1.2731326818466187,-3.3235599994659424,0.421286404132843,-0.18419098854064941,0.3079454004764557,-2.5069704055786133,0.26887965202331543,-0.12338805198669434,1.2591183185577393,-2.1983118057250977,0.26941394805908203,-0.1250295639038086,0.7894989252090454,-1.429195523262024,0.3621514141559601,0.023382186889648438,1.3099194765090942,-0.901168942451477,-0.04919266700744629,0.05920290946960449,2.0003128051757812,-1.0805370807647705,0.482425332069397,0.07254600524902344,2.4732491970062256,-1.0602867603302002,0.05988812446594238,0.006239056587219238,-0.3298857510089874,-0.08820094913244247,-0.008687496185302734,-0.0019583404064178467,0.3298857510089874,0.08820094913244247,0.008687496185302734,0.0019575580954551697,0.691914975643158,0.7101941704750061,0.12390607595443726,0.02924633026123047,1.5692678689956665,0.9909591674804688,0.1694856882095337,0.06140333414077759,-0.6314657926559448,1.2441813945770264,-0.10153347253799438,0.026735782623291016,-0.42374634742736816,1.6091917753219604,-0.17604827880859375,0.07517147064208984
268,2.510075330734253,-3.4072976112365723,0.6509078741073608,-0.0469365119934082,2.3617563247680664,-3.6167685985565186,0.6701095104217529,-0.07885098457336426,2.4162979125976562,-3.5747363567352295,0.6687723398208618,-0.0700235366821289,1.513016700744629,-3.6747798919677734,0.620718240737915,-0.16645193099975586,1.8978561162948608,-3.478372812271118,0.6247234344482422,-0.15481281280517578,0.7132104635238647,-2.7144343852996826,0.40526506304740906,-0.20746397972106934,1.6587268114089966,-2.388859748840332,0.3996084928512573,-0.19054794311523438,1.105008840560913,-1.476163387298584,0.3155099153518677,-0.04696786403656006,1.5110670328140259,-0.908851683139801,0.20114755630493164,-0.007682740688323975,2.4760189056396484,-1.0901663303375244,0.4757061004638672,-0.009629249572753906,2.6249377727508545,-1.0443227291107178,0.1516885757446289,0.015964031219482422,-0.33393311500549316,-0.0888962596654892,-0.004047363996505737,-0.0006953105330467224,0.33393266797065735,0.08889715373516083,0.004046916961669922,0.0006962046027183533,0.7210979461669922,0.7609348297119141,0.02918297052383423,0.05074065923690796,1.6864972114562988,1.0676019191741943,0.11722934246063232,0.07664275169372559,-0.808924674987793,1.3412994146347046,-0.17745888233184814,0.09711802005767822,-0.4607984125614166,1.7541204690933228,-0.03705206513404846,0.1449286937713623
269,8.542513847351074,-11.987992286682129,6.032438278198242,-8.580694198608398,8.834951400756836,-12.834230422973633,6.4731950759887695,-9.217461585998535,7.979210376739502,-12.646753311157227,5.562912464141846,-9.072016716003418,8.507291793823242,-13.343812942504883,6.994275093078613,-9.66903305053711,7.123594284057617,-12.637313842773438,5.225738048553467,-9.158941268920898,6.196257591247559,-10.516504287719727,5.483047008514404,-7.802069664001465,6.393464088439941,-9.536142349243164,4.734737396240234,-7.147282600402832,6.275294303894043,-5.744921684265137,5.170285224914551,-4.268758296966553,5.707207679748535,-3.799988269805908,4.196140766143799,-2.891136646270752,8.416999816894531,-4.256092548370361,5.940980911254883,-3.165926218032837,9.23602294921875,-4.316917896270752,6.611084938049316,-3.272595167160034,-0.14039428532123566,-0.15575753152370453,0.1935388296842575,-0.06686127185821533,0.1403927505016327,0.15575753152370453,-0.19353991746902466,0.0668603777885437,1.608243703842163,-0.2985483705997467,0.8871457576751709,-1.0594831705093384,3.7436015605926514,0.5397058725357056,2.0571043491363525,-0.5278960466384888,-3.0575144290924072,3.604279041290283,-2.2485897541046143,2.262979507446289,-1.4301013946533203,4.866988658905029,-0.9693030118942261,3.112868309020996
270,2.9224326610565186,-2.9156782627105713,-5.620080947875977,9.072314262390137,3.1795191764831543,-3.223052501678467,-5.655432224273682,9.611177444458008,2.6215591430664062,-3.2001547813415527,-5.357651233673096,9.446598052978516,3.6598377227783203,-3.473884105682373,-4.847454071044922,9.869928359985352,2.4112708568573,-3.3429625034332275,-4.712323188781738,9.294351577758789,3.241241455078125,-2.5745649337768555,-2.9550161361694336,7.941939353942871,2.242340564727783,-2.5276925563812256,-4.151123523712158,7.008449554443359,3.4138941764831543,-1.0841844081878662,-2.8614001274108887,4.660737037658691,1.735285758972168,-0.7996644973754883,-3.971921920776367,3.00032377243042,3.7233057022094727,-0.7484190464019775,-4.693694114685059,3.507673501968384,3.040285348892212,-0.8296207785606384,-6.195737838745117,3.4872970581054688,0.2929726839065552,0.04017220064997673,0.43336695432662964,0.19592973589897156,-0.29297319054603577,-0.04017119109630585,-0.43336594104766846,-0.19592872262001038,0.8115808963775635,0.6495459675788879,-0.7966628074645996,0.948094367980957,1.0778692960739136,0.7498339414596558,-2.6657323837280273,0.2101280689239502,-1.4911812543869019,1.5209176540374756,1.5663331747055054,-2.0833613872528076,-1.1865787506103516,1.8941947221755981,0.24352264404296875,-2.9727940559387207
271,5.345911502838135,-2.8097283840179443,2.423478841781616,0.10594987869262695,5.372751712799072,-3.125901699066162,2.193232536315918,0.09715080261230469,5.222637176513672,-3.1897573471069336,2.6010780334472656,0.01039743423461914,5.215790748596191,-3.8206582069396973,1.555953025817871,-0.3467741012573242,4.899825572967529,-3.80478572845459,2.4885547161102295,-0.4618232250213623,4.6451263427734375,-3.121279239654541,1.4038848876953125,-0.5467143058776855,3.646634340286255,-3.066380739212036,1.4042937755584717,-0.5386881828308105,4.849699974060059,-1.3962876796722412,1.4358057975769043,-0.312103271484375,2.768561601638794,-0.973501980304718,1.033275842666626,-0.17383748292922974,5.486752033233643,-0.4318694472312927,1.76344633102417,0.3165495991706848,4.540066719055176,-0.8368682265281677,1.4997813701629639,-0.007247447967529297,0.2890087068080902,0.03772081062197685,-0.003963977098464966,-0.002451390027999878,-0.2890087068080902,-0.03772081062197685,0.003964483737945557,0.0024503804743289948,1.0110071897506714,1.7175300121307373,0.1994262933731079,1.0679841041564941,1.687152624130249,1.9545223712921143,0.6092833280563354,1.2046884298324585,-2.665135145187378,2.93266224861145,-1.173953890800476,1.4117445945739746,-1.3260624408721924,3.3195955753326416,-0.13948369026184082,1.4254008531570435
272,25.304574966430664,-7.81207275390625,19.958663940429688,-5.002344131469727,25.081098556518555,-8.803544044494629,19.70834732055664,-5.677642345428467,25.425893783569336,-9.411906242370605,20.203256607055664,-6.222148895263672,22.812978744506836,-12.92762565612793,17.597187042236328,-9.10696792602539,23.596954345703125,-13.170117378234863,18.697128295898438,-9.365331649780273,17.503149032592773,-12.81950569152832,12.858022689819336,-9.698226928710938,17.555130004882812,-11.820858001708984,13.908495903015137,-8.754477500915527,14.08103084564209,-6.975007057189941,9.231330871582031,-5.578719139099121,12.046480178833008,-3.4389383792877197,9.277918815612793,-2.4654364585876465,20.850540161132812,-2.1628451347351074,15.363788604736328,-1.73097562789917,19.597108840942383,-1.6146153211593628,15.057042121887207,-0.7777470946311951,-0.06197270005941391,0.011002589948475361,-0.3509814143180847,-0.026718221604824066,0.06196940690279007,-0.011002589948475361,0.3509781062602997,0.026718221604824066,2.9013686180114746,9.757535934448242,1.8903614282608032,8.040005683898926,5.5321269035339355,10.943655967712402,3.8449742794036865,8.989133834838867,-12.462613105773926,15.635421752929688,-9.797477722167969,12.702759742736816,-8.50887680053711,16.90921974182129,-7.182814598083496,13.589624404907227
273,37.25902557373047,-12.96072006225586,11.954450607299805,-5.148647308349609,36.87519454956055,-14.525663375854492,11.794095993041992,-5.722119331359863,37.26251220703125,-15.271100997924805,11.836618423461914,-5.859194755554199,33.15180206298828,-20.346385955810547,10.338823318481445,-7.418760299682617,33.984962463378906,-20.534982681274414,10.388008117675781,-7.364865303039551,25.069618225097656,-19.38340187072754,7.566469192504883,-6.563896179199219,25.377147674560547,-18.431861877441406,7.822017669677734,-6.611003875732422,21.080602645874023,-9.204207420349121,6.999571800231934,-2.2292003631591797,17.55372428894043,-5.229142189025879,5.507244110107422,-1.7902038097381592,31.947856903076172,-2.092589855194092,11.09731674194336,0.07025527954101562,29.453523635864258,-1.9318073987960815,9.856414794921875,-0.31719207763671875,-0.19947785139083862,0.07632770389318466,-0.13750514388084412,0.06532511115074158,0.19947785139083862,-0.07632291316986084,0.13750845193862915,-0.06532032042741776,4.270410060882568,14.96975040435791,1.3690414428710938,5.212214469909668,8.926539421081543,16.51609230041504,3.3944125175476074,5.572436332702637,-17.366518020629883,22.824214935302734,-4.903904914855957,7.188793182373047,-11.6851167678833,25.08139419555664,-3.1762399673461914,8.172174453735352
274,3.8557398319244385,-2.912747383117676,-33.40328598022461,10.047972679138184,4.082959175109863,-3.283290386199951,-32.792236328125,11.242372512817383,3.518360137939453,-3.2396202087402344,-33.7441520690918,12.03148078918457,4.4194135665893555,-3.8022804260253906,-28.73238754272461,16.544105529785156,3.116025924682617,-3.5880672931671143,-30.86893653869629,16.946914672851562,3.7284226417541504,-2.9724066257476807,-21.341196060180664,16.410995483398438,2.7433300018310547,-2.800382137298584,-22.633817672729492,15.631479263305664,3.8505120277404785,-1.6176979541778564,-17.230091094970703,7.586509704589844,2.1003925800323486,-1.1590354442596436,-15.45333194732666,4.070106506347656,4.510062217712402,-0.6204922199249268,-27.437793731689453,1.472097635269165,3.5839266777038574,-0.7044167518615723,-25.869596481323242,1.2273906469345093,0.26569944620132446,0.01216308306902647,0.4651772975921631,-0.06416462361812592,-0.2657000720500946,-0.012161863036453724,-0.4651779234409332,0.06416104733943939,0.6148204207420349,1.2392308712005615,-3.6555895805358887,-13.73051929473877,1.4241453409194946,1.4693866968154907,-7.502394199371338,-15.04670524597168,-2.2230727672576904,1.942049503326416,15.143445014953613,-20.882165908813477,-1.0268378257751465,2.4926600456237793,10.658279418945312,-22.588733673095703
275,10.134415626525879,-10.132978439331055,6.2786760330200195,-7.220231056213379,10.479705810546875,-11.023959159851074,6.396746635437012,-7.740668773651123,9.439878463745117,-10.860393524169922,5.921518325805664,-7.6207733154296875,9.806231498718262,-11.678775787353516,5.386817932128906,-7.876495361328125,7.870500087738037,-11.012309074401855,4.75447416305542,-7.42424201965332,6.734370708465576,-9.007719039916992,3.005948066711426,-6.035312652587891,6.941134452819824,-8.029328346252441,4.1978044509887695,-5.228946208953857,6.6924519538879395,-4.909996509552002,2.841939926147461,-3.2922985553741455,6.734749794006348,-2.7401061058044434,4.634357452392578,-1.5810706615447998,10.048310279846191,-3.7340309619903564,5.538248062133789,-3.1135387420654297,10.111042976379395,-3.1771905422210693,6.527116298675537,-2.472773790359497,-0.13377238810062408,-0.1838885247707367,-0.39947181940078735,-0.19605161249637604,0.13377238810062408,0.18389150500297546,0.3994724750518799,0.1960533708333969,1.8384214639663696,-0.09391406178474426,1.2236011028289795,-1.3331449031829834,4.417628765106201,0.8788930177688599,2.993483543395996,-0.5904936790466309,-4.422365188598633,2.815037488937378,-2.1992924213409424,0.8729879856109619,-1.808684229850769,4.296451091766357,-0.7818464040756226,1.8037910461425781
276,4.6053009033203125,-4.1501288414001465,-5.529114723205566,5.982849597930908,4.487336158752441,-4.536549091339111,-5.992369651794434,6.487410068511963,4.43071174621582,-4.426403999328613,-5.009166717529297,6.433989524841309,3.4577693939208984,-4.947297096252441,-6.348462104797363,6.731478691101074,3.584820032119751,-4.53826904296875,-4.285679817199707,6.4740400314331055,2.177408456802368,-3.734644651412964,-4.556962013244629,5.273074150085449,2.9131085872650146,-3.0573370456695557,-4.0280256271362305,4.971991539001465,2.378805160522461,-1.959307074546814,-4.3136467933654785,2.9506893157958984,2.8422646522521973,-0.7894973158836365,-3.8924851417541504,1.950608730316162,4.069504737854004,-1.1829220056533813,-5.9788055419921875,2.5511088371276855,4.450973033905029,-1.0027216672897339,-5.660069942474365,2.174468994140625,-0.2558269202709198,-0.1629236489534378,-0.12205453217029572,0.02096487581729889,0.2558269202709198,0.1629236489534378,0.12205453217029572,-0.02096785604953766,1.3056273460388184,0.7940980195999146,-0.5327941179275513,0.8880120515823364,2.4815917015075684,1.4254772663116455,-1.9360370635986328,0.5465842485427856,-1.5854750871658325,1.3663917779922485,2.83689022064209,-1.4486457109451294,-0.5990096926689148,2.1617913246154785,1.209674596786499,-2.134659767150879
277,3.1412975788116455,-3.559993267059326,-1.464003324508667,0.5901355743408203,3.0539350509643555,-3.830306053161621,-1.433401107788086,0.7062430381774902,3.0120489597320557,-3.7585837841033936,-1.4186627864837646,0.6678202152252197,2.200788974761963,-4.0140862464904785,-1.2569804191589355,0.9332108497619629,2.3325202465057373,-3.745685338973999,-1.2522997856140137,0.792583703994751,1.1080429553985596,-3.0356955528259277,-1.0693655014038086,0.6989490985870361,2.0021936893463135,-2.5879294872283936,-0.9109148979187012,0.4694075584411621,1.6287713050842285,-1.6231480836868286,-0.7500338554382324,0.33615899085998535,2.243715524673462,-0.8952301144599915,-0.5985491275787354,-0.10573279857635498,3.1938633918762207,-1.5285332202911377,-0.8756413459777832,-0.34561121463775635,3.5595297813415527,-1.4749468564987183,-0.8914432525634766,-0.4722251892089844,-0.3356885313987732,-0.1139284074306488,-0.0798616111278534,0.048995241522789,0.3356885313987732,0.1139284074306488,0.0798616111278534,-0.048995241522789,0.8429093956947327,0.4184115529060364,-0.4627179503440857,-0.3756864666938782,2.210711717605591,0.7725911736488342,-0.27087998390197754,-0.6528860926628113,-0.9673974514007568,1.0520834922790527,0.6180776357650757,-0.3143082857131958,0.20427216589450836,1.4640522003173828,0.803281843662262,-0.6977391242980957
278,2.7053263187408447,-3.20987868309021,-0.4359712600708008,0.3501145839691162,2.610421895980835,-3.4391729831695557,-0.4435131549835205,0.39113306999206543,2.5866539478302,-3.3831825256347656,-0.42539501190185547,0.37540125846862793,1.830573320388794,-3.5674169063568115,-0.37021565437316895,0.446669340133667,1.9733519554138184,-3.3469202518463135,-0.35916829109191895,0.39876508712768555,0.8556296229362488,-2.710576057434082,-0.2524133324623108,0.3251194953918457,1.7680160999298096,-2.301246404647827,-0.2341775894165039,0.2866830825805664,1.4328533411026,-1.5205014944076538,-0.19591796398162842,0.1026465892791748,2.221503734588623,-0.8366819024085999,-0.022211790084838867,0.0585482120513916,2.8302578926086426,-1.4404606819152832,-0.3636054992675781,0.08807253837585449,3.3519580364227295,-1.3764978647232056,-0.20757174491882324,0.0984489917755127,-0.3385801613330841,-0.10483535379171371,-0.002891629934310913,0.009093053638935089,0.3385797441005707,0.10483535379171371,0.0028912127017974854,-0.009093053638935089,0.8822367787361145,0.07273542135953903,0.039327383041381836,-0.34567612409591675,2.1693105697631836,0.3831612467765808,-0.04140114784240723,-0.3894299268722534,-0.822319746017456,0.8021809458732605,0.14507770538330078,-0.24990254640579224,0.30367276072502136,1.11888587474823,0.099400594830513,-0.34516632556915283
279,2.4398796558380127,-3.2016589641571045,-0.26544666290283203,0.008219718933105469,2.301884174346924,-3.421804666519165,-0.30853772163391113,0.017368316650390625,2.351935625076294,-3.366563081741333,-0.23471832275390625,0.016619443893432617,1.4803457260131836,-3.5414953231811523,-0.35022759437561035,0.02592158317565918,1.798717975616455,-3.33075213432312,-0.17463397979736328,0.01616811752319336,0.6802260279655457,-2.6923396587371826,-0.17540359497070312,0.018236398696899414,1.5668973922729492,-2.2299394607543945,-0.20111870765686035,0.07130694389343262,1.346572756767273,-1.6247754096984863,-0.08628058433532715,-0.10427391529083252,2.023545980453491,-0.8312012553215027,-0.19795775413513184,0.005480647087097168,2.6970748901367188,-1.476894736289978,-0.13318300247192383,-0.036434054374694824,3.1156842708587646,-1.418599009513855,-0.23627376556396484,-0.042101144790649414,-0.32761168479919434,-0.11774125695228577,0.01096847653388977,-0.012905903160572052,0.32761168479919434,0.11774125695228577,-0.010968059301376343,0.012905903160572052,0.8201232552528381,0.1999240666627884,-0.06211352348327637,0.12718865275382996,2.0238850116729736,0.5640445351600647,-0.14542555809020996,0.1808832883834839,-0.8902826905250549,0.8856174349784851,-0.06796294450759888,0.08343648910522461,0.16733233630657196,1.2093733549118042,-0.1363404244184494,0.09048748016357422
280,1.9147322177886963,-2.743088483810425,-0.5251474380493164,0.4585704803466797,1.7800599336624146,-2.93601131439209,-0.5218242406845093,0.4857933521270752,1.8204882144927979,-2.8685455322265625,-0.5314474105834961,0.4980175495147705,1.0510057210922241,-3.051976203918457,-0.4293400049209595,0.4895191192626953,1.3271005153656006,-2.8027586936950684,-0.4716174602508545,0.5279934406280518,0.35068216919898987,-2.386092185974121,-0.3295438587665558,0.3062474727630615,1.1883023977279663,-1.8398391008377075,-0.3785949945449829,0.390100359916687,0.9083625674247742,-1.596095085144043,-0.4382101893424988,0.02868032455444336,1.3917262554168701,-0.6465137600898743,-0.6318197250366211,0.18468749523162842,1.9303182363510132,-1.265005111694336,-0.7667566537857056,0.2118896245956421,2.3574750423431396,-1.030636191368103,-0.758209228515625,0.38796281814575195,-0.32196804881095886,-0.134041428565979,0.005643635988235474,-0.016300171613693237,0.3219684064388275,0.1340406835079193,-0.005643278360366821,0.016299426555633545,0.5130763649940491,0.13345229625701904,-0.30704689025878906,-0.06647177040576935,1.781969428062439,0.5092227458953857,-0.24191558361053467,-0.054821789264678955,-0.8820542097091675,0.7794585824012756,0.008228480815887451,-0.10615885257720947,0.26647689938545227,1.0827867984771729,0.09914456307888031,-0.12658655643463135
281,2.044335126876831,-3.2205166816711426,0.12960290908813477,-0.4774281978607178,1.9075802564620972,-3.4140710830688477,0.12752032279968262,-0.4780597686767578,1.951012372970581,-3.355206251144409,0.1305241584777832,-0.4866607189178467,1.0820019245147705,-3.5179219245910645,0.030996203422546387,-0.4659457206726074,1.4146007299423218,-3.2615272998809814,0.08750021457672119,-0.4587686061859131,0.4011753499507904,-2.8416101932525635,0.05049318075180054,-0.4555180072784424,1.1758848428726196,-2.2092926502227783,-0.01241755485534668,-0.3694535493850708,0.9715468287467957,-2.030017375946045,0.06318426132202148,-0.43392229080200195,1.3770283460617065,-0.8391450643539429,-0.014697909355163574,-0.1926313042640686,2.095362901687622,-1.6928575038909912,0.1650446653366089,-0.4278523921966553,2.3045079708099365,-1.2920255661010742,-0.052967071533203125,-0.2613893747329712,-0.3046122193336487,-0.15049538016319275,0.01735582947731018,-0.016453951597213745,0.3046122193336487,0.15049618482589722,-0.017356187105178833,0.016455501317977905,0.4139752686023712,-0.19022728502750397,-0.09910109639167786,-0.3236795663833618,1.6310462951660156,0.22936493158340454,-0.15092313289642334,-0.2798578143119812,-1.0196024179458618,0.7083326578140259,-0.13754820823669434,-0.07112592458724976,0.25168997049331665,1.0056525468826294,-0.01478692889213562,-0.07713425159454346
282,1.9728567600250244,-3.020432949066162,-0.07147836685180664,0.20008373260498047,1.8250700235366821,-3.238717794418335,-0.08251023292541504,0.1753532886505127,1.8592529296875,-3.1672303676605225,-0.09175944328308105,0.18797588348388672,1.0593675374984741,-3.3520467281341553,-0.022634387016296387,0.16587519645690918,1.325584888458252,-3.0955843925476074,-0.08901584148406982,0.16594290733337402,0.3722655177116394,-2.500497579574585,-0.028909832239151,0.3411126136779785,1.2257030010223389,-1.979302167892456,0.04981815814971924,0.22999048233032227,0.8499100804328918,-1.6188006401062012,-0.12163674831390381,0.41121673583984375,1.3096624612808228,-0.7036694884300232,-0.06736588478088379,0.13547557592391968,1.9741854667663574,-1.2420634031295776,-0.12117743492126465,0.4507941007614136,2.3421285152435303,-1.026309847831726,0.03762054443359375,0.26571571826934814,-0.31462860107421875,-0.13207410275936127,-0.010016381740570068,0.018421277403831482,0.3146282136440277,0.13207410275936127,0.010015994310379028,-0.01842208206653595,0.6383589506149292,0.5464840531349182,0.22438368201255798,0.736711323261261,1.7793447971343994,0.9462174773216248,0.1482985019683838,0.7168525457382202,-1.0582693815231323,0.9166048169136047,-0.03866696357727051,0.20827215909957886,-0.24737723171710968,1.3006513118743896,-0.49906718730926514,0.29499876499176025
283,2.2942163944244385,-3.417508363723755,0.32135963439941406,-0.3970754146575928,2.1488912105560303,-3.638817548751831,0.32382118701934814,-0.4000997543334961,2.1732168197631836,-3.5719563961029053,0.3139638900756836,-0.4047260284423828,1.294101595878601,-3.733527898788452,0.23473405838012695,-0.3814811706542969,1.5752933025360107,-3.4834868907928467,0.2497084140777588,-0.38790249824523926,0.5556524991989136,-2.811466693878174,0.18338698148727417,-0.31096911430358887,1.4156848192214966,-2.301226854324341,0.18998181819915771,-0.32192468643188477,1.1657874584197998,-1.8733657598495483,0.31587737798690796,-0.25456511974334717,1.674603819847107,-0.9233777523040771,0.3649413585662842,-0.21970826387405396,2.4615838527679443,-1.3233391046524048,0.4873983860015869,-0.08127570152282715,2.8080663681030273,-1.1257293224334717,0.46593785285949707,-0.0994194746017456,-0.3120691478252411,-0.13023442029953003,0.002559453248977661,0.0018396824598312378,0.3120687007904053,0.1302335411310196,-0.0025595128536224365,-0.0018405616283416748,0.6665459871292114,0.5668250918388367,0.028187036514282227,0.020341038703918457,1.8269224166870117,0.9703795313835144,0.047577619552612305,0.02416205406188965,-1.2556805610656738,1.036259651184082,-0.1974111795425415,0.1196548342704773,-0.34749627113342285,1.4109970331192017,-0.10011903941631317,0.11034572124481201
284,2.664576768875122,-3.6599271297454834,0.3703603744506836,-0.24241876602172852,2.513211727142334,-3.881608724594116,0.3643205165863037,-0.24279117584228516,2.5549423694610596,-3.822059392929077,0.381725549697876,-0.2501029968261719,1.6125081777572632,-3.9710769653320312,0.3184065818786621,-0.2375490665435791,1.961045742034912,-3.7196459770202637,0.38575243949890137,-0.236159086227417,0.8415204286575317,-2.960948944091797,0.28586792945861816,-0.14948225021362305,1.6929842233657837,-2.436535358428955,0.2772994041442871,-0.13530850410461426,1.3329319953918457,-1.8464033603668213,0.1671445369720459,0.02696239948272705,2.086743116378784,-0.862324595451355,0.41213929653167725,0.06105315685272217,2.7385501861572266,-1.2787928581237793,0.2769663333892822,0.04454624652862549,3.2624261379241943,-1.1352931261062622,0.454359769821167,-0.009563803672790527,-0.2673434615135193,-0.12828245759010315,0.0447256863117218,0.0019519627094268799,0.2673434615135193,0.12828150391578674,-0.044725239276885986,-0.0019520372152328491,0.8084653615951538,0.8259056210517883,0.14191937446594238,0.25908052921295166,1.4660588502883911,1.2653738260269165,-0.3608635663986206,0.2949942946434021,-1.1420438289642334,1.2721264362335205,0.11363673210144043,0.23586678504943848,-0.9586253762245178,1.6881909370422363,-0.611129105091095,0.27719390392303467
285,2.9171180725097656,-3.6568055152893066,0.25254130363464355,0.003121614456176758,2.7534470558166504,-3.910982131958008,0.2402353286743164,-0.0293734073638916,2.8221535682678223,-3.863003969192505,0.2672111988067627,-0.040944576263427734,1.8711059093475342,-4.025655746459961,0.258597731590271,-0.05457878112792969,2.2705936431884766,-3.819169044494629,0.30954790115356445,-0.09952306747436523,1.0647947788238525,-2.886859893798828,0.2232743501663208,0.07408905029296875,1.9646214246749878,-2.4506125450134277,0.2716372013092041,-0.014077186584472656,1.3870691061019897,-1.67788565158844,0.05413711071014404,0.16851770877838135,1.9159340858459473,-0.8319039940834045,-0.17080903053283691,0.03042060136795044,2.9419450759887695,-1.1901237964630127,0.20339488983154297,0.0886690616607666,3.196167469024658,-1.081905484199524,-0.06625866889953613,0.05338764190673828,-0.3020574450492859,-0.1105131208896637,-0.0347139835357666,0.017769336700439453,0.3020574450492859,0.11051410436630249,0.0347139835357666,-0.017767399549484253,1.0357611179351807,1.0458282232284546,0.22729575634002686,0.21992260217666626,1.850252628326416,1.4862548112869263,0.3841937780380249,0.22088098526000977,-1.4513766765594482,1.5748711824417114,-0.30933284759521484,0.3027447462081909,-1.2340205907821655,2.088793992996216,-0.2753952145576477,0.4006030559539795
286,4.119287490844727,-4.334526062011719,1.202169418334961,-0.6777205467224121,3.9384021759033203,-4.676147937774658,1.18495512008667,-0.7651658058166504,3.9729909896850586,-4.593104362487793,1.1508374214172363,-0.7301003932952881,2.822192430496216,-4.872431755065918,0.9510865211486816,-0.846776008605957,3.137591600418091,-4.562772750854492,0.8669979572296143,-0.7436037063598633,1.7213551998138428,-3.4024040699005127,0.6565604209899902,-0.5155441761016846,2.6228792667388916,-2.969675302505493,0.6582578420639038,-0.5190627574920654,1.8913352489471436,-1.8161773681640625,0.5042661428451538,-0.13829171657562256,2.1627049446105957,-1.072651982307434,0.24677085876464844,-0.24074798822402954,3.708843231201172,-1.2611216306686401,0.7668981552124023,-0.07099783420562744,3.7329506874084473,-1.249626636505127,0.5367832183837891,-0.16772115230560303,-0.3095574975013733,-0.10963204503059387,-0.007500052452087402,0.0008810758590698242,0.3095574975013733,0.10963267087936401,0.007500052452087402,-0.0008814334869384766,1.26395583152771,1.6213842630386353,0.2281947135925293,0.5755560398101807,2.29038667678833,2.1133346557617188,0.44013404846191406,0.6270798444747925,-1.9884111881256104,2.038963556289673,-0.5370345115661621,0.4640923738479614,-1.6603777408599854,2.7800168991088867,-0.4263571500778198,0.6912229061126709
287,5.1523847579956055,-4.565321445465088,1.033097267150879,-0.23079538345336914,5.0716681480407715,-4.954275131225586,1.1332659721374512,-0.27812719345092773,4.914773941040039,-4.87746524810791,0.9417829513549805,-0.2843608856201172,4.040074825286865,-5.361698150634766,1.2178823947906494,-0.48926639556884766,3.975160598754883,-4.99236536026001,0.837568998336792,-0.4295926094055176,2.572373867034912,-3.907339334487915,0.8510186672210693,-0.5049352645874023,3.3513903617858887,-3.2803359031677246,0.7285110950469971,-0.31066060066223145,2.463815212249756,-2.2732017040252686,0.5724799633026123,-0.45702433586120605,2.8964922428131104,-1.0215109586715698,0.7337872982025146,0.05114102363586426,4.328831672668457,-1.2981722354888916,0.6199884414672852,-0.037050604820251465,4.5972771644592285,-1.022266149520874,0.8643264770507812,0.22736048698425293,-0.280018150806427,-0.13393570482730865,0.02953934669494629,-0.024303659796714783,0.2800188958644867,0.13393644988536835,-0.029538601636886597,0.024303779006004333,0.3974582254886627,2.3086678981781006,-0.8664976358413696,0.6872836351394653,2.0649797916412354,2.9199390411376953,-0.22540688514709473,0.8066043853759766,-3.2064921855926514,2.539034366607666,-1.218080997467041,0.5000708103179932,-1.7479602098464966,3.350550413131714,-0.08758246898651123,0.5705335140228271
288,4.534704685211182,-4.235430717468262,-0.6176800727844238,0.32989072799682617,4.782928943634033,-4.541121006011963,-0.2887392044067383,0.41315412521362305,4.40565824508667,-4.606314659118652,-0.5091156959533691,0.2711505889892578,5.1917195320129395,-4.787800312042236,1.1516447067260742,0.5738978385925293,4.376739025115967,-4.848582744598389,0.401578426361084,0.1437826156616211,4.5681986808776855,-3.4568467140197754,1.9958248138427734,0.45049262046813965,3.578345775604248,-3.5989413261413574,0.22695541381835938,-0.3186054229736328,4.310053825378418,-1.8455438613891602,1.846238613128662,0.4276578426361084,2.611074924468994,-1.7496246099472046,-0.2854173183441162,-0.7281136512756348,5.133418560028076,-0.9885062575340271,0.8045868873596191,0.3096659779548645,4.303800582885742,-1.6210073232650757,-0.29347658157348633,-0.5987411737442017,0.3063203692436218,0.10420049726963043,0.5863385200500488,0.2381362020969391,-0.3063203692436218,-0.10420049726963043,-0.5863392353057861,-0.23813694715499878,0.4912112057209015,2.481821060180664,0.09375298023223877,0.17315316200256348,1.0123652219772339,2.5627710819244385,-1.0526145696640015,-0.35716795921325684,-3.3360135555267334,3.3541011810302734,-0.12952136993408203,0.8150668144226074,-2.5490047931671143,3.622253656387329,-0.8010445833206177,0.27170324325561523
289,2.5944087505340576,-1.8532801866531372,-1.940295934677124,2.382150650024414,2.712022304534912,-2.012622594833374,-2.070906639099121,2.528498411178589,2.4485669136047363,-2.045459508895874,-1.9570913314819336,2.5608551502227783,2.707824230194092,-2.1051363945007324,-2.4838953018188477,2.682663917541504,2.04828143119812,-2.1432323455810547,-2.3284575939178467,2.705350399017334,2.463526487350464,-1.4518721103668213,-2.1046721935272217,2.004974603652954,1.4799318313598633,-1.632265329360962,-2.0984139442443848,1.9666759967803955,2.5998077392578125,-0.5634089112281799,-1.7102460861206055,1.282135009765625,1.248732328414917,-0.7779033184051514,-1.3623425960540771,0.9717212915420532,2.4503657817840576,-0.3834880292415619,-2.6830527782440186,0.6050182580947876,2.09066104888916,-0.6736505627632141,-2.213139533996582,0.9473567605018616,0.331717848777771,0.0814315602183342,0.02539747953414917,-0.022768937051296234,-0.331717848777771,-0.08143116533756256,-0.02539747953414917,0.02276933193206787,0.23205548524856567,1.2032747268676758,-0.2591557204723358,-1.2785463333129883,0.06364069133996964,1.119418740272522,-0.9487245082855225,-1.4433523416519165,-1.5110033750534058,1.4938607215881348,1.8250101804733276,-1.8602404594421387,-1.4484370946884155,1.5617481470108032,1.1005676984786987,-2.0605053901672363
290,2.0656051635742188,-1.8844144344329834,-0.5288035869598389,-0.03113424777984619,2.2102572917938232,-2.021977663040161,-0.5017650127410889,-0.00935506820678711,1.9757453203201294,-2.0939602851867676,-0.47282159328460693,-0.048500776290893555,2.2950007915496826,-2.048694133758545,-0.4128234386444092,0.0564422607421875,1.734490156173706,-2.182753086090088,-0.31379127502441406,-0.0395207405090332,2.174698829650879,-1.3847516775131226,-0.28882765769958496,0.06712043285369873,1.2020432949066162,-1.6170045137405396,-0.27788853645324707,0.015260815620422363,2.4975199699401855,-0.42932116985321045,-0.10228776931762695,0.13408774137496948,0.9221075773239136,-0.6307703852653503,-0.3266247510910034,0.14713293313980103,2.4054677486419678,-0.20043857395648956,-0.044898033142089844,0.18304945528507233,1.381841778755188,-0.4620082676410675,-0.7088192701339722,0.2116422951221466,0.315686970949173,0.09653598815202713,-0.016030877828598022,0.015104427933692932,-0.315686970949173,-0.09653665870428085,0.016030877828598022,-0.015105493366718292,0.31299370527267456,0.6635228991508484,0.08093822002410889,-0.5397518277168274,-0.06004771217703819,0.475533664226532,-0.12368839979171753,-0.64388507604599,-1.009825348854065,1.1674338579177856,0.5011780261993408,-0.3264268636703491,-1.1311306953430176,1.0082249641418457,0.31730639934539795,-0.5535231828689575
291,3.084167003631592,-2.0429279804229736,1.018561840057373,-0.15851354598999023,3.2099530696868896,-2.2887799739837646,0.9996957778930664,-0.2668023109436035,2.897987127304077,-2.2859034538269043,0.9222418069839478,-0.19194316864013672,3.253962278366089,-2.6322178840637207,0.9589614868164062,-0.5835237503051758,2.522686719894409,-2.549098253250122,0.7881965637207031,-0.3663451671600342,2.882113218307495,-1.9747211933135986,0.7074143886566162,-0.5899695158004761,1.8895257711410522,-1.8531875610351562,0.687482476234436,-0.2361830472946167,3.040177583694458,-0.9203778505325317,0.5426576137542725,-0.4910566806793213,1.5274971723556519,-0.5765566229820251,0.6053895950317383,0.054213762283325195,3.3294637203216553,-0.12499848753213882,0.9239959716796875,0.07544008642435074,2.608400344848633,-0.4104387164115906,1.2265585660934448,0.05156955122947693,0.311616450548172,0.006810360588133335,-0.0040705204010009766,-0.08972562849521637,-0.311616450548172,-0.006809885147958994,0.0040705204010009766,0.0897267758846283,0.6701145768165588,1.1921731233596802,0.3571208715438843,0.5286502242088318,0.7578645944595337,1.38068425655365,0.8179122805595398,0.9051505923271179,-1.5141403675079346,1.6549837589263916,-0.5043150186538696,0.48754990100860596,-1.0299789905548096,1.9608492851257324,0.10115170478820801,0.9526243209838867
292,9.768000602722168,-6.663321495056152,6.683833599090576,-4.620393753051758,9.785595893859863,-7.361606597900391,6.5756425857543945,-5.072826385498047,9.402668952941895,-7.244590759277344,6.504681587219238,-4.9586873054504395,8.482892036437988,-8.305902481079102,5.22892951965332,-5.673684597015381,7.925895690917969,-7.752465724945068,5.4032087326049805,-5.203367233276367,5.874042510986328,-6.627495765686035,2.991929292678833,-4.652774810791016,6.476667404174805,-5.829471111297607,4.587141513824463,-3.976283550262451,6.389440536499023,-3.6382246017456055,3.3492629528045654,-2.7178468704223633,6.462558746337891,-2.2484216690063477,4.935061454772949,-1.6718649864196777,9.20761489868164,-2.8570189476013184,5.878150939941406,-2.732020378112793,9.05898666381836,-2.897153854370117,6.450586318969727,-2.486715078353882,-0.2573084235191345,-0.13391944766044617,-0.5689249038696289,-0.14072981476783752,0.2573084235191345,0.13391944766044617,0.5689249038696289,0.14072933793067932,1.804169774055481,1.8319666385650635,1.1340551376342773,0.6397935152053833,3.9552195072174072,2.59157657623291,3.197354793548584,1.2108923196792603,-2.84242844581604,3.8003275394439697,-1.3282880783081055,2.145343780517578,-0.39026468992233276,4.950246334075928,0.6397143006324768,2.9893970489501953
293,6.186479568481445,-5.450244426727295,-3.5815210342407227,1.2130770683288574,6.168796539306641,-5.9543681144714355,-3.6167993545532227,1.407238483428955,5.853341102600098,-5.813237190246582,-3.549327850341797,1.4313535690307617,5.231464385986328,-6.397144794464111,-3.25142765045166,1.9087576866149902,4.840590953826904,-5.879070281982422,-3.0853047370910645,1.8733954429626465,3.6087071895599365,-4.909635543823242,-2.2653353214263916,1.717860221862793,4.150119781494141,-4.068878650665283,-2.326547622680664,1.7605924606323242,3.732699394226074,-2.682973623275757,-2.656741142272949,0.9552509784698486,4.089327812194824,-1.07375967502594,-2.3732309341430664,1.1746619939804077,5.578158378601074,-2.4535622596740723,-3.6294565200805664,0.4034566879272461,5.82327938079834,-2.0966835021972656,-3.2357072830200195,0.8004703521728516,-0.20234757661819458,-0.18221552670001984,0.05496084690093994,-0.04829607903957367,0.20234757661819458,0.18221375346183777,-0.05496084690093994,0.0482943058013916,2.0609629154205322,0.6191120743751526,0.25679314136505127,-1.2128546237945557,3.3262879848480225,1.3964120149612427,-0.6289315223693848,-1.1951645612716675,-2.3973162174224854,2.006819725036621,0.4451122283935547,-1.7935078144073486,-1.358280897140503,3.0335114002227783,-0.9680162072181702,-1.9167349338531494
294,4.496887683868408,-4.600124835968018,-1.689591884613037,0.8501195907592773,4.392055988311768,-4.947807788848877,-1.776740550994873,1.0065603256225586,4.346920490264893,-4.854413986206055,-1.506420612335205,0.9588232040405273,3.4784996509552,-5.141222953796387,-1.752964735031128,1.2559218406677246,3.760828733444214,-4.797547817230225,-1.0797622203826904,1.0815224647521973,2.393993377685547,-3.899641275405884,-1.2147138118743896,1.0099942684173584,3.188077449798584,-3.2918334007263184,-0.9620423316955566,0.7770452499389648,2.7763397693634033,-2.1902360916137695,-0.9563596248626709,0.4927375316619873,3.1049654483795166,-1.025909185409546,-0.9843623638153076,0.04785048961639404,4.549673557281494,-1.8033324480056763,-1.02848482131958,0.650229811668396,4.747062683105469,-1.7764323949813843,-1.076216697692871,0.32025110721588135,-0.2894061803817749,-0.14818572998046875,-0.08705860376358032,0.034029796719551086,0.28940585255622864,0.14818572998046875,0.08705827593803406,-0.03402802348136902,1.920325517654419,0.7313277721405029,-0.14063739776611328,0.11221569776535034,3.116546630859375,1.357885479927063,-0.20974135398864746,-0.03852653503417969,-1.7541427612304688,1.7355451583862305,0.6431734561920166,-0.2712745666503906,-0.9014214277267456,2.503260850906372,0.4568594694137573,-0.5302505493164062
295,5.070611476898193,-5.67888069152832,0.5737237930297852,-1.0787558555603027,4.8920512199401855,-5.989003658294678,0.49999523162841797,-1.0411958694458008,4.845865726470947,-5.9255523681640625,0.4989452362060547,-1.0711383819580078,3.5826852321624756,-6.072592735290527,0.10418558120727539,-0.9313697814941406,3.8654112815856934,-5.715184211730957,0.10458254814147949,-0.9176363945007324,2.326754331588745,-4.644593715667725,-0.06723904609680176,-0.7449524402618408,3.0870940685272217,-3.995068073272705,-0.1009833812713623,-0.7032346725463867,2.7829689979553223,-2.822561264038086,0.006629228591918945,-0.6323251724243164,3.4878714084625244,-1.598047137260437,0.3829059600830078,-0.5721379518508911,4.661613464355469,-2.704021692276001,0.11193990707397461,-0.9006892442703247,5.085309982299805,-2.531752347946167,0.33824729919433594,-0.7553199529647827,-0.25797152519226074,-0.1702960729598999,0.03143465518951416,-0.022110342979431152,0.2579719126224518,0.17029453814029694,-0.031433939933776855,0.022108808159828186,1.6747846603393555,0.32593122124671936,-0.24554085731506348,-0.40539655089378357,2.7683463096618652,0.9751483201980591,-0.34820032119750977,-0.3827371597290039,-1.6173170804977417,1.8278074264526367,0.13682568073272705,0.09226226806640625,-0.637840211391449,2.5856549739837646,0.26358121633529663,0.08239412307739258
296,3.5658786296844482,-4.235588550567627,-1.5047328472137451,1.4432921409606934,3.3895816802978516,-4.51246452331543,-1.502469539642334,1.476539134979248,3.394827365875244,-4.441558837890625,-1.4510383605957031,1.4839935302734375,2.4080681800842285,-4.564136505126953,-1.174617052078247,1.5084562301635742,2.669922351837158,-4.274100303649902,-1.1954889297485352,1.4410839080810547,1.4301214218139648,-3.262782573699951,-0.8966329097747803,1.3818111419677734,2.348302125930786,-2.8666210174560547,-0.7387919425964355,1.1284470558166504,1.8345757722854614,-1.8119004964828491,-0.9483932256698608,1.0106607675552368,2.21901798248291,-1.1068329811096191,-1.2688534259796143,0.49121415615081787,3.567610502243042,-1.4993298053741455,-1.0940029621124268,1.2046918869018555,3.8286712169647217,-1.4335474967956543,-1.256638765335083,1.0982048511505127,-0.32574623823165894,-0.10925991833209991,-0.0677747130393982,0.06103615462779999,0.32574594020843506,0.10925991833209991,0.06777402758598328,-0.06103461980819702,1.3964083194732666,1.0058730840682983,-0.27837634086608887,0.6799418926239014,2.427586078643799,1.4482954740524292,-0.3407602310180664,0.4731471538543701,-1.1871469020843506,1.9190274477005005,0.4301701784133911,0.09122002124786377,-0.843779444694519,2.6052963733673096,-0.20593923330307007,0.019641399383544922
297,3.515021562576294,-4.721897125244141,-0.0508570671081543,-0.48630857467651367,3.284658432006836,-4.984379768371582,-0.10492324829101562,-0.47191524505615234,3.2954354286193848,-4.909881591796875,-0.09939193725585938,-0.46832275390625,2.160773515701294,-4.928824424743652,-0.24729466438293457,-0.3646879196166992,2.4122254848480225,-4.602774143218994,-0.25769686698913574,-0.3286738395690918,1.2541263103485107,-3.4258337020874023,-0.1759951114654541,-0.16305112838745117,2.1170578002929688,-2.9205129146575928,-0.23124432563781738,-0.053891897201538086,1.7918026447296143,-2.072915554046631,-0.04277312755584717,-0.26101505756378174,2.5835959911346436,-1.204681396484375,0.3645780086517334,-0.09784841537475586,3.5697665214538574,-1.7498064041137695,0.0021560192108154297,-0.250476598739624,4.255630016326904,-1.5874184370040894,0.4269587993621826,-0.15387094020843506,-0.2875854969024658,-0.14129452407360077,0.038160741329193115,-0.032034605741500854,0.28758516907691956,0.14129582047462463,-0.0381607711315155,0.03203590214252472,1.6047158241271973,1.224084734916687,0.20830750465393066,0.21821165084838867,2.3573853969573975,1.7700968980789185,-0.07020068168640137,0.32180142402648926,-0.9424403309822083,2.045443058013916,0.24470657110214233,0.12641561031341553,-0.7638369202613831,2.8078582286834717,0.07994252443313599,0.2025618553161621
298,3.1357040405273438,-4.590599536895752,-0.3793175220489502,0.13129758834838867,2.912224054336548,-4.8500895500183105,-0.3724343776702881,0.13429021835327148,2.894688129425049,-4.757735729217529,-0.40074729919433594,0.1521458625793457,1.8846373558044434,-4.795605659484863,-0.2761361598968506,0.13321876525878906,2.0257933139801025,-4.437650680541992,-0.3864321708679199,0.16512346267700195,1.0589655637741089,-3.3820297718048096,-0.19516074657440186,0.04380393028259277,1.8822555541992188,-2.814409017562866,-0.23480224609375,0.10610389709472656,1.7452685832977295,-2.209498167037964,-0.046534061431884766,-0.136582612991333,2.6216845512390137,-1.229738712310791,0.03808856010437012,-0.025057315826416016,3.3503646850585938,-1.9320762157440186,-0.21940183639526367,-0.18226981163024902,4.2210001945495605,-1.6660462617874146,-0.03462982177734375,-0.0786278247833252,-0.2738095223903656,-0.1532188355922699,0.01377597451210022,-0.011924311518669128,0.27380919456481934,0.15322008728981018,-0.01377597451210022,0.011924266815185547,1.6852500438690186,0.9659820795059204,0.08053421974182129,-0.2581026554107666,2.430370807647705,1.5130078792572021,0.07298541069030762,-0.2570890188217163,-0.7233786582946777,1.8370261192321777,0.21906167268753052,-0.20841693878173828,-0.49831265211105347,2.557645320892334,0.2655242681503296,-0.2502129077911377
299,2.949368476867676,-4.652772426605225,-0.18633556365966797,-0.062172889709472656,2.76415753364563,-4.898165225982666,-0.14806652069091797,-0.04807567596435547,2.678999662399292,-4.815872669219971,-0.21568846702575684,-0.058136940002441406,1.85659921169281,-4.847693920135498,-0.0280381441116333,-0.052088260650634766,1.7792214155197144,-4.511883735656738,-0.24657189846038818,-0.0742330551147461,0.898555338382721,-3.5626957416534424,-0.16041022539138794,-0.1806659698486328,1.7016994953155518,-2.9669110774993896,-0.180556058883667,-0.15250205993652344,1.635750412940979,-2.3549911975860596,-0.10951817035675049,-0.1454930305480957,2.6811978816986084,-1.326066017150879,0.05951333045959473,-0.09632730484008789,3.126002550125122,-2.0921123027801514,-0.22436213493347168,-0.1600360870361328,4.202249050140381,-1.8092880249023438,-0.018751144409179688,-0.1432417631149292,-0.2595760226249695,-0.15999267995357513,0.014233499765396118,-0.006773844361305237,0.2595760226249695,0.15999267995357513,-0.014233171939849854,0.006772592663764954,1.7611244916915894,0.7075411677360535,0.0758744478225708,-0.25844091176986694,2.5958850383758545,1.20271897315979,0.16551423072814941,-0.3102889060974121,-0.6007304787635803,1.711521863937378,0.12264817953109741,-0.1255042552947998,-0.3445456624031067,2.239983558654785,0.15376698970794678,-0.31766176223754883
300,4.439929008483887,-7.277225017547607,1.490560531616211,-2.624452590942383,4.222207069396973,-7.736341953277588,1.4580495357513428,-2.838176727294922,3.8997952938079834,-7.576437473297119,1.2207956314086914,-2.7605648040771484,3.0216658115386963,-7.706442356109619,1.1650665998458862,-2.858748435974121,2.251544237136841,-7.1491804122924805,0.47232282161712646,-2.637296676635742,1.6183569431304932,-5.6112871170043945,0.7198016047477722,-2.048591375350952,2.264037609100342,-4.847679615020752,0.56233811378479,-1.8807685375213623,2.8866145610809326,-3.7171742916107178,1.2508641481399536,-1.3621830940246582,4.239871025085449,-2.470082998275757,1.5586731433868408,-1.144016981124878,5.3706560134887695,-3.5307490825653076,2.2446534633636475,-1.4386367797851562,6.659553050994873,-3.0511178970336914,2.457304000854492,-1.2418298721313477,-0.19006884098052979,-0.21878494322299957,0.0695071816444397,-0.05879226326942444,0.19006884098052979,0.21878494322299957,-0.0695071816444397,0.05879226326942444,3.2715861797332764,1.0838944911956787,1.510461688041687,0.37635332345962524,3.861457109451294,1.7918035984039307,1.2655720710754395,0.5890846252441406,-0.4800896644592285,2.8928403854370117,0.1206408143043518,1.1813185214996338,-0.5634149312973022,3.8651788234710693,-0.21886926889419556,1.6251952648162842
301,3.899228811264038,-6.946349620819092,-0.5407001972198486,0.3308753967285156,3.7035069465637207,-7.395925521850586,-0.518700122833252,0.34041643142700195,3.4166371822357178,-7.2808732986450195,-0.4831581115722656,0.2955641746520996,2.5420596599578857,-7.417283058166504,-0.47960615158081055,0.28915929794311523,1.815679669380188,-6.990435600280762,-0.43586456775665283,0.15874481201171875,1.1964315176010132,-5.429238319396973,-0.42192542552948,0.18204879760742188,1.901685118675232,-4.720283031463623,-0.36235249042510986,0.1273965835571289,2.3928112983703613,-3.7623403072357178,-0.4938032627105713,-0.045166015625,4.014868259429932,-2.4992988109588623,-0.22500276565551758,-0.02921581268310547,4.704305648803711,-3.674415111541748,-0.6663503646850586,-0.14366602897644043,6.264562129974365,-3.057905673980713,-0.3949909210205078,-0.006787776947021484,-0.18950919806957245,-0.2053394317626953,0.0005596429109573364,0.01344551146030426,0.18950872123241425,0.2053394317626953,-0.0005601197481155396,-0.01344551146030426,3.0854740142822266,0.9047982096672058,-0.1861121654510498,-0.1790962815284729,3.5562946796417236,1.526123046875,-0.3051624298095703,-0.26568055152893066,-0.41752517223358154,2.677345037460327,0.06256449222564697,-0.21549534797668457,-0.5873228907585144,3.4372265338897705,-0.023907959461212158,-0.42795228958129883
302,2.9055418968200684,-5.180698871612549,-0.9936869144439697,1.765650749206543,2.8090367317199707,-5.6238884925842285,-0.89447021484375,1.7720370292663574,2.4321258068084717,-5.444415092468262,-0.9845113754272461,1.8364582061767578,2.043428421020508,-5.769636154174805,-0.49863123893737793,1.6476469039916992,1.135148525238037,-5.224178791046143,-0.6805311441421509,1.7662568092346191,0.8864165544509888,-4.393624782562256,-0.3100149631500244,1.0356135368347168,1.3770748376846313,-3.5222725868225098,-0.5246102809906006,1.1980104446411133,1.7733871936798096,-3.3521268367767334,-0.6194241046905518,0.4102134704589844,3.048800468444824,-1.8045662641525269,-0.9660677909851074,0.6947325468063354,3.5037689208984375,-3.2186362743377686,-1.2005367279052734,0.4557788372039795,4.929449081420898,-2.2630538940429688,-1.3351130485534668,0.7948517799377441,-0.1333477944135666,-0.22637565433979034,0.05616140365600586,-0.021036222577095032,0.13334742188453674,0.22637714445590973,-0.0561612993478775,0.021037712693214417,2.454629898071289,0.7922841906547546,-0.6308441162109375,-0.11251401901245117,2.831592559814453,1.4513952732086182,-0.7247021198272705,-0.07472777366638184,-0.4753775894641876,2.155423641204834,-0.05785241723060608,-0.5219213962554932,-0.5629227757453918,2.9561705589294434,0.02440011501312256,-0.48105597496032715
303,2.4509904384613037,-4.631780624389648,-0.45455145835876465,0.5489182472229004,2.5398190021514893,-5.102433681488037,-0.26921772956848145,0.5214548110961914,1.9307082891464233,-4.963681221008301,-0.5014175176620483,0.48073387145996094,2.1344614028930664,-5.287463188171387,0.0910329818725586,0.48217296600341797,0.8124500513076782,-4.863103866577148,-0.3226984739303589,0.36107492446899414,0.8963462710380554,-4.197859287261963,0.00992971658706665,0.19576549530029297,1.2498128414154053,-3.2624120712280273,-0.12726199626922607,0.2598605155944824,1.842329978942871,-3.712229013442993,0.06894278526306152,-0.36010217666625977,2.7110257148742676,-1.6532353162765503,-0.33777475357055664,0.15133094787597656,3.0161657333374023,-3.6106648445129395,-0.48760318756103516,-0.3920285701751709,4.242848873138428,-2.167853832244873,-0.6866002082824707,0.0952000617980957,-0.09236771613359451,-0.22294534742832184,0.040980078279972076,0.003430306911468506,0.09236771613359451,0.22294534742832184,-0.04097970575094223,-0.0034317970275878906,2.246082305908203,0.7146331071853638,-0.20854759216308594,-0.07765108346939087,2.6436009407043457,1.3112236261367798,-0.18799161911010742,-0.14017164707183838,-0.48928022384643555,1.8472250699996948,-0.013902634382247925,-0.30819857120513916,-0.6137418150901794,2.364011287689209,-0.0508190393447876,-0.5921592712402344
304,2.244199514389038,-4.407186508178711,-0.20679092407226562,0.2245941162109375,2.3655173778533936,-4.8642659187316895,-0.1743016242980957,0.23816776275634766,1.7546600103378296,-4.744787693023682,-0.17604827880859375,0.21889352798461914,2.0727546215057373,-5.0748162269592285,-0.0617067813873291,0.2126469612121582,0.7498083710670471,-4.685376167297363,-0.0626416802406311,0.17772769927978516,1.0040781497955322,-4.130753040313721,0.1077318787574768,0.06710624694824219,1.1280360221862793,-3.138465642929077,-0.12177681922912598,0.1239464282989502,2.0000789165496826,-3.9013094902038574,0.15774893760681152,-0.18908047676086426,2.6665024757385254,-1.6725807189941406,-0.04452323913574219,-0.019345402717590332,3.0266010761260986,-3.9042162895202637,0.010435342788696289,-0.2935514450073242,4.0361857414245605,-2.264129400253296,-0.2066631317138672,-0.09627556800842285,-0.008574568666517735,-0.2227054387331009,0.08379314839839935,0.00023990869522094727,0.008574568666517735,0.2227054387331009,-0.08379314839839935,-0.00023990869522094727,2.045710325241089,0.38105618953704834,-0.20037198066711426,-0.33357691764831543,2.1598191261291504,0.9782096743583679,-0.4837818145751953,-0.33301395177841187,-0.2879745662212372,1.7947664260864258,0.20130565762519836,-0.05245864391326904,-0.5138270258903503,2.2422308921813965,0.0999147891998291,-0.1217803955078125
305,2.1113719940185547,-4.217208385467529,-0.1328275203704834,0.18997812271118164,2.265507698059082,-4.671665191650391,-0.10000967979431152,0.19260072708129883,1.6523261070251465,-4.579730033874512,-0.1023339033126831,0.16505765914916992,1.995718002319336,-4.9124250411987305,-0.07703661918640137,0.16239118576049805,0.666081428527832,-4.597585201263428,-0.08372694253921509,0.08779096603393555,0.8413923382759094,-4.0259552001953125,-0.1626858115196228,0.1047978401184082,1.0437893867492676,-3.046651840209961,-0.08424663543701172,0.09181380271911621,1.8026795387268066,-3.7955617904663086,-0.19739937782287598,0.10574769973754883,2.387817144393921,-1.523892879486084,-0.2786853313446045,0.14868783950805664,2.8277125358581543,-3.7727928161621094,-0.19888854026794434,0.1314234733581543,3.929849624633789,-2.177884578704834,-0.10633611679077148,0.08624482154846191,-0.03637351468205452,-0.22014281153678894,-0.02779894694685936,0.0025626271963119507,0.03637351468205452,0.22014281153678894,0.02779894694685936,-0.0025626271963119507,1.8032314777374268,0.5240241885185242,-0.2424788475036621,0.14296799898147583,2.0678036212921143,1.080488920211792,-0.09201550483703613,0.10227924585342407,-0.3682922124862671,1.797160267829895,-0.08031764626502991,0.0023938417434692383,-0.5526973009109497,2.1096351146698,-0.038870275020599365,-0.13259577751159668
306,2.0993480682373047,-4.043439865112305,-0.01202392578125,0.1737685203552246,2.3133468627929688,-4.553676605224609,0.04783916473388672,0.11798858642578125,1.5808310508728027,-4.436622619628906,-0.07149505615234375,0.14310741424560547,2.1664884090423584,-4.819498062133789,0.17077040672302246,0.0929269790649414,0.5521144270896912,-4.462827205657959,-0.11396700143814087,0.13475799560546875,1.0656658411026,-3.9136734008789062,0.22427350282669067,0.11228179931640625,1.0489946603775024,-2.9138121604919434,0.005205273628234863,0.13283967971801758,1.9765548706054688,-3.8646318912506104,0.1738753318786621,-0.06907010078430176,2.2404561042785645,-1.3747574090957642,-0.14736104011535645,0.14913547039031982,3.0071187019348145,-3.9590022563934326,0.17940616607666016,-0.18620944023132324,3.4697341918945312,-1.944736361503601,-0.4601154327392578,0.2331482172012329,0.01566486433148384,-0.2085341364145279,0.05203837901353836,0.011608675122261047,-0.01566486433148384,0.2085341364145279,-0.05203837901353836,-0.011608675122261047,1.6688772439956665,0.982992947101593,-0.13435423374176025,0.45896875858306885,1.9932194948196411,1.5553070306777954,-0.07458412647247314,0.4748181104660034,-0.8842588663101196,1.9963514804840088,-0.5159666538238525,0.19919121265411377,-0.7556575536727905,2.4636664390563965,-0.20296025276184082,0.3540313243865967
307,2.1971163749694824,-4.071993827819824,0.09776830673217773,-0.02855396270751953,2.39554500579834,-4.607974529266357,0.0821981430053711,-0.05429792404174805,1.6517668962478638,-4.456072807312012,0.07093584537506104,-0.01945018768310547,2.2146365642547607,-4.914542198181152,0.048148155212402344,-0.09504413604736328,0.533777117729187,-4.498844146728516,-0.01833730936050415,-0.03601694107055664,1.183946132659912,-3.973907470703125,0.11828029155731201,-0.06023406982421875,0.8604059815406799,-3.027693033218384,-0.1885886788368225,-0.11388087272644043,2.13283109664917,-3.4371421337127686,0.15627622604370117,0.4274897575378418,2.2738382816314697,-1.5757777690887451,0.03338217735290527,-0.20102035999298096,3.526728868484497,-3.3536031246185303,0.5196101665496826,0.6053991317749023,3.768164873123169,-2.62737774848938,0.2984306812286377,-0.6826413869857788,0.11148445308208466,-0.22047001123428345,0.09581959247589111,-0.011935874819755554,-0.11148445308208466,0.22047001123428345,-0.09581959247589111,0.011935874819755554,1.759311556816101,1.0299137830734253,0.09043431282043457,0.046920835971832275,1.8653080463409424,1.7319605350494385,-0.12791144847869873,0.17665350437164307,-1.0488563776016235,2.042357921600342,-0.1645975112915039,0.04600644111633301,-0.854726254940033,2.6917827129364014,-0.09906870126724243,0.22811627388000488
308,2.6121649742126465,-4.962045192718506,0.41504859924316406,-0.8900513648986816,2.9032845497131348,-5.536508560180664,0.5077395439147949,-0.9285340309143066,2.0396461486816406,-5.467895984649658,0.38787925243377686,-1.0118231773376465,2.6558492183685303,-5.859866619110107,0.44121265411376953,-0.9453244209289551,0.7398161292076111,-5.635070323944092,0.20603901147842407,-1.1362261772155762,1.3628369569778442,-4.7797136306762695,0.17889082431793213,-0.8058061599731445,0.9702972173690796,-3.859978675842285,0.10989123582839966,-0.8322856426239014,2.258409023284912,-4.045802116394043,0.1255779266357422,-0.6086599826812744,2.8571178913116455,-2.19685697555542,0.5832796096801758,-0.6210792064666748,3.487452983856201,-3.855243682861328,-0.0392758846282959,-0.5016405582427979,3.9695239067077637,-3.5797178745269775,0.20135903358459473,-0.9523401260375977,0.14103318750858307,-0.19703936576843262,0.029548734426498413,0.02343064546585083,-0.14103280007839203,0.19703936576843262,-0.029548346996307373,-0.02343064546585083,1.3524106740951538,0.9246454834938049,-0.40690088272094727,-0.10526829957962036,1.4584554433822632,1.5568090677261353,-0.4068526029586792,-0.17515146732330322,-1.6826457977294922,2.270498514175415,-0.6337894201278687,0.22814059257507324,-1.119936227798462,2.5753047466278076,-0.26520997285842896,-0.11647796630859375
309,3.0805299282073975,-5.695278644561768,0.468364953994751,-0.7332334518432617,3.3657288551330566,-6.391393184661865,0.4624443054199219,-0.8548846244812012,2.353336811065674,-6.269260406494141,0.3136906623840332,-0.8013644218444824,3.163243055343628,-6.743454933166504,0.5073938369750977,-0.8835883140563965,0.8240445852279663,-6.419193744659424,0.08422845602035522,-0.784123420715332,1.7873122692108154,-5.186835289001465,0.4244753122329712,-0.4071216583251953,1.2548259496688843,-4.340396881103516,0.2845287322998047,-0.48041820526123047,2.8036584854125977,-4.471101760864258,0.5452494621276855,-0.42529964447021484,3.2041971683502197,-2.565032720565796,0.3470792770385742,-0.368175745010376,4.103783130645752,-5.047595977783203,0.6163301467895508,-1.192352294921875,4.47208833694458,-4.162909507751465,0.5025644302368164,-0.5831916332244873,0.1977745145559311,-0.1934252679347992,0.05674132704734802,0.003614097833633423,-0.1977745145559311,0.19342710077762604,-0.05674171447753906,-0.0036122649908065796,2.0806803703308105,1.6525449752807617,0.7282696962356567,0.7278994917869568,2.1088826656341553,2.333509683609009,0.6504272222518921,0.7767006158828735,-1.5255855321884155,2.675654888153076,0.15706026554107666,0.40515637397766113,-1.263871669769287,3.35697603225708,-0.1439354419708252,0.7816712856292725
310,3.2431914806365967,-5.996145725250244,0.16266155242919922,-0.30086708068847656,3.43361496925354,-6.754093170166016,0.0678861141204834,-0.3626999855041504,2.487287998199463,-6.573032855987549,0.13395118713378906,-0.3037724494934082,3.0127804279327393,-7.204285621643066,-0.15046262741088867,-0.4608306884765625,0.7575927972793579,-6.752232074737549,-0.0664517879486084,-0.333038330078125,1.5028334856033325,-5.492690563201904,-0.2844787836074829,-0.30585527420043945,1.3074889183044434,-4.511956214904785,0.05266296863555908,-0.17155933380126953,2.6063456535339355,-4.928879737854004,-0.1973128318786621,-0.4577779769897461,3.2607929706573486,-3.014660596847534,0.056595802307128906,-0.4496278762817383,3.817387580871582,-5.606481552124023,-0.2863955497741699,-0.5588855743408203,4.149655818939209,-5.033686637878418,-0.3224325180053711,-0.8707771301269531,0.08622601628303528,-0.22113174200057983,-0.11154849827289581,-0.02770647406578064,-0.08622504770755768,0.22113367915153503,0.11154946684837341,0.027706578373908997,1.8969879150390625,2.031402587890625,-0.18369245529174805,0.3788576126098633,2.1817281246185303,2.8010847568511963,0.072845458984375,0.4675750732421875,-1.9305857419967651,2.792292833328247,-0.4050002098083496,0.1166379451751709,-1.5879275798797607,3.5656814575195312,-0.32405591011047363,0.20870542526245117
311,3.5499649047851562,-6.672999858856201,0.30677342414855957,-0.676854133605957,3.7345833778381348,-7.517337322235107,0.3009684085845947,-0.7632441520690918,2.7249436378479004,-7.316110610961914,0.2376556396484375,-0.7430777549743652,3.2828164100646973,-8.066780090332031,0.270035982131958,-0.8624944686889648,0.7815661430358887,-7.59400749206543,0.02397334575653076,-0.8417754173278809,1.7666816711425781,-6.072290897369385,0.2638481855392456,-0.5796003341674805,1.309543251991272,-5.182895660400391,0.0020543336868286133,-0.6709394454956055,2.843456506729126,-5.215465545654297,0.23711085319519043,-0.28658580780029297,3.350517511367798,-3.704338312149048,0.08972454071044922,-0.6896777153015137,4.137088298797607,-5.7055206298828125,0.3197007179260254,-0.09903907775878906,4.421694278717041,-5.74791145324707,0.27203845977783203,-0.7142248153686523,0.1746753454208374,-0.2083239108324051,0.08844932913780212,0.012807831168174744,-0.1746753454208374,0.2083239108324051,-0.08845029771327972,-0.012809768319129944,2.006138801574707,2.410999059677124,0.10915088653564453,0.379596471786499,2.2230634689331055,3.2106406688690186,0.041335344314575195,0.40955591201782227,-2.531728506088257,3.12782621383667,-0.6011427640914917,0.33553338050842285,-2.11780047416687,4.030672550201416,-0.5298728942871094,0.46499109268188477
312,2.8897666931152344,-4.997573375701904,-0.6601982116699219,1.6754264831542969,2.662712574005127,-5.245350360870361,-1.0718708038330078,2.271986961364746,2.4300456047058105,-5.148298740386963,-0.29489803314208984,2.167811870574951,1.7935091257095337,-5.080163955688477,-1.4893072843551636,2.9866161346435547,1.0138431787490845,-4.6840620040893555,0.2322770357131958,2.909945487976074,1.3249541521072388,-3.716060161590576,-0.44172751903533936,2.3562307357788086,0.7322373390197754,-2.910649299621582,-0.5773059129714966,2.2722463607788086,2.0594499111175537,-3.6380679607391357,-0.7840065956115723,1.5773975849151611,1.8675166368484497,-2.212754964828491,-1.4830008745193481,1.4915833473205566,2.507643699645996,-3.7720947265625,-1.6294445991516113,1.9334259033203125,2.293093204498291,-3.5833017826080322,-2.12860107421875,2.164609670639038,0.1960427165031433,-0.1682773232460022,0.021367371082305908,0.04004658758640289,-0.1960427165031433,0.16827599704265594,-0.021367371082305908,-0.040047913789749146,1.280125379562378,1.5000317096710205,-0.7260134220123291,-0.9109673500061035,1.3371849060058594,2.1460320949554443,-0.8858785629272461,-1.0646085739135742,-2.0825586318969727,2.1862828731536865,0.4491698741912842,-0.9415433406829834,-1.5760527849197388,2.7886641025543213,0.5417476892471313,-1.2420084476470947
313,2.6428921222686768,-5.102207660675049,-0.24687457084655762,-0.10463428497314453,2.468604803085327,-5.32988977432251,-0.1941077709197998,-0.08453941345214844,2.1931843757629395,-5.25783634185791,-0.2368612289428711,-0.10953760147094727,1.6457439661026,-5.18557596206665,-0.1477651596069336,-0.10541200637817383,0.797013521194458,-4.8281731605529785,-0.21682965755462646,-0.14411115646362305,1.150107502937317,-3.9744467735290527,-0.17484664916992188,-0.25838661193847656,0.5185956954956055,-3.199080467224121,-0.21364164352416992,-0.28843116760253906,1.9457963705062866,-3.7162208557128906,-0.11365354061126709,-0.07815289497375488,1.9129306077957153,-2.50508451461792,0.045413970947265625,-0.2923295497894287,2.3307902812957764,-3.949333667755127,-0.17685341835021973,-0.17723894119262695,2.333042860031128,-4.1769890785217285,0.039949655532836914,-0.5936872959136963,0.1971791386604309,-0.15611214935779572,0.0011364221572875977,0.012165173888206482,-0.1971791386604309,0.1561134159564972,-0.0011364221572875977,-0.012162581086158752,0.6498484015464783,0.9713967442512512,-0.6302769780158997,-0.5286349654197693,0.8909486532211304,1.5387675762176514,-0.446236252784729,-0.607264518737793,-2.213815212249756,1.8047795295715332,-0.1312565803527832,-0.3815033435821533,-1.1832207441329956,2.197371244430542,0.39283204078674316,-0.5912928581237793
314,2.113579750061035,-4.925023078918457,-0.5293123722076416,0.1771845817565918,1.9995912313461304,-5.221838474273682,-0.4690135717391968,0.10805130004882812,1.7041289806365967,-5.117940425872803,-0.4890553951263428,0.13989591598510742,1.3844844102859497,-5.221743106842041,-0.2612595558166504,-0.036167144775390625,0.5037886500358582,-4.877910614013672,-0.29322487115859985,-0.04973745346069336,0.991045355796814,-4.161538124084473,-0.15906214714050293,-0.18709135055541992,0.4399852156639099,-3.3270726203918457,-0.07861047983169556,-0.1279921531677246,2.036741256713867,-4.090996742248535,0.09094488620758057,-0.37477588653564453,2.0802738666534424,-2.6576013565063477,0.16734325885772705,-0.15251684188842773,2.42427134513855,-4.467918872833252,0.09348106384277344,-0.518585205078125,2.431403875350952,-4.5338053703308105,0.09836101531982422,-0.35681629180908203,0.18994799256324768,-0.16183218359947205,-0.0072311460971832275,-0.005720034241676331,-0.18994799256324768,0.16183218359947205,0.0072311460971832275,0.0057187676429748535,0.755018949508667,0.9260721802711487,0.10517054796218872,-0.04532456398010254,0.8299469351768494,1.5047985315322876,-0.061001718044281006,-0.03396904468536377,-2.101226568222046,1.8755779266357422,0.11258864402770996,0.07079839706420898,-1.426703929901123,2.2199952602386475,-0.24348318576812744,0.02262401580810547
315,2.447598457336426,-5.418636798858643,0.3340187072753906,-0.49361371994018555,2.2700283527374268,-5.626298904418945,0.2704371213912964,-0.40446043014526367,2.018571615219116,-5.585197448730469,0.31444263458251953,-0.467257022857666,1.4840787649154663,-5.423475742340088,0.0995943546295166,-0.20173263549804688,0.6893999576568604,-5.152581214904785,0.1856113076210022,-0.2746706008911133,1.1169593334197998,-4.147350788116455,0.12591397762298584,0.014187335968017578,0.44924572110176086,-3.4029324054718018,0.009260505437850952,-0.07585978507995605,2.068505048751831,-4.065080642700195,0.03176379203796387,0.025916099548339844,2.0331687927246094,-2.738922357559204,-0.04710507392883301,-0.08132100105285645,2.42311429977417,-4.595955848693848,-0.0011570453643798828,-0.1280369758605957,2.3852126598358154,-4.641855716705322,-0.04619121551513672,-0.10805034637451172,0.23151768743991852,-0.14575599133968353,0.04156969487667084,0.016076192259788513,-0.23151768743991852,0.14575599133968353,-0.04156969487667084,-0.016076192259788513,0.8494356274604797,0.9222795367240906,0.09441667795181274,-0.0037926435470581055,0.8051929473876953,1.455104112625122,-0.024753987789154053,-0.04969441890716553,-2.0063860416412354,1.876618504524231,0.09484052658081055,0.0010405778884887695,-1.4008420705795288,2.1676206588745117,0.02586185932159424,-0.05237460136413574
316,2.186284303665161,-4.959035396575928,-0.26131415367126465,0.45960140228271484,2.046839952468872,-5.1708478927612305,-0.2231884002685547,0.45545101165771484,1.7598559856414795,-5.103935718536377,-0.2587156295776367,0.4812617301940918,1.4155880212783813,-5.0097784996032715,-0.06849074363708496,0.4136972427368164,0.53537917137146,-4.710799217224121,-0.1540207862854004,0.44178199768066406,1.0777922868728638,-3.9273900985717773,-0.039167046546936035,0.21996068954467773,0.40773171186447144,-3.1850836277008057,-0.04151400923728943,0.2178487777709961,2.2301857471466064,-3.969061851501465,0.1616806983947754,0.09601879119873047,1.9392679929733276,-2.578967809677124,-0.09390079975128174,0.15995454788208008,2.370131731033325,-4.491532325744629,-0.05298256874084473,0.10442352294921875,2.262620449066162,-4.314549446105957,-0.12259221076965332,0.32730627059936523,0.22461295127868652,-0.135490283370018,-0.006904736161231995,0.010265707969665527,-0.22461295127868652,0.1354890912771225,0.006904736161231995,-0.010266900062561035,0.7418731451034546,0.9345276951789856,-0.10756248235702515,0.01224815845489502,0.7614914178848267,1.3969676494598389,-0.04370152950286865,-0.0581364631652832,-1.745125412940979,1.844321608543396,0.26126062870025635,-0.03229689598083496,-1.1974494457244873,2.0691397190093994,0.2033926248550415,-0.0984809398651123
317,1.960439682006836,-5.135921955108643,-0.2258446216583252,-0.17688655853271484,1.8542283773422241,-5.4728240966796875,-0.19261157512664795,-0.30197620391845703,1.5358984470367432,-5.382589340209961,-0.22395753860473633,-0.278653621673584,1.300467610359192,-5.516750812530518,-0.11512041091918945,-0.5069723129272461,0.30299726128578186,-5.2132697105407715,-0.2323819100856781,-0.5024704933166504,1.0113673210144043,-4.3132476806640625,-0.06642496585845947,-0.38585758209228516,0.2966032028198242,-3.613882303237915,-0.11112850904464722,-0.4287986755371094,2.100316047668457,-4.401766777038574,-0.12986969947814941,-0.4327049255371094,1.9336256980895996,-3.0391476154327393,-0.005642294883728027,-0.46017980575561523,2.4733567237854004,-5.183316707611084,0.1032249927520752,-0.6917843818664551,2.2607555389404297,-4.6909050941467285,-0.0018649101257324219,-0.3763556480407715,0.2797299921512604,-0.13129913806915283,0.05511704087257385,0.004191145300865173,-0.2797306478023529,0.13129913806915283,-0.05511769652366638,-0.0041899532079696655,1.0614100694656372,0.6616851091384888,0.3195369243621826,-0.2728425860404968,0.6818035840988159,1.1313472986221313,-0.07968783378601074,-0.2656203508377075,-1.4304447174072266,1.650451898574829,0.31468069553375244,-0.1938697099685669,-1.3942502737045288,2.037903308868408,-0.1968008279800415,-0.03123641014099121
318,1.4504302740097046,-4.189037322998047,-0.5100094079971313,0.9468846321105957,1.420411467552185,-4.52522087097168,-0.43381690979003906,0.9476032257080078,1.0621556043624878,-4.428255081176758,-0.47374284267425537,0.9543342590332031,1.0898979902267456,-4.645878314971924,-0.2105696201324463,0.8708724975585938,0.04171961918473244,-4.365132808685303,-0.2612776458263397,0.8481369018554688,0.8692087531089783,-3.6886508464813232,-0.14215856790542603,0.6245968341827393,0.052223704755306244,-3.1119918823242188,-0.24437949061393738,0.5018904209136963,1.825196623802185,-3.9096264839172363,-0.275119423866272,0.4921402931213379,1.5359233617782593,-2.854464292526245,-0.39770233631134033,0.18468332290649414,1.9853887557983398,-4.751468658447266,-0.48796796798706055,0.43184804916381836,1.849541425704956,-4.3634490966796875,-0.41121411323547363,0.327455997467041,0.32395365834236145,-0.10934135317802429,0.044223666191101074,0.02195778489112854,-0.32395365834236145,0.10934025049209595,-0.044223010540008545,-0.021958887577056885,0.9571588039398193,0.2802164554595947,-0.10425126552581787,-0.38146865367889404,0.2269616723060608,0.6623172163963318,-0.4548419117927551,-0.46903008222579956,-0.6939943432807922,1.1988804340362549,0.7364503741264343,-0.4515714645385742,-1.0470370054244995,1.542244791984558,0.3472132682800293,-0.4956585168838501
319,1.5535105466842651,-5.689845085144043,0.10308027267456055,-1.500807762145996,1.6219137907028198,-6.179383277893066,0.20150232315063477,-1.6541624069213867,1.0764154195785522,-6.155334949493408,0.014259815216064453,-1.7270798683166504,1.2406840324401855,-6.413599014282227,0.15078604221343994,-1.7677206993103027,-0.297420859336853,-6.358804702758789,-0.33914047479629517,-1.9936718940734863,0.7654528617858887,-4.986559867858887,-0.1037558913230896,-1.2979090213775635,-0.17920787632465363,-4.658511161804199,-0.23143157362937927,-1.5465192794799805,1.898712396621704,-4.707307815551758,0.07351577281951904,-0.7976813316345215,1.9344329833984375,-4.0990142822265625,0.3985096216201782,-1.2445499897003174,2.2300896644592285,-6.368612766265869,0.24470090866088867,-1.6171441078186035,2.1887047290802,-6.51703405380249,0.33916330337524414,-2.1535849571228027,0.3943050503730774,-0.06214674934744835,0.07035139203071594,0.04719460383057594,-0.39430463314056396,0.06214512884616852,-0.07035097479820251,-0.04719512164592743,0.9016900062561035,0.5312057137489319,-0.05546879768371582,0.25098925828933716,-0.01928630657494068,0.7628717422485352,-0.24624797701835632,0.10055452585220337,-0.7642142176628113,2.006483316421509,-0.07021987438201904,0.8076028823852539,-1.162829041481018,2.127220630645752,-0.11579203605651855,0.5849758386611938
320,0.9798370003700256,-4.700760364532471,-0.5736735463142395,0.9890847206115723,0.943675696849823,-5.029242515563965,-0.6782380938529968,1.1501407623291016,0.6871640682220459,-5.025440216064453,-0.38925135135650635,1.129894733428955,0.4907505214214325,-5.203071117401123,-0.7499334812164307,1.2105278968811035,-0.4368974566459656,-5.226944923400879,-0.13947659730911255,1.1318597793579102,0.3027671277523041,-4.139513969421387,-0.4626857340335846,0.8470458984375,-0.6788082122802734,-3.9484384059906006,-0.499600350856781,0.7100727558135986,1.3845995664596558,-4.039636135101318,-0.5141128301620483,0.6676716804504395,1.1945892572402954,-3.6131701469421387,-0.7398437261581421,0.48584413528442383,1.655380368232727,-5.398311614990234,-0.5747092962265015,0.9703011512756348,1.5900779962539673,-5.247598171234131,-0.5986267328262329,1.2694358825683594,0.37980756163597107,-0.036128778010606766,-0.014497488737106323,0.026017971336841583,-0.3798072636127472,0.036128778010606766,0.014497369527816772,-0.026016350835561752,0.1802881509065628,0.4252265393733978,-0.7214018702507019,-0.10597917437553406,-0.6065682172775269,0.5438731908798218,-0.5872818827629089,-0.21899855136871338,-0.7566031217575073,1.6312156915664673,0.007611095905303955,-0.3752676248550415,-0.7777987718582153,1.6029678583145142,0.38503026962280273,-0.5242527723312378
321,0.7338793277740479,-2.9966516494750977,-0.24595767259597778,1.704108715057373,0.6787720322608948,-3.06095290184021,-0.2649036645889282,1.9682896137237549,0.5108514428138733,-3.073526620864868,-0.1763126254081726,1.951913595199585,0.36959490180015564,-2.812173843383789,-0.12115561962127686,2.390897274017334,-0.1565886288881302,-2.7753798961639404,0.2803088426589966,2.4515650272369385,0.4626680016517639,-2.0394139289855957,0.15990087389945984,2.100100040435791,-0.5367539525032043,-2.0054190158843994,0.1420542597770691,1.9430193901062012,0.8741651773452759,-2.0516421794891357,-0.5104343891143799,1.9879939556121826,-0.22448068857192993,-1.825215458869934,-1.4190700054168701,1.7879546880722046,0.6162776350975037,-2.861605405807495,-1.0391027927398682,2.5367062091827393,0.3280443251132965,-2.4258337020874023,-1.2620337009429932,2.8217644691467285,0.3378521203994751,-0.009275464341044426,-0.04195544123649597,0.02685331366956234,-0.3378522992134094,0.009275464341044426,0.04195496439933777,-0.02685331366956234,0.10270502418279648,0.687873125076294,-0.07758312672376633,0.2626465857028961,-0.41784247756004333,0.7146289944648743,0.18872573971748352,0.1707558035850525,-0.3310682773590088,1.28081476688385,0.42553484439849854,-0.3504009246826172,-0.4627615809440613,1.3582701683044434,0.31503719091415405,-0.2446976900100708
322,2.2840254306793213,-8.948724746704102,1.5501461029052734,-5.952073097229004,2.0246939659118652,-9.081684112548828,1.3459219932556152,-6.020730972290039,1.8480267524719238,-9.202618598937988,1.3371753692626953,-6.129092216491699,0.7390919923782349,-8.359541893005371,0.3694970905780792,-5.547368049621582,0.305590957403183,-8.412712097167969,0.46217960119247437,-5.637331962585449,0.5552599430084229,-5.9943108558654785,0.09259194135665894,-3.954896926879883,-0.4447230100631714,-6.000146865844727,0.09203094244003296,-3.994727849960327,1.5868537425994873,-6.288564205169678,0.7126885652542114,-4.236922264099121,0.37730205059051514,-5.9081830978393555,0.6017827391624451,-4.082967758178711,2.024627447128296,-8.499784469604492,1.4083497524261475,-5.638178825378418,1.651376485824585,-7.982201099395752,1.3233321905136108,-5.55636739730835,0.36456143856048584,-0.022006621584296227,0.026709318161010742,-0.0127311572432518,-0.364562451839447,0.022006621584296227,-0.026710152626037598,0.0127311572432518,-0.1599358320236206,1.6940888166427612,-0.2626408636569977,1.0062156915664673,-0.6669337749481201,1.7800488471984863,-0.24909129738807678,1.0654199123382568,-0.8153374195098877,3.5761075019836426,-0.4842691421508789,2.295292854309082,-0.9466081261634827,3.7027535438537598,-0.4838465452194214,2.3444833755493164
323,0.639806866645813,-4.206140518188477,-1.6442185640335083,4.742584228515625,0.589002251625061,-4.250024795532227,-1.4356917142868042,4.831659317016602,0.4007456302642822,-4.304876804351807,-1.4472811222076416,4.897741794586182,0.2983528673648834,-3.8721764087677,-0.44073912501335144,4.48736572265625,-0.20745594799518585,-3.862616777420044,-0.51304692029953,4.550095558166504,0.45254838466644287,-2.770616054534912,-0.10271155834197998,3.2236948013305664,-0.5376465320587158,-2.630923271179199,-0.09292352199554443,3.3692235946655273,0.8602806925773621,-2.600100517272949,-0.7265730500221252,3.6884636878967285,-0.317775160074234,-2.2551498413085938,-0.6950771808624268,3.6530332565307617,0.601814866065979,-3.461416721343994,-1.422812581062317,5.038367748260498,0.14433389902114868,-3.2635669708251953,-1.507042646408081,4.718634128570557,0.32650455832481384,-0.0345287099480629,-0.038056880235672,-0.01252208836376667,-0.32650473713874817,0.03452793508768082,0.03805771470069885,0.01252131350338459,0.10562745481729507,0.44792085886001587,0.2655632793903351,-1.2461678981781006,-0.2705710232257843,0.5328176021575928,0.3963627517223358,-1.2472312450408936,-0.3486952483654022,1.2608497142791748,0.4666421711444855,-2.3152577877044678,-0.3011162281036377,1.2671421766281128,0.645491898059845,-2.4356112480163574
324,0.5828714370727539,-5.014047145843506,-0.05693542957305908,-0.8079066276550293,0.45138293504714966,-5.076067924499512,-0.13761931657791138,-0.8260431289672852,0.32480645179748535,-5.129107475280762,-0.07593917846679688,-0.8242306709289551,0.07629591971635818,-4.681839466094971,-0.22205695509910583,-0.8096630573272705,-0.3118099272251129,-4.658250331878662,-0.10435397922992706,-0.7956335544586182,0.3866477310657501,-3.305000066757202,-0.06590065360069275,-0.53438401222229,-0.6129077672958374,-3.275189161300659,-0.07526123523712158,-0.64426589012146,0.7454917430877686,-3.369795799255371,-0.1147889494895935,-0.7696952819824219,-0.06989399343729019,-3.3833017349243164,0.24788117408752441,-1.1281518936157227,0.8528697490692139,-4.337899684906006,0.25105488300323486,-0.8764829635620117,0.502488374710083,-4.535921573638916,0.3581544756889343,-1.2723546028137207,0.3613656759262085,-0.034720685333013535,0.03486111760139465,-0.00019197538495063782,-0.3613656759262085,0.03472157567739487,-0.03486093878746033,0.0001936405897140503,0.7503622770309448,0.26808762550354004,0.644734799861908,-0.17983323335647583,0.09342416375875473,0.416775643825531,0.36399519443511963,-0.11604195833206177,0.009438397362828255,0.8786144852638245,0.3581336438655853,-0.38223522901535034,-0.15338949859142303,1.1012691259384155,0.14772672951221466,-0.16587305068969727
325,0.5758637189865112,-4.280727386474609,-0.007007718086242676,0.7333197593688965,0.48820242285728455,-4.304649353027344,0.03681948781013489,0.771418571472168,0.28773272037506104,-4.325306415557861,-0.037073731422424316,0.8038010597229004,0.27148696780204773,-3.8763136863708496,0.19519105553627014,0.8055257797241211,-0.23185880482196808,-3.737999439239502,0.07995112240314484,0.9202508926391602,0.5026144981384277,-2.7071638107299805,0.11596676707267761,0.5978362560272217,-0.48262107372283936,-2.535959243774414,0.13028669357299805,0.7392299175262451,0.7085328698158264,-2.6801671981811523,-0.03695887327194214,0.6896286010742188,-0.24846892058849335,-2.450153112411499,-0.17857491970062256,0.9331486225128174,0.8334482312202454,-3.5704140663146973,-0.019421517848968506,0.7674856185913086,0.31281667947769165,-3.5939576625823975,-0.18967169523239136,0.9419639110565186,0.3365786671638489,-0.05695505440235138,-0.02478700876235962,-0.022234369069337845,-0.3365788459777832,0.056955788284540176,0.024786829948425293,0.02223421260714531,0.5611796975135803,0.11320304870605469,-0.1891825795173645,-0.15488457679748535,-0.10654255747795105,0.32041439414024353,-0.19996672868728638,-0.09636124968528748,0.33030325174331665,0.7586486339569092,0.32086485624313354,-0.11996585130691528,-0.006699590478092432,1.066825032234192,0.14668990671634674,-0.03444409370422363
326,0.48037102818489075,-3.992337703704834,-0.09549269080162048,0.2883896827697754,0.4036829471588135,-4.01008415222168,-0.08451947569847107,0.29456520080566406,0.18616576492786407,-4.006383419036865,-0.10156695544719696,0.3189229965209961,0.2464456707239151,-3.579974889755249,-0.02504129707813263,0.2963387966156006,-0.268100768327713,-3.385908365249634,-0.036241963505744934,0.35209107398986816,0.5007783770561218,-2.5156044960021973,-0.0018361210823059082,0.1915593147277832,-0.4647625684738159,-2.2553534507751465,0.017858505249023438,0.2806057929992676,0.7470316290855408,-2.5430009365081787,0.038498759269714355,0.13716626167297363,-0.3128274083137512,-2.1262152194976807,-0.06435848772525787,0.32393789291381836,0.7956275343894958,-3.315443754196167,-0.03782069683074951,0.2549703121185303,0.24328607320785522,-3.1883251667022705,-0.06953060626983643,0.40563249588012695,0.32295143604278564,-0.07086856663227081,-0.013627231121063232,-0.013913512229919434,-0.32295143604278564,0.07086856663227081,0.013627409934997559,0.013912778347730637,0.54924476146698,0.1997123658657074,-0.011934936046600342,0.08650931715965271,-0.10329841822385788,0.43914440274238586,0.00324413925409317,0.11873000860214233,0.3866877555847168,0.7877175807952881,0.056384503841400146,0.029068946838378906,-0.014011923223733902,1.1203866004943848,-0.00731233274564147,0.05356156826019287
327,0.32929205894470215,-3.7334506511688232,-0.1510789692401886,0.25888705253601074,0.2809958755970001,-3.7408080101013184,-0.12268707156181335,0.26927614212036133,0.021575123071670532,-3.7189760208129883,-0.16459064185619354,0.28740739822387695,0.21679818630218506,-3.2972354888916016,-0.02964748442173004,0.28273940086364746,-0.41893744468688965,-3.0515944957733154,-0.15083667635917664,0.33431386947631836,0.4045962989330292,-2.4327991008758545,-0.09618207812309265,0.08280539512634277,-0.47071099281311035,-1.9492321014404297,-0.005948424339294434,0.3061213493347168,0.7516406178474426,-2.6117172241210938,0.0046089887619018555,-0.06871628761291504,-0.5240453481674194,-1.4590448141098022,-0.2112179398536682,0.6671704053878784,0.7068573236465454,-3.208954334259033,-0.08877021074295044,0.10648941993713379,-0.29780349135398865,-1.9907711744308472,-0.5410895347595215,1.1975539922714233,0.2907460629940033,-0.09966110438108444,-0.03220537304878235,-0.02879253774881363,-0.29074588418006897,0.09966038167476654,0.032205551862716675,0.028791815042495728,0.468190461397171,0.655875027179718,-0.08105430006980896,0.4561626613140106,-0.09307544678449631,0.9038140773773193,0.010222971439361572,0.46466967463493347,0.3420720398426056,1.3082815408706665,-0.044615715742111206,0.5205639600753784,-0.30518656969070435,1.5706630945205688,-0.29117465019226074,0.4502764940261841
328,0.28661513328552246,-3.7392547130584717,-0.04267692565917969,-0.0058040618896484375,0.19968684017658234,-3.7502026557922363,-0.08130903542041779,-0.009394645690917969,0.011230802163481712,-3.7560973167419434,-0.01034432090818882,-0.03712129592895508,0.029822740703821182,-3.3637633323669434,-0.18697544932365417,-0.0665278434753418,-0.4878268241882324,-3.217127799987793,-0.06888937950134277,-0.16553330421447754,0.3199658691883087,-2.498079299926758,-0.08463042974472046,-0.06528019905090332,-0.6116654276847839,-2.134674549102783,-0.14095443487167358,-0.18544244766235352,0.8200535774230957,-2.8874971866607666,0.06841295957565308,-0.27577996253967285,-0.5038649439811707,-1.8196125030517578,0.02018040418624878,-0.36056768894195557,0.5828006267547607,-3.515768527984619,-0.12405669689178467,-0.30681419372558594,-0.23419100046157837,-2.247434377670288,0.06361249089241028,-0.2566632032394409,0.32048913836479187,-0.07551513612270355,0.029743075370788574,0.02414596825838089,-0.3204893171787262,0.07551586627960205,-0.029743432998657227,-0.02414451539516449,0.6683359742164612,0.7065353393554688,0.20014551281929016,0.05066031217575073,0.02807042934000492,0.8749114871025085,0.12114587426185608,-0.02890259027481079,0.26003244519233704,1.2669141292572021,-0.08203959465026855,-0.041367411613464355,-0.3614361584186554,1.4094245433807373,-0.05624958872795105,-0.16123855113983154
329,0.19444499909877777,-3.288743495941162,-0.09217013418674469,0.45051121711730957,0.08846152573823929,-3.2892370223999023,-0.11122531443834305,0.460965633392334,-0.08098761737346649,-3.2765400409698486,-0.09221842139959335,0.4795572757720947,-0.10797008872032166,-2.931722640991211,-0.13779282569885254,0.4320406913757324,-0.570229709148407,-2.731659412384033,-0.08240288496017456,0.48546838760375977,0.23665666580200195,-2.1945016384124756,-0.08330920338630676,0.3035776615142822,-0.6903635263442993,-1.8194901943206787,-0.07869809865951538,0.3151843547821045,0.6841862797737122,-2.412848711013794,-0.13586729764938354,0.47464847564697266,-0.39348429441452026,-1.5532106161117554,0.11038064956665039,0.26640188694000244,0.5124710202217102,-2.9810566902160645,-0.07032960653305054,0.5347118377685547,-0.21516115963459015,-1.9962339401245117,0.01902984082698822,0.25120043754577637,0.3112220764160156,-0.08021143823862076,-0.009267061948776245,-0.004696302115917206,-0.3112220764160156,0.08021143823862076,0.009267240762710571,0.004695571959018707,0.35901767015457153,0.4529959559440613,-0.30931830406188965,-0.25353938341140747,-0.24928273260593414,0.6634332537651062,-0.2773531675338745,-0.21147823333740234,0.05150054395198822,0.9925552606582642,-0.20853190124034882,-0.274358868598938,-0.2942362427711487,1.221022367477417,0.06719991564750671,-0.1884021759033203
330,0.12785372138023376,-3.2235968112945557,-0.066591277718544,0.06514668464660645,0.003763559740036726,-3.251929521560669,-0.08469796925783157,0.0373075008392334,-0.16984492540359497,-3.2038938999176025,-0.08885730803012848,0.0726461410522461,-0.17173071205615997,-2.9210972785949707,-0.06376062333583832,0.010625362396240234,-0.6625241637229919,-2.646383762359619,-0.09229445457458496,0.08527565002441406,0.21366749703884125,-2.1357064247131348,-0.022989168763160706,0.05879521369934082,-0.7081019282341003,-1.7479679584503174,-0.017738401889801025,0.07152223587036133,0.7176055312156677,-2.420356273651123,0.033419251441955566,-0.0075075626373291016,-0.3436632454395294,-1.7554126977920532,0.049821048974990845,-0.20220208168029785,0.5080737471580505,-2.9353480339050293,-0.004397273063659668,0.045708656311035156,-0.066085085272789,-2.512484073638916,0.14907607436180115,-0.5162501335144043,0.31640326976776123,-0.0896236002445221,0.0051811933517456055,-0.009412162005901337,-0.3164031207561493,0.0896236002445221,-0.005181044340133667,0.009412162005901337,0.6390919089317322,0.25442957878112793,0.28007423877716064,-0.19856637716293335,-0.06251132488250732,0.5186200737953186,0.18677140772342682,-0.1448131799697876,0.23729851841926575,0.6569420695304871,0.18579797446727753,-0.3356131911277771,-0.26276493072509766,0.9697649478912354,0.031471312046051025,-0.25125741958618164
331,0.21470864117145538,-3.2941598892211914,0.08685491979122162,-0.07056307792663574,0.05879993736743927,-3.306036949157715,0.05503637716174126,-0.0541074275970459,-0.08856005221605301,-3.2641818523406982,0.08128487318754196,-0.0602879524230957,-0.19224683940410614,-2.9459688663482666,-0.020516127347946167,-0.0248715877532959,-0.6174725294113159,-2.6684956550598145,0.045051634311676025,-0.022111892700195312,0.22365780174732208,-2.163731813430786,0.009990304708480835,-0.028025388717651367,-0.7012733221054077,-1.7835973501205444,0.006828606128692627,-0.03562939167022705,0.7368410229682922,-2.5293824672698975,0.01923549175262451,-0.10902619361877441,-0.30519601702690125,-1.9126051664352417,0.038467228412628174,-0.15719246864318848,0.48237648606300354,-3.023292064666748,-0.025697261095046997,-0.08794403076171875,-0.07202113419771194,-2.6640782356262207,-0.005936048924922943,-0.1515941619873047,0.3166918158531189,-0.08784285187721252,0.000288546085357666,0.0017807483673095703,-0.3166921138763428,0.08784285187721252,-0.00028899312019348145,-0.0017807483673095703,0.6014277338981628,0.061682648956775665,-0.037664175033569336,-0.19274693727493286,-0.11173827946186066,0.32970893383026123,-0.04922695457935333,-0.18891113996505737,0.182624951004982,0.5159029364585876,-0.05467356741428375,-0.14103913307189941,-0.25511136651039124,0.8391665816307068,0.007653564214706421,-0.13059836626052856
332,0.2030576765537262,-3.2903926372528076,-0.011650964617729187,0.003767251968383789,0.033405601978302,-3.307142972946167,-0.025394335389137268,-0.0011060237884521484,-0.076358862221241,-3.27077317237854,0.012201189994812012,-0.006591320037841797,-0.2630072832107544,-2.983891248703003,-0.07076044380664825,-0.03792238235473633,-0.6337843537330627,-2.736642599105835,-0.016311824321746826,-0.06814694404602051,0.1607857346534729,-2.246997833251953,-0.06287206709384918,-0.08326601982116699,-0.7593947649002075,-1.8555035591125488,-0.058121442794799805,-0.0719062089920044,0.798987090587616,-2.6582834720611572,0.06214606761932373,-0.12890100479125977,-0.2855866253376007,-2.008821725845337,0.019609391689300537,-0.09621655941009521,0.5095729827880859,-3.104968786239624,0.027196496725082397,-0.08167672157287598,-0.03751096874475479,-2.8155908584594727,0.03451016545295715,-0.15151262283325195,0.3197239935398102,-0.09045720100402832,0.003032177686691284,-0.002614349126815796,-0.3197241425514221,0.09045720100402832,-0.0030320286750793457,0.002614349126815796,0.5915356278419495,0.1163511797785759,-0.009892106056213379,0.05466853082180023,-0.11674622446298599,0.3855077624320984,-0.005007945001125336,0.05579882860183716,0.19898000359535217,0.6202722191810608,0.016355052590370178,0.10436928272247314,-0.24012038111686707,0.8820520043373108,0.01499098539352417,0.042885422706604004
333,0.24653050303459167,-3.576869010925293,0.04347282648086548,-0.28647637367248535,0.056945882737636566,-3.599276065826416,0.023540280759334564,-0.292133092880249,-0.02083873376250267,-3.5785961151123047,0.05552012845873833,-0.30782294273376465,-0.31669268012046814,-3.277261734008789,-0.053685396909713745,-0.29337048530578613,-0.6170336604118347,-3.0715816020965576,0.016750693321228027,-0.33493900299072266,0.13036829233169556,-2.466249942779541,-0.030417442321777344,-0.2192521095275879,-0.8010846376419067,-2.1023881435394287,-0.04168987274169922,-0.24688458442687988,0.839335024356842,-2.7963485717773438,0.040347933769226074,-0.13806509971618652,-0.14005133509635925,-2.2418248653411865,0.14553529024124146,-0.2330031394958496,0.5618039965629578,-3.215595006942749,0.052231013774871826,-0.110626220703125,0.15036699175834656,-3.1430130004882812,0.18787795305252075,-0.3274221420288086,0.3318788707256317,-0.08961880952119827,0.012154877185821533,0.0008383914828300476,-0.33187901973724365,0.08961950242519379,-0.012154877185821533,-0.0008376985788345337,0.6598387360572815,-0.0038483545649796724,0.06830310821533203,-0.1201995313167572,-0.11968213319778442,0.273008793592453,-0.0029359087347984314,-0.11249896883964539,0.28371140360832214,0.5452980399131775,0.08473140001296997,-0.0749741792678833,-0.1538555771112442,0.7781702876091003,0.08626480400562286,-0.10388171672821045
334,0.19739069044589996,-3.935420036315918,-0.04913981258869171,-0.358551025390625,-0.01885521411895752,-3.9440805912017822,-0.07580109685659409,-0.3448045253753662,-0.11850868910551071,-3.915569543838501,-0.09766995906829834,-0.3369734287261963,-0.4080101549625397,-3.5427334308624268,-0.09131747484207153,-0.2654716968536377,-0.7478769421577454,-3.284823417663574,-0.13084328174591064,-0.2132418155670166,0.10224436223506927,-2.6273648738861084,-0.028123930096626282,-0.16111493110656738,-0.8234935998916626,-2.249199390411377,-0.02240896224975586,-0.14681124687194824,0.9158062934875488,-3.054792881011963,0.07647126913070679,-0.25844430923461914,-0.10442330688238144,-2.5505034923553467,0.035628028213977814,-0.30867862701416016,0.615034818649292,-3.514984369277954,0.05323082208633423,-0.2993893623352051,0.1873151659965515,-3.516857385635376,0.036948174238204956,-0.3738443851470947,0.32633811235427856,-0.09148604422807693,-0.005540758371353149,-0.0018672347068786621,-0.32633793354034424,0.09148681908845901,0.005541086196899414,0.0018673166632652283,0.6976246237754822,-0.049251701682806015,0.037785887718200684,-0.04540334641933441,-0.051814135164022446,0.22802646458148956,0.06786799430847168,-0.04498232901096344,0.29375916719436646,0.5979613661766052,0.010047763586044312,0.052663326263427734,-0.15390455722808838,0.8650046586990356,-4.8980116844177246e-05,0.0868343710899353
335,0.18300795555114746,-4.590001106262207,-0.014382734894752502,-0.6545810699462891,-0.05377594381570816,-4.598780155181885,-0.03492072969675064,-0.6546995639801025,-0.17246463894844055,-4.570292949676514,-0.05395594984292984,-0.6547234058380127,-0.47172439098358154,-4.1359381675720215,-0.06371423602104187,-0.5932047367095947,-0.8322960138320923,-3.855175018310547,-0.08441907167434692,-0.5703516006469727,0.10337138921022415,-3.1242644786834717,0.0011270269751548767,-0.4968996047973633,-0.8071737289428711,-2.710855007171631,0.016319870948791504,-0.4616556167602539,1.0989701747894287,-3.753464937210083,0.18316388130187988,-0.6986720561981201,0.06333938241004944,-3.182326078414917,0.16776269674301147,-0.6318225860595703,0.6684433817863464,-4.322109699249268,0.05340856313705444,-0.8071253299713135,0.2825600802898407,-4.267252445220947,0.09524491429328918,-0.7503950595855713,0.31922629475593567,-0.09599115699529648,-0.0071118175983428955,-0.0045051127672195435,-0.31922608613967896,0.09599027782678604,0.007111847400665283,0.004503458738327026,0.8473587036132812,-0.24567127227783203,0.14973407983779907,-0.19641956686973572,0.1856866180896759,0.028972480446100235,0.23750075697898865,-0.19905398786067963,0.285045325756073,0.5813925862312317,-0.008713841438293457,-0.016568779945373535,-0.027920622378587723,0.8337892293930054,0.12598393857479095,-0.031215429306030273
336,0.1611405313014984,-5.5301361083984375,-0.021867424249649048,-0.9401350021362305,-0.11885357648134232,-5.605037212371826,-0.06507763266563416,-1.0062570571899414,-0.26545384526252747,-5.519434928894043,-0.09298920631408691,-0.9491419792175293,-0.6106969118118286,-5.1480631828308105,-0.13897252082824707,-1.012125015258789,-1.0339722633361816,-4.738496780395508,-0.20167624950408936,-0.8833217620849609,0.029392294585704803,-3.9128077030181885,-0.07397909462451935,-0.7885432243347168,-0.8236042857170105,-3.3908913135528564,-0.016430556774139404,-0.6800363063812256,1.318970799446106,-4.6490397453308105,0.22000062465667725,-0.8955748081207275,0.24828383326530457,-3.965182065963745,0.18494445085525513,-0.7828559875488281,0.8487626910209656,-5.376115322113037,0.18031930923461914,-1.0540056228637695,0.5299867987632751,-5.360241413116455,0.24742671847343445,-1.0929889678955078,0.31428465247154236,-0.1200195848941803,-0.0049416422843933105,-0.02402842789888382,-0.3142852187156677,0.12002072483301163,0.0049408674240112305,0.024030447006225586,1.0396347045898438,0.12256035953760147,0.1922760009765625,0.3682316243648529,0.42404672503471375,0.47393515706062317,0.23836010694503784,0.44496268033981323,0.30539247393608093,1.0689641237258911,0.020347148180007935,0.4875715374946594,-0.09952659904956818,1.472840666770935,-0.07160598039627075,0.6390514373779297
337,0.04642797261476517,-5.754971027374268,-0.11471255868673325,-0.22483491897583008,-0.2533319592475891,-5.857491493225098,-0.1344783902168274,-0.2524542808532715,-0.36858901381492615,-5.770337104797363,-0.10313516855239868,-0.2509021759033203,-0.8007364869117737,-5.445234775543213,-0.19003957509994507,-0.29717159271240234,-1.1881762742996216,-5.061694145202637,-0.15420401096343994,-0.3231973648071289,-0.12500977516174316,-4.180750370025635,-0.15440207719802856,-0.2679426670074463,-0.9714668393135071,-3.6482932567596436,-0.14786255359649658,-0.2574019432067871,1.2953869104385376,-4.9793901443481445,-0.02358388900756836,-0.330350399017334,0.28316792845726013,-4.259647846221924,0.034884095191955566,-0.2944657802581787,0.8551939725875854,-5.792518615722656,0.006431281566619873,-0.41640329360961914,0.5398404002189636,-5.779642105102539,0.009853601455688477,-0.419400691986084,0.32845526933670044,-0.12735790014266968,0.014170616865158081,-0.00733831524848938,-0.3284558653831482,0.1273566484451294,-0.014170646667480469,0.007335923612117767,1.2176417112350464,0.25928592681884766,0.17800700664520264,0.13672557473182678,0.4816468358039856,0.6278165578842163,0.05760011076927185,0.15388140082359314,0.3799059987068176,1.2566757202148438,0.0745135247707367,0.18771159648895264,-0.19255366921424866,1.6431097984313965,-0.09302707016468048,0.17026913166046143
338,0.20770131051540375,-5.369142055511475,0.16127333045005798,0.38582897186279297,-0.07731400430202484,-5.448612689971924,0.17601795494556427,0.40887880325317383,-0.19705556333065033,-5.361099720001221,0.17153345048427582,0.4092373847961426,-0.5839833617210388,-5.00829553604126,0.21675312519073486,0.4369392395019531,-0.9431558847427368,-4.60517692565918,0.24502038955688477,0.45651721954345703,0.06381954252719879,-3.7492923736572266,0.18882931768894196,0.4314579963684082,-0.8081187605857849,-3.259676456451416,0.16334807872772217,0.38861680030822754,1.2459194660186768,-4.218945026397705,-0.04946744441986084,0.7604451179504395,0.2375757247209549,-3.632216453552246,-0.04559220373630524,0.6274313926696777,0.8184844255447388,-4.835265636444092,-0.03670954704284668,0.9572529792785645,0.5294873714447021,-4.9149699211120605,-0.010353028774261475,0.8646721839904785,0.3238181173801422,-0.11814887076616287,-0.0046371519565582275,0.009209029376506805,-0.3238178491592407,0.11814996600151062,0.004638016223907471,-0.009206682443618774,1.0937552452087402,0.1988157480955124,-0.12388646602630615,-0.060470178723335266,0.3978154957294464,0.5654755234718323,-0.08383134007453918,-0.06234103441238403,0.3425777852535248,1.117281436920166,-0.03732821345329285,-0.13939428329467773,-0.14164677262306213,1.5636942386627197,0.05090689659118652,-0.07941555976867676
339,0.3931533992290497,-7.086580276489258,0.18545208871364594,-1.7174382209777832,-0.011035856790840626,-7.196345806121826,0.06627814471721649,-1.7477331161499023,-0.12802128493785858,-7.072695732116699,0.06903427839279175,-1.7115960121154785,-0.7686488628387451,-6.632750988006592,-0.1846655011177063,-1.624455451965332,-1.080751895904541,-6.083972930908203,-0.1375960111618042,-1.4787960052490234,-0.020919663831591606,-5.025156497955322,-0.08473920822143555,-1.2758641242980957,-0.7831248044967651,-4.37782096862793,0.024993956089019775,-1.1181445121765137,1.6792500019073486,-5.721956253051758,0.4333305358886719,-1.5030112266540527,0.5997616052627563,-4.963850498199463,0.36218589544296265,-1.3316340446472168,1.2166335582733154,-6.579212188720703,0.39814913272857666,-1.7439465522766113,0.7896832823753357,-6.691517353057861,0.26019591093063354,-1.7765474319458008,0.2918277680873871,-0.15512041747570038,-0.03199034929275513,-0.036971546709537506,-0.2918270230293274,0.15512041747570038,0.03199082612991333,0.03697045147418976,1.4226409196853638,0.10109099745750427,0.32888567447662354,-0.09772475063800812,0.825666606426239,0.5716481804847717,0.4278511106967926,0.006172657012939453,0.5000704526901245,1.3997957706451416,0.15749266743659973,0.2825143337249756,0.013144051656126976,1.9889557361602783,0.15479081869125366,0.4252614974975586
340,0.290208101272583,-6.262809753417969,-0.10294529795646667,0.8237705230712891,-0.06376130878925323,-6.378800868988037,-0.052725452929735184,0.8175449371337891,-0.17732574045658112,-6.266327857971191,-0.049304455518722534,0.8063678741455078,-0.757351815700531,-5.92580509185791,0.011297047138214111,0.7069458961486816,-1.1071618795394897,-5.434976100921631,-0.02640998363494873,0.6489968299865723,-0.15862564742565155,-4.537737846374512,-0.1377059817314148,0.48741865158081055,-0.9091531038284302,-3.8768982887268066,-0.12602829933166504,0.500922679901123,1.3217273950576782,-5.076012134552002,-0.3575226068496704,0.6459441184997559,0.3085055649280548,-4.220447540283203,-0.29125604033470154,0.7434029579162598,1.0503557920455933,-5.766005516052246,-0.16627776622772217,0.813206672668457,0.5421046018600464,-5.8299784660339355,-0.2475786805152893,0.8615388870239258,0.28558844327926636,-0.16546717286109924,-0.0062393248081207275,-0.010346755385398865,-0.2855887711048126,0.16546717286109924,0.0062382519245147705,0.010346755385398865,1.2699514627456665,0.050163932144641876,-0.15268945693969727,-0.050927065312862396,0.7034015655517578,0.5398777723312378,-0.1222650408744812,-0.031770408153533936,0.4723864793777466,1.1708744764328003,-0.02768397331237793,-0.2289212942123413,0.04989835247397423,1.7091732025146484,0.0367543026804924,-0.2797825336456299
341,1.3764307498931885,-18.506874084472656,1.0862226486206055,-12.244064331054688,0.3552575409412384,-18.859193801879883,0.41901886463165283,-12.480392456054688,0.13571667671203613,-18.644222259521484,0.31304240226745605,-12.377894401550293,-1.9850317239761353,-17.64389991760254,-1.227679967880249,-11.718094825744629,-2.3023746013641357,-16.509628295898438,-1.195212721824646,-11.074651718139648,-1.0886454582214355,-13.498727798461914,-0.9300197958946228,-8.960989952087402,-1.0248019695281982,-12.500768661499023,-0.11564886569976807,-8.623870849609375,3.0076074600219727,-15.082995414733887,1.6858800649642944,-10.006982803344727,2.6732676029205322,-14.505785942077637,2.3647620677948,-10.285338401794434,4.119750022888184,-17.784626007080078,3.069394111633301,-12.018620491027832,2.539224147796631,-18.63500213623047,1.9971195459365845,-12.805023193359375,0.020496752113103867,-0.3014712929725647,-0.2650916874408722,-0.13600412011146545,-0.020496752113103867,0.3014712929725647,0.26509201526641846,0.13600412011146545,2.906583786010742,-1.6024448871612549,1.6366323232650757,-1.652608871459961,3.3731226921081543,-0.7131452560424805,2.6697211265563965,-1.2530230283737183,0.8406467437744141,2.636451482772827,0.3682602643966675,1.4655770063400269,1.6736183166503906,4.1230244636535645,1.6237199306488037,2.413851261138916
342,0.750770628452301,-11.269915580749512,-0.6256601214408875,7.2369585037231445,0.2191619575023651,-11.467930793762207,-0.1360955834388733,7.391263008117676,-0.055562619119882584,-11.342671394348145,-0.19127929210662842,7.30155086517334,-0.905456006526947,-10.654134750366211,1.079575777053833,6.989765167236328,-1.5312246084213257,-9.96126651763916,0.7711499929428101,6.548361778259277,-0.1959325075149536,-8.11856460571289,0.8927129507064819,5.380163192749023,-0.9502555131912231,-7.462060928344727,0.0745464563369751,5.038707733154297,1.892247200012207,-9.10043716430664,-1.1153602600097656,5.982558250427246,1.145745873451233,-8.61487865447998,-1.5275217294692993,5.890907287597656,2.110060930252075,-10.65808391571045,-2.0096890926361084,7.126542091369629,1.3663482666015625,-11.092109680175781,-1.1728758811950684,7.5428924560546875,0.280469685792923,-0.20242467522621155,0.2599729299545288,0.09904661774635315,-0.2804691195487976,0.20242467522621155,-0.25997236371040344,-0.09904661774635315,2.394138813018799,-1.2003841400146484,-0.5124449729919434,0.40206074714660645,2.1798431873321533,-0.593791663646698,-1.193279504776001,0.11935359239578247,0.5696521997451782,1.2024903297424316,-0.27099454402923584,-1.4339611530303955,0.9225870370864868,2.1467642784118652,-0.7510312795639038,-1.9762601852416992
343,0.17381547391414642,-8.735740661621094,-0.5769551396369934,2.534174919128418,-0.2741440236568451,-8.925857543945312,-0.4933059811592102,2.5420732498168945,-0.42985275387763977,-8.794057846069336,-0.3742901384830475,2.5486135482788086,-1.1818056106567383,-8.354815483093262,-0.27634960412979126,2.299319267272949,-1.6642009019851685,-7.841607570648193,-0.13297629356384277,2.119658946990967,-0.5070239901542664,-6.453709125518799,-0.31109148263931274,1.6648554801940918,-1.2906692028045654,-5.832500457763672,-0.3404136896133423,1.6295604705810547,1.1212636232376099,-7.592432975769043,-0.7709835767745972,1.5080041885375977,0.2913593351840973,-6.890324592590332,-0.854386568069458,1.7245540618896484,1.4083657264709473,-8.747793197631836,-0.7016952037811279,1.9102907180786133,0.8123515844345093,-9.043375015258789,-0.5539966821670532,2.048734664916992,0.3208072781562805,-0.21415607631206512,0.040337592363357544,-0.011731401085853577,-0.3208072781562805,0.21415607631206512,-0.04033815860748291,0.011731401085853577,2.8778445720672607,-0.21914635598659515,0.4837057590484619,0.9812377691268921,2.1463003158569336,0.43780648708343506,-0.03354287147521973,1.0315980911254883,0.44591382145881653,1.5114156007766724,-0.1237383782863617,0.3089252710342407,-0.19127674400806427,2.328786611557007,-1.1138638257980347,0.1820223331451416
344,1.496188759803772,-26.619016647338867,1.3223732709884644,-17.883275985717773,0.1673855483531952,-27.166484832763672,0.4415295720100403,-18.24062728881836,0.07411935180425644,-27.124515533447266,0.5039721131324768,-18.33045768737793,-3.1927502155303955,-25.77487564086914,-2.0109446048736572,-17.420059204101562,-3.1940200328826904,-24.996997833251953,-1.529819130897522,-17.1553897857666,-2.2412617206573486,-19.939708709716797,-1.7342376708984375,-13.486000061035156,-1.3508814573287964,-19.4844913482666,-0.06021225452423096,-13.65199089050293,2.6221697330474854,-23.570310592651367,1.5009061098098755,-15.977877616882324,3.8757410049438477,-24.019794464111328,3.584381580352783,-17.129470825195312,4.849167823791504,-28.473501205444336,3.4408020973205566,-19.7257080078125,3.169163465499878,-29.903244018554688,2.356812000274658,-20.8598690032959,-0.2225610911846161,-0.2643953263759613,-0.5433683395385742,-0.05023925006389618,0.22255823016166687,0.26440104842185974,0.543365478515625,0.05024497210979462,4.787497520446777,-3.6810808181762695,1.9096529483795166,-3.4619345664978027,6.2445573806762695,-2.9354259967803955,4.098257064819336,-3.373232364654541,0.23558782041072845,3.3053276538848877,-0.21032600104808807,1.7939120531082153,2.9375622272491455,4.770984649658203,3.1288390159606934,2.4421980381011963
345,0.7503467798233032,-10.069653511047363,-0.7458419799804688,16.549362182617188,0.16864635050296783,-10.196656227111816,0.001260802149772644,16.969829559326172,0.08333893120288849,-10.15722370147705,0.00921957939863205,16.96729278564453,-1.1641857624053955,-9.46626091003418,2.028564453125,16.30861473083496,-1.356177806854248,-8.989311218261719,1.8378422260284424,16.007686614990234,-0.3396681249141693,-7.428768157958984,1.901593565940857,12.510940551757812,-1.1229257583618164,-6.807070732116699,0.22795569896697998,12.677420616149902,1.5746774673461914,-9.103730201721191,-1.047492265701294,14.466580390930176,0.5552485585212708,-8.386641502380371,-3.3204925060272217,15.633152961730957,1.2252525091171265,-10.56928825378418,-3.623915195465088,17.904212951660156,0.9269528388977051,-10.842151641845703,-2.242210626602173,19.061092376708984,0.2925346791744232,-0.17842480540275574,0.5150957703590393,0.08597052097320557,-0.29253363609313965,0.17842480540275574,-0.5150918960571289,-0.085976243019104,1.6887202262878418,-2.2483901977539062,-3.0987772941589355,1.4326906204223633,1.2155908346176147,-1.7270170450210571,-5.028966426849365,1.2084089517593384,-0.07508383691310883,0.8012612462043762,-0.3106716573238373,-2.5040664672851562,0.15464378893375397,1.390470027923584,-2.7829184532165527,-3.380514621734619
346,0.555999755859375,-8.015166282653809,-0.19434702396392822,2.0544872283935547,0.12682731449604034,-8.172986030578613,-0.04181903600692749,2.023670196533203,0.21219030022621155,-8.200461387634277,0.12885136902332306,1.9567623138427734,-1.0692882537841797,-7.7983479499816895,0.09489750862121582,1.6679129600524902,-0.6767667531967163,-7.654040336608887,0.6794110536575317,1.335270881652832,-0.9929725527763367,-6.121570587158203,-0.6533044576644897,1.3071975708007812,0.0011433736653998494,-6.013248920440674,1.124069094657898,0.7938218116760254,0.45337656140327454,-7.594498634338379,-1.1213009357452393,1.5092315673828125,1.3118499517440796,-7.6433329582214355,0.7566013932228088,0.7433085441589355,1.270222544670105,-9.147522926330566,0.044970035552978516,1.4217653274536133,1.042458176612854,-9.483013153076172,0.11550533771514893,1.3591384887695312,-0.3127549886703491,-0.06593426316976547,-0.6052896976470947,0.11249054223299026,0.3127545416355133,0.06593426316976547,0.6052881479263306,-0.11249054223299026,1.0377967357635498,-1.3304555416107178,-0.650923490524292,0.9179346561431885,2.0139684677124023,-1.1877262592315674,0.7983776330947876,0.5392907857894897,-0.25803571939468384,0.9833065271377563,-0.182951882481575,0.18204528093338013,0.7894671559333801,1.251035451889038,0.6348233819007874,-0.1394345760345459
347,0.5503671169281006,-6.608673095703125,-0.005632638931274414,1.4064931869506836,0.2064637988805771,-6.748174667358398,0.07963648438453674,1.4248113632202148,0.30562418699264526,-6.7835588455200195,0.09343388676643372,1.4169025421142578,-0.8333629965782166,-6.489441394805908,0.23592525720596313,1.3089065551757812,-0.4233535826206207,-6.402120113372803,0.2534131705760956,1.251920223236084,-0.907223105430603,-5.112896919250488,0.08574944734573364,1.0086736679077148,0.08886885643005371,-5.0245747566223145,0.08772548288106918,0.9886741638183594,0.28895556926727295,-6.393422603607178,-0.1644209921360016,1.2010760307312012,1.227268934249878,-6.430496692657471,-0.08458101749420166,1.2128362655639648,1.241624355316162,-7.667749404907227,-0.02859818935394287,1.4797735214233398,1.0782148838043213,-7.935772895812988,0.035756707191467285,1.5472402572631836,-0.30654993653297424,-0.05791953206062317,0.006205052137374878,0.008014731109142303,0.3065495789051056,0.05791953206062317,-0.006204962730407715,-0.008014731109142303,0.7754172086715698,-0.9845759272575378,-0.26237952709198,0.34587961435317993,1.5644291639328003,-0.8675404191017151,-0.44953930377960205,0.3201858401298523,0.016810987144708633,0.9080665111541748,0.2748467028141022,-0.07524001598358154,0.7977970838546753,1.1001101732254028,0.008329927921295166,-0.15092527866363525
348,0.3747658133506775,-4.3935394287109375,-0.1756013035774231,2.2151336669921875,0.16108861565589905,-4.491056442260742,-0.04537518322467804,2.2571182250976562,0.22002848982810974,-4.526797294616699,-0.08559569716453552,2.2567615509033203,-0.568012535572052,-4.323899745941162,0.26535046100616455,2.165541648864746,-0.2615855038166046,-4.292101860046387,0.1617680788040161,2.110018253326416,-0.7872770428657532,-3.339271306991577,0.11994606256484985,1.7736256122589111,0.20975348353385925,-3.416278600692749,0.12088462710380554,1.6082961559295654,-0.11073746532201767,-3.954068899154663,-0.3996930420398712,2.4393537044525146,0.9380626678466797,-4.303465366363525,-0.28920626640319824,2.1270313262939453,0.8079246282577515,-4.983407497406006,-0.43369972705841064,2.6843419075012207,0.7290478348731995,-5.272587776184082,-0.3491670489311218,2.6631851196289062,-0.3218441307544708,-0.01578482799232006,-0.015294194221496582,0.04213470220565796,0.3218441307544708,0.01578482799232006,0.015294551849365234,-0.04213470220565796,0.46224427223205566,-0.5287051796913147,-0.31317293643951416,0.45587074756622314,1.2950223684310913,-0.5408687591552734,-0.269406795501709,0.32667165994644165,0.05701065436005592,0.6212085485458374,0.04019966721534729,-0.2868579626083374,0.7802215814590454,0.7350413799285889,-0.017575502395629883,-0.36506879329681396
349,0.3739487826824188,-5.308516502380371,-0.000817030668258667,-0.9149770736694336,0.09373478591442108,-5.38773775100708,-0.06735382974147797,-0.8966813087463379,0.14974139630794525,-5.416034698486328,-0.07028709352016449,-0.8892374038696289,-0.7917050123214722,-5.103338241577148,-0.22369247674942017,-0.7794384956359863,-0.468576580286026,-4.99432373046875,-0.2069910764694214,-0.7022218704223633,-0.9525704383850098,-3.9972572326660156,-0.1652933955192566,-0.6579859256744385,0.04477575421333313,-3.924452066421509,-0.16497772932052612,-0.5081734657287598,-0.12523917853832245,-4.719543933868408,-0.014501713216304779,-0.7654750347137451,0.9551696181297302,-4.77366828918457,0.017106950283050537,-0.4702029228210449,0.9887449741363525,-5.856005668640137,0.18082034587860107,-0.8725981712341309,0.8264726996421814,-5.924490451812744,0.09742486476898193,-0.6519026756286621,-0.3127386271953583,-0.05358751863241196,0.009105503559112549,-0.03780268877744675,0.3127380609512329,0.05358866974711418,-0.009106069803237915,0.03780384361743927,0.5809979438781738,-0.6509124040603638,0.11875367164611816,-0.12220722436904907,1.3053209781646729,-0.5604785084724426,0.010298609733581543,-0.01960974931716919,0.07752789556980133,0.7093495726585388,0.020517241209745407,0.08814102411270142,0.6493929624557495,0.925847053527832,-0.1308286190032959,0.19080567359924316
350,0.48929527401924133,-6.789318084716797,0.11534649133682251,-1.4808015823364258,0.11261135339736938,-6.900319576263428,0.018876567482948303,-1.5125818252563477,0.1872788667678833,-6.907749176025391,0.03753747045993805,-1.4917144775390625,-0.9772341251373291,-6.503985404968262,-0.18552911281585693,-1.4006471633911133,-0.6366831660270691,-6.364803791046143,-0.1681065857410431,-1.3704800605773926,-1.0712342262268066,-4.985487937927246,-0.11866378784179688,-0.9882307052612305,-0.07311846315860748,-4.924129009246826,-0.11789421737194061,-0.9996769428253174,-0.022795459255576134,-5.884509086608887,0.10244371742010117,-1.1649651527404785,1.102676510810852,-6.072037696838379,0.14750689268112183,-1.2983694076538086,1.3106993436813354,-7.231584072113037,0.3219543695449829,-1.3755784034729004,1.1030662059783936,-7.613000869750977,0.27659350633621216,-1.6885104179382324,-0.2880057990550995,-0.08588360249996185,0.02473282814025879,-0.032296083867549896,0.28800544142723083,0.08588213473558426,-0.024732619524002075,0.03229346498847008,1.609897494316101,-0.14873003959655762,1.0288995504379272,0.5021823644638062,2.106189489364624,0.07807759940624237,0.8008685111999512,0.6385561227798462,0.28821930289268494,1.3768064975738525,0.2106914073228836,0.6674569249153137,0.3325834274291992,1.7891916036605835,-0.3168095350265503,0.8633445501327515
351,0.7657581567764282,-11.397552490234375,0.2764628827571869,-4.608234405517578,0.13164053857326508,-11.593680381774902,0.01902918517589569,-4.693360805511475,0.23609471321105957,-11.578129768371582,0.04881584644317627,-4.670380592346191,-1.6062551736831665,-10.839582443237305,-0.6290210485458374,-4.335597038269043,-1.1694306135177612,-10.668021202087402,-0.5327474474906921,-4.30321741104126,-1.4219303131103516,-8.3765869140625,-0.3506960868835449,-3.391098976135254,-0.4548913240432739,-8.121959686279297,-0.38177287578582764,-3.1978306770324707,0.8131256699562073,-10.540416717529297,0.8359211087226868,-4.65590763092041,1.6399835348129272,-10.290512084960938,0.5373070240020752,-4.218474388122559,2.2564117908477783,-12.798192024230957,0.9457124471664429,-5.56660795211792,2.0602266788482666,-13.361239433288574,0.957160472869873,-5.748238563537598,-0.2679769694805145,-0.19890964031219482,0.02002882957458496,-0.11302603781223297,0.2679756283760071,0.19891229271888733,-0.020029813051223755,0.11303015798330307,3.84195613861084,0.12804009020328522,2.232058525085449,0.27677011489868164,4.546271324157715,0.7219179272651672,2.440081834793091,0.6438403129577637,0.2141299992799759,3.1310484409332275,-0.07408930361270905,1.754241943359375,0.5406883955001831,3.836597442626953,0.2081049680709839,2.04740571975708
352,0.8202372789382935,-8.812727928161621,0.054479122161865234,2.584824562072754,0.36201900243759155,-8.946185111999512,0.23037846386432648,2.6474952697753906,0.38556531071662903,-8.984888076782227,0.14947059750556946,2.5932416915893555,-0.9247679114341736,-8.430017471313477,0.6814872622489929,2.409564971923828,-0.7903046607971191,-8.364094734191895,0.3791259527206421,2.303926467895508,-1.1220685243606567,-6.457610607147217,0.2998617887496948,1.9189763069152832,-0.13304106891155243,-6.605342388153076,0.3218502402305603,1.5166172981262207,0.2692640423774719,-7.839848041534424,-0.5438616275787354,2.700568675994873,1.5421329736709595,-8.460943222045898,-0.09785056114196777,1.829568862915039,1.8324825763702393,-9.828818321228027,-0.42392921447753906,2.9693737030029297,1.61186945438385,-10.572072982788086,-0.4483572244644165,2.7891664505004883,-0.2707393169403076,-0.0694049820303917,-0.002762347459793091,0.12950465083122253,0.2707403004169464,0.0694049820303917,0.002764672040939331,-0.12950730323791504,2.3638787269592285,-0.33019495010375977,-1.4780774116516113,-0.4582350254058838,2.804365634918213,-0.14529596269130707,-1.741905689239502,-0.8672139048576355,0.5168496370315552,1.9081372022628784,0.3027196526527405,-1.2229112386703491,0.4322933256626129,2.33089280128479,-0.10839506983757019,-1.505704641342163
353,1.056061029434204,-8.569546699523926,0.23582375049591064,0.2431812286376953,0.5972492694854736,-8.740439414978027,0.23523026704788208,0.20574569702148438,0.6968677639961243,-8.834229469299316,0.31130245327949524,0.15065860748291016,-0.7791928052902222,-8.395567893981934,0.14557510614395142,0.03444957733154297,-0.5412572622299194,-8.457633018493652,0.2490473985671997,-0.09353828430175781,-1.0982567071914673,-6.485798358917236,0.023811817169189453,-0.02818775177001953,-0.106831394135952,-6.6164727210998535,0.026209674775600433,-0.011130332946777344,0.5422865152359009,-7.571362018585205,0.27302247285842896,0.26848602294921875,1.3587692975997925,-7.969401836395264,-0.183363676071167,0.49154138565063477,2.1295571327209473,-9.406890869140625,0.297074556350708,0.42192745208740234,1.6273505687713623,-10.00130844116211,0.015481114387512207,0.5707645416259766,-0.29804494976997375,-0.05894215777516365,-0.027305632829666138,0.010462824255228043,0.2980458736419678,0.05894215777516365,0.027305573225021362,-0.010462824255228043,1.6385374069213867,-1.7316333055496216,-0.7253413200378418,-1.4014383554458618,2.3329968452453613,-1.6306025981903076,-0.47136878967285156,-1.4853066205978394,-0.0038843080401420593,0.8505896329879761,-0.5207339525222778,-1.0575475692749023,0.3989677131175995,0.9701428413391113,-0.03332561254501343,-1.3607499599456787
354,1.3271201848983765,-9.11453914642334,0.27105915546417236,-0.5449924468994141,0.8543296456336975,-9.292981147766113,0.2570803761482239,-0.5525417327880859,0.9100383520126343,-9.36979866027832,0.21317058801651,-0.5355691909790039,-0.6065883636474609,-8.910633087158203,0.17260444164276123,-0.5150651931762695,-0.5499680042266846,-8.905557632446289,-0.008710741996765137,-0.4479246139526367,-1.1075408458709717,-6.944909572601318,-0.009284138679504395,-0.45911121368408203,-0.1194465160369873,-6.791060447692871,-0.012615121901035309,-0.17458772659301758,0.655468225479126,-8.095107078552246,0.1131817102432251,-0.523745059967041,1.60178804397583,-7.798467636108398,0.2430187463760376,0.17093420028686523,2.082371473312378,-10.14218521118164,-0.047185659408569336,-0.7352943420410156,1.758007526397705,-10.246374130249023,0.13065695762634277,-0.24506568908691406,-0.2974473237991333,-0.116933673620224,0.0005976259708404541,-0.05799151584506035,0.2974463105201721,0.11693166196346283,-0.0005995631217956543,0.05798950418829918,1.959568738937378,-1.0923572778701782,0.3210313320159912,0.6392760276794434,2.869943857192993,-0.8706580996513367,0.5369470119476318,0.759944498538971,0.08306556195020676,1.227895975112915,0.08694986999034882,0.37730634212493896,0.7093496322631836,1.324873685836792,0.3103819191455841,0.35473084449768066
355,1.7040389776229858,-14.594279289245605,0.3769187927246094,-5.479740142822266,1.0354541540145874,-14.963003158569336,0.1811245083808899,-5.670022010803223,0.9500818848609924,-15.00522518157959,0.040043532848358154,-5.6354265213012695,-0.8232778906822205,-14.432601928710938,-0.21668952703475952,-5.521968841552734,-1.4726228713989258,-14.342429161071777,-0.9226548671722412,-5.436871528625488,-0.7627830505371094,-11.496794700622559,0.3447577953338623,-4.55188512802124,-1.5075123310089111,-10.829427719116211,-1.3880658149719238,-4.03836727142334,2.3210289478302,-13.077309608459473,1.6655607223510742,-4.982202529907227,2.140153408050537,-11.56371784210205,0.538365364074707,-3.7652502059936523,3.0156402587890625,-16.07183837890625,0.9332687854766846,-5.929653167724609,2.5532965660095215,-15.623104095458984,0.7952890396118164,-5.376729965209961,0.32017916440963745,-0.26226046681404114,0.6176264882087708,-0.14532679319381714,-0.3201807737350464,0.262263685464859,-0.6176270842552185,0.14533202350139618,4.162753105163574,-2.3387837409973145,2.2031843662261963,-1.2464264631271362,3.7838711738586426,-1.678501009941101,0.9139273166656494,-0.8078429102897644,0.37647953629493713,1.7903753519058228,0.2934139668941498,0.5624793767929077,0.9288685917854309,2.0286004543304443,0.21951895952224731,0.7037267684936523
356,2.724510431289673,-21.64634895324707,1.020471453666687,-7.052069664001465,1.602123498916626,-22.14306640625,0.5666693449020386,-7.180063247680664,1.502808690071106,-22.077287673950195,0.5527268052101135,-7.0720624923706055,-1.4198306798934937,-21.120222091674805,-0.5965527892112732,-6.687620162963867,-2.0189449787139893,-20.53433609008789,-0.5463221073150635,-6.191906929016113,-1.7095593214035034,-16.42586326599121,-0.946776270866394,-4.929068565368652,-1.4554065465927124,-15.458699226379395,0.05210578441619873,-4.629271507263184,2.4094455242156982,-17.221786499023438,0.08841657638549805,-4.144476890563965,3.7500200271606445,-15.883000373840332,1.6098666191101074,-4.319282531738281,4.658805847167969,-21.921340942382812,1.6431655883789062,-5.8495025634765625,4.097850799560547,-22.36642074584961,1.5445542335510254,-6.743316650390625,0.06550532579421997,-0.407370924949646,-0.2546738386154175,-0.14511045813560486,-0.0655076876282692,0.407370924949646,0.2546730935573578,0.145107239484787,6.095450401306152,-2.404594898223877,1.9326972961425781,-0.0658111572265625,5.502562999725342,-1.3072396516799927,1.7186918258666992,0.3712613582611084,1.9667490720748901,2.44468355178833,1.5902695655822754,0.6543081998825073,1.117621660232544,3.4562742710113525,0.18875306844711304,1.4276738166809082
357,1.0341492891311646,-11.24352741241455,-1.6903611421585083,10.40282154083252,0.4146188497543335,-11.521417617797852,-1.1875046491622925,10.621648788452148,0.30985027551651,-11.402100563049316,-1.1929583549499512,10.675187110900879,-1.0157281160354614,-10.967672348022461,0.4041025638580322,10.152549743652344,-1.5203105211257935,-10.460515975952148,0.4986344575881958,10.073820114135742,-0.6058241128921509,-8.500748634338379,1.1037352085113525,7.925114631652832,-1.3625487089157104,-7.847014427185059,0.09285783767700195,7.611684799194336,1.5568475723266602,-8.955986022949219,-0.8525979518890381,8.265800476074219,1.5000693798065186,-8.12159252166748,-2.249950647354126,7.761407852172852,2.150808811187744,-11.413641929626465,-2.5079970359802246,10.507699012756348,1.8222678899765015,-11.493563652038574,-2.275582790374756,10.872857093811035,0.323026567697525,-0.23225238919258118,0.25752124190330505,0.17511853575706482,-0.323026567697525,0.23225238919258118,-0.2575188875198364,-0.17511853575706482,3.049349308013916,-1.1224431991577148,-3.0461010932922363,1.282151699066162,2.114753246307373,-0.4159756898880005,-3.3878097534179688,0.8912639617919922,0.6034865379333496,1.3048009872436523,-1.3632625341415405,-1.1398825645446777,0.09203917533159256,2.1079964637756348,-1.0255824327468872,-1.3482778072357178
358,0.4661165773868561,-5.402221202850342,-0.5680327415466309,5.841306209564209,0.1228598803281784,-5.498931884765625,-0.2917589545249939,6.022485733032227,0.09268134087324142,-5.428203105926514,-0.217168927192688,5.973897457122803,-0.5812066793441772,-5.131734371185303,0.4345214366912842,5.835937976837158,-0.8111488223075867,-4.825113773345947,0.7091616988182068,5.635402202606201,-0.03166108950972557,-3.9073238372802734,0.574163019657135,4.5934247970581055,-0.9626966714859009,-3.5423953533172607,0.39985203742980957,4.304618835449219,0.9804763793945312,-3.9741203784942627,-0.5763711929321289,4.981865882873535,0.4888869524002075,-3.5860369205474854,-1.011182427406311,4.535555839538574,0.958021879196167,-5.056920051574707,-1.1927869319915771,6.356721878051758,0.795549750328064,-5.17724609375,-1.0267181396484375,6.316317558288574,0.3639374375343323,-0.12061116099357605,0.04091086983680725,0.11164122819900513,-0.36393800377845764,0.12061116099357605,-0.04091143608093262,-0.11164122819900513,1.7053301334381104,-0.5156569480895996,-1.3440191745758057,0.6067862510681152,0.5114604830741882,-0.10196114331483841,-1.60329270362854,0.3140145540237427,0.4785497486591339,0.5094006061553955,-0.1249367892742157,-0.7954003810882568,-0.3721129298210144,1.0133641958236694,-0.46415209770202637,-1.0946322679519653
359,0.5022033452987671,-4.925863742828369,0.03608676791191101,0.47635746002197266,0.18702951073646545,-5.00777530670166,0.06416963040828705,0.49115657806396484,0.16636085510253906,-4.951595306396484,0.07367951422929764,0.4766077995300293,-0.4771762192249298,-4.662631988525391,0.10403046011924744,0.4691023826599121,-0.6689153909683228,-4.388267517089844,0.14223343133926392,0.4368462562561035,0.05559187009930611,-3.5250675678253174,0.08725295960903168,0.38225626945495605,-0.8800642490386963,-3.172154664993286,0.08263242244720459,0.3702406883239746,0.9803629517555237,-3.5445539951324463,-0.00011342763900756836,0.4295663833618164,0.449017733335495,-3.1743876934051514,-0.039869219064712524,0.411649227142334,0.8710047006607056,-4.3073649406433105,-0.08701717853546143,0.7495551109313965,0.7202562689781189,-4.4727373123168945,-0.07529348134994507,0.7045087814331055,0.362478643655777,-0.11139868944883347,-0.0014587938785552979,0.009212471544742584,-0.36247915029525757,0.11139868944883347,0.0014588534832000732,-0.009212471544742584,1.4806605577468872,-0.46183985471725464,-0.22466957569122314,0.05381709337234497,0.31746557354927063,-0.0717688500881195,-0.1939949095249176,0.030192293226718903,0.4952155649662018,0.39864158630371094,0.01666581630706787,-0.11075901985168457,-0.28697144985198975,0.847918689250946,0.08514147996902466,-0.1654455065727234
360,0.5218246579170227,-4.626742362976074,0.019621312618255615,0.2991213798522949,0.22974461317062378,-4.7404255867004395,0.042715102434158325,0.2673497200012207,0.188088521361351,-4.637948513031006,0.02172766625881195,0.3136467933654785,-0.3331921398639679,-4.4217848777771,0.14398407936096191,0.24084711074829102,-0.5025797486305237,-4.041525840759277,0.16633564233779907,0.3467416763305664,0.21490858495235443,-3.210470676422119,0.15931671857833862,0.31459689140319824,-0.6718469262123108,-2.748231887817383,0.2082173228263855,0.4239227771759033,1.1233230829238892,-3.085681438446045,0.14296013116836548,0.45887255668640137,0.3609429895877838,-2.49755859375,-0.08807474374771118,0.6768290996551514,0.9868443608283997,-3.8812143802642822,0.11583966016769409,0.4261505603790283,0.8246104121208191,-3.862746477127075,0.1043541431427002,0.6099908351898193,0.3405550718307495,-0.13158312439918518,-0.021923571825027466,-0.020184434950351715,-0.34055453538894653,0.13158312439918518,0.021924614906311035,0.020184434950351715,1.5791062116622925,-0.2651084065437317,0.09844565391540527,0.19673144817352295,0.3997746706008911,0.18993932008743286,0.08230909705162048,0.26170817017555237,0.7852501273155212,0.6331422924995422,0.29003456234931946,0.2345007061958313,-0.24273596704006195,1.2188851833343506,0.044235482811927795,0.37096649408340454
361,1.007952332496643,-7.541238784790039,0.48612767457962036,-2.914496421813965,0.5060703754425049,-7.698143005371094,0.2763257622718811,-2.9577174186706543,0.54911869764328,-7.631606101989746,0.3610301613807678,-2.9936575889587402,-0.6323414444923401,-7.241036415100098,-0.2991493046283722,-2.819251537322998,-0.6611614227294922,-6.8592209815979,-0.1585816740989685,-2.817695140838623,-0.12355705350637436,-5.325992584228516,-0.3384656310081482,-2.1155219078063965,-0.9385682344436646,-4.746547222137451,-0.26672130823135376,-1.9983153343200684,1.2897098064422607,-5.034494876861572,0.16638672351837158,-1.9488134384155273,0.9674870371818542,-4.284706115722656,0.606544017791748,-1.7871475219726562,1.5794917345046997,-6.382308006286621,0.5926473736763,-2.501093626022339,1.5920199155807495,-6.532052516937256,0.7674095034599304,-2.6693060398101807,0.3456591069698334,-0.19148728251457214,0.005104035139083862,-0.05990415811538696,-0.3456591069698334,0.19148893654346466,-0.005104571580886841,0.05990581214427948,2.3158366680145264,-1.0104917287826538,0.7367304563522339,-0.7453833222389221,0.9109063744544983,-0.3817406892776489,0.5111317038536072,-0.5716800093650818,1.246005892753601,0.7364957928657532,0.46075576543807983,0.10335350036621094,0.019386280328035355,1.4048199653625488,0.262122243642807,0.18593478202819824
362,0.6653863787651062,-5.730686187744141,-0.34256595373153687,1.8105525970458984,0.40020516514778137,-5.939064979553223,-0.10586521029472351,1.759078025817871,0.2939774990081787,-5.864645957946777,-0.2551411986351013,1.7669601440429688,-0.3479328155517578,-5.599823474884033,0.2844086289405823,1.6412129402160645,-0.6478278636932373,-5.3319902420043945,0.013333559036254883,1.5272307395935059,0.05077953264117241,-4.076689720153809,0.17433658242225647,1.249302864074707,-0.8307223320007324,-3.604509115219116,0.10784590244293213,1.142038106918335,1.0893148183822632,-3.679089069366455,-0.20039498805999756,1.3554058074951172,0.5403909087181091,-2.973928689956665,-0.4270961284637451,1.3107774257659912,1.3608267307281494,-4.835866451263428,-0.2186650037765503,1.5464415550231934,1.3482741117477417,-4.926703929901123,-0.2437458038330078,1.6053485870361328,0.33664795756340027,-0.17363788187503815,-0.009011149406433105,0.017849400639533997,-0.3366486430168152,0.17363788187503815,0.009010463953018188,-0.017851054668426514,2.3026113510131836,-0.3791303038597107,-0.013225317001342773,0.6313614249229431,1.3320156335830688,0.2062515914440155,0.42110925912857056,0.5879923105239868,0.39180585741996765,1.0199589729309082,-0.854200005531311,0.28346318006515503,-0.20218563079833984,1.6396220922470093,-0.2215719074010849,0.23480212688446045
363,0.9915536046028137,-5.665748119354248,0.3261672258377075,0.06493806838989258,0.6532377004623413,-5.825354099273682,0.25303253531455994,0.11371088027954102,0.672667384147644,-5.798786640167236,0.37868988513946533,0.06585931777954102,-0.1803107112646103,-5.569643974304199,0.16762210428714752,0.030179500579833984,-0.33166974782943726,-5.383681774139404,0.31615811586380005,-0.051691532135009766,0.17134885489940643,-4.0882086753845215,0.12056931853294373,-0.01151895523071289,-0.7666760683059692,-3.74164080619812,0.06404626369476318,-0.1371316909790039,1.1857292652130127,-3.748403549194336,0.09641444683074951,-0.06931447982788086,0.7297855019569397,-3.177809238433838,0.18939459323883057,-0.20388054847717285,1.3399217128753662,-4.878871440887451,-0.020905017852783203,-0.04300498962402344,1.2767666578292847,-4.737882614135742,-0.07150745391845703,0.18882131576538086,0.37635302543640137,-0.1301952749490738,0.0397050678730011,0.043442606925964355,-0.37635302543640137,0.13019408285617828,-0.03970438241958618,-0.04344379901885986,2.043276071548462,-1.0658621788024902,-0.2593352794647217,-0.6867318749427795,0.7617341876029968,-0.6340653896331787,-0.570281445980072,-0.8403170108795166,0.957238495349884,0.27562832832336426,0.5654326677322388,-0.744330644607544,0.07403022795915604,0.7284204363822937,0.2762158513069153,-0.9112016558647156
364,1.4672582149505615,-6.64115571975708,0.4757046103477478,-0.975407600402832,1.0619713068008423,-6.821815490722656,0.408733606338501,-0.9964613914489746,1.134697437286377,-6.850351333618164,0.4620300531387329,-1.0515646934509277,-0.04694773629307747,-6.541170120239258,0.13336297869682312,-0.9715261459350586,-0.14967092871665955,-6.459243297576904,0.1819988191127777,-1.0755615234375,0.16793212294578552,-4.747015476226807,-0.0034167319536209106,-0.6588068008422852,-0.7617674469947815,-4.378696918487549,0.004908621311187744,-0.6370561122894287,1.4134362936019897,-4.3804521560668945,0.22770702838897705,-0.6320486068725586,1.136501431465149,-3.675645351409912,0.40671592950820923,-0.4978361129760742,1.6790179014205933,-5.840747833251953,0.33909618854522705,-0.961876392364502,1.5686203241348267,-5.698905944824219,0.291853666305542,-0.9610233306884766,0.3979158103466034,-0.14322702586650848,0.021562784910202026,-0.013031750917434692,-0.3979165256023407,0.1432284414768219,-0.02156350016593933,0.013034358620643616,2.343773365020752,-1.276680588722229,0.30049729347229004,-0.21081840991973877,0.8399112224578857,-0.8152489066123962,0.07817703485488892,-0.18118351697921753,1.261374592781067,0.33973339200019836,0.30413609743118286,0.0641050636768341,0.16180691123008728,0.680205225944519,0.08777668327093124,-0.04821521043777466
365,1.185009479522705,-6.766178131103516,-0.28224873542785645,-0.12502241134643555,0.8864796161651611,-7.056626319885254,-0.17549169063568115,-0.23481082916259766,0.8006247282028198,-7.027285099029541,-0.33407270908355713,-0.17693376541137695,-0.158142551779747,-6.802332878112793,-0.11119481921195984,-0.26116275787353516,-0.49658966064453125,-6.64021635055542,-0.3469187319278717,-0.18097305297851562,-0.04041341692209244,-4.992349624633789,-0.20834553241729736,-0.24533414840698242,-0.8772968649864197,-4.444968223571777,-0.11552941799163818,-0.06627130508422852,1.1981440782546997,-4.555274963378906,-0.21529221534729004,-0.17482280731201172,0.841910719871521,-3.579732894897461,-0.29459071159362793,0.09591245651245117,1.723863959312439,-5.921940326690674,0.0448460578918457,-0.0811924934387207,1.5915340185165405,-5.943946361541748,0.022913694381713867,-0.2450404167175293,0.34076300263404846,-0.20341762900352478,-0.05715280771255493,-0.060190603137016296,-0.34076380729675293,0.20341920852661133,0.05715271830558777,0.06019076704978943,2.4818742275238037,-0.6734623312950134,0.13810086250305176,0.6032182574272156,1.440339207649231,-0.01825142465531826,0.6004279851913452,0.7969974875450134,0.3743555247783661,0.9689550399780273,-0.8870190382003784,0.6292216777801514,-0.1565130203962326,1.4810981750488281,-0.3183199167251587,0.8008929491043091
366,1.374792218208313,-7.895364761352539,0.1897827386856079,-1.1291866302490234,1.1067148447036743,-8.289671897888184,0.22023522853851318,-1.2330455780029297,1.0089696645736694,-8.326761245727539,0.2083449363708496,-1.299476146697998,0.0933295488357544,-8.265018463134766,0.2514721155166626,-1.4626855850219727,-0.45648443698883057,-8.244074821472168,0.040105223655700684,-1.603858470916748,0.0258957389742136,-6.0782670974731445,0.06630915403366089,-1.0859174728393555,-0.8606229424476624,-5.615574359893799,0.016673922538757324,-1.1706061363220215,1.580138087272644,-5.334148406982422,0.38199400901794434,-0.7788734436035156,1.692099928855896,-4.514546871185303,0.850189208984375,-0.9348139762878418,1.8813647031784058,-7.063626289367676,0.1575007438659668,-1.141685962677002,1.8178011178970337,-7.129659175872803,0.22626709938049316,-1.1857128143310547,0.37681156396865845,-0.15367555618286133,0.036048561334609985,0.04974207282066345,-0.37681156396865845,0.15367737412452698,-0.03604775667190552,-0.04974183440208435,2.18391489982605,-1.9341676235198975,-0.2979593276977539,-1.2607052326202393,1.0305818319320679,-1.517714500427246,-0.4097573757171631,-1.4994630813598633,1.282981276512146,0.40109944343566895,0.9086257219314575,-0.5678555965423584,0.9928921461105347,0.5132569670677185,1.1494051218032837,-0.9678412079811096
367,1.167407512664795,-7.012015342712402,-0.20738470554351807,0.8833494186401367,0.9247815012931824,-7.409082889556885,-0.18193334341049194,0.8805890083312988,0.7851110100746155,-7.3704833984375,-0.22385865449905396,0.9562778472900391,-0.04655421897768974,-7.3102617263793945,-0.13988377153873444,0.9547567367553711,-0.5645602941513062,-7.197820663452148,-0.10807585716247559,1.0462541580200195,-0.16863854229450226,-5.463990688323975,-0.1945342868566513,0.6142764091491699,-0.8911275863647461,-4.772608280181885,-0.03050464391708374,0.8429660797119141,1.3141777515411377,-4.544070720672607,-0.26596033573150635,0.7900776863098145,0.7911835312843323,-3.110092878341675,-0.9009163975715637,1.404453992843628,2.0027174949645996,-5.659364223480225,0.12135279178619385,1.4042620658874512,1.8557281494140625,-5.630548000335693,0.03792703151702881,1.4991111755371094,0.2984800338745117,-0.2547788918018341,-0.07833153009414673,-0.10110333561897278,-0.2984791696071625,0.2547806203365326,0.07833239436149597,0.10110324621200562,3.113896131515503,-0.7770481109619141,0.9299812316894531,1.1571195125579834,2.2970705032348633,-0.018977152183651924,1.2664886713027954,1.4987373352050781,0.5019521713256836,1.2166268825531006,-0.7810291051864624,0.8155274391174316,-0.0883663147687912,1.6341502666473389,-1.0812584161758423,1.1208932399749756
368,1.9207268953323364,-8.866720199584961,0.7533193826675415,-1.8547048568725586,1.6049362421035767,-9.37342357635498,0.6801547408103943,-1.9643406867980957,1.4257713556289673,-9.36410903930664,0.6406603455543518,-1.9936256408691406,0.2413126826286316,-9.254144668579102,0.28786689043045044,-1.943882942199707,-0.49262866377830505,-9.201972007751465,0.0719316303730011,-2.0041513442993164,-0.2581605315208435,-6.840137004852295,-0.08952198922634125,-1.3761463165283203,-0.8549161553382874,-6.037714004516602,0.03621143102645874,-1.2651057243347168,1.5889686346054077,-5.441728591918945,0.27479088306427,-0.8976578712463379,1.114882230758667,-3.6286470890045166,0.3236986994743347,-0.5185542106628418,2.577554225921631,-6.628429412841797,0.5748367309570312,-0.9690651893615723,2.27201771736145,-6.561771869659424,0.4162895679473877,-0.9312238693237305,0.26468268036842346,-0.3164837956428528,-0.03379735350608826,-0.06170490384101868,-0.26468268036842346,0.3164837956428528,0.033796489238739014,0.06170317530632019,4.298887252807617,-0.8884941339492798,1.1849911212921143,-0.11144602298736572,3.657179355621338,0.014646281488239765,1.3601088523864746,0.033623434603214264,0.45882293581962585,1.693034052848816,-0.04312923550605774,0.47640717029571533,-0.1740214228630066,2.0847296714782715,-0.0856551080942154,0.4505794048309326
369,1.5836690664291382,-7.19716215133667,-0.33705782890319824,1.669558048248291,1.3345783948898315,-7.622887134552002,-0.2703578472137451,1.7505364418029785,1.1610448360443115,-7.603003978729248,-0.26472651958465576,1.7611050605773926,0.21112561225891113,-7.645413398742676,-0.03018707036972046,1.6087312698364258,-0.516804575920105,-7.504716873168945,-0.024175912141799927,1.6972551345825195,-0.26520347595214844,-5.836165428161621,-0.007042944431304932,1.0039715766906738,-0.8983693718910217,-5.0621490478515625,-0.043453216552734375,0.9755649566650391,1.2778620719909668,-4.267759799957275,-0.3111065626144409,1.17396879196167,0.7106403708457947,-2.345520496368408,-0.4042418599128723,1.2831265926361084,2.104647397994995,-6.318192481994629,-0.47290682792663574,0.31023693084716797,1.5825694799423218,-4.783079147338867,-0.6894482374191284,1.7786927223205566,0.23360493779182434,-0.23948241770267487,-0.03107774257659912,0.07700137794017792,-0.23360493779182434,0.2394842505455017,0.03107774257659912,-0.07699954509735107,2.2827985286712646,-1.3683559894561768,-2.0160887241363525,-0.479861855506897,1.8292030096054077,-0.837821900844574,-1.8279763460159302,-0.8524681925773621,0.5068353414535522,1.1404277086257935,0.04801240563392639,-0.5526063442230225,0.20435482263565063,1.345234751701355,0.3783762454986572,-0.7394949197769165
370,1.2104241847991943,-5.505737781524658,-0.37324488162994385,1.6914243698120117,1.0615111589431763,-5.843485355377197,-0.2730672359466553,1.7794017791748047,0.8203508257865906,-5.818137168884277,-0.34069401025772095,1.7848668098449707,0.4045441746711731,-5.877073764801025,0.19341856241226196,1.7683396339416504,-0.4787199795246124,-5.749781608581543,0.038084596395492554,1.7549352645874023,0.09050042927265167,-4.393921852111816,0.3557038903236389,1.4422435760498047,-0.7796090841293335,-3.9010632038116455,0.11876028776168823,1.161085844039917,1.3624337911605835,-3.5131118297576904,0.0845717191696167,0.754647970199585,0.18570692837238312,-2.0207371711730957,-0.5249334573745728,0.3247833251953125,1.8027580976486206,-4.957035541534424,-0.3018893003463745,1.361156940460205,1.1610440015792847,-3.0196821689605713,-0.4215254783630371,1.763396978378296,0.3141980767250061,-0.1585737019777298,0.08059313893318176,0.08090871572494507,-0.3141980767250061,0.15857508778572083,-0.08059313893318176,-0.08090916275978088,1.5519217252731323,-0.41445139050483704,-0.7308768033981323,0.9539046287536621,0.9616880416870117,-0.0972118154168129,-0.867514967918396,0.7406100630760193,0.6223375797271729,0.7793535590171814,0.1155022382736206,-0.36107414960861206,-0.011906223371624947,0.9887416362762451,-0.21626104414463043,-0.35649311542510986
371,0.5890352725982666,-3.84041690826416,-0.6213889122009277,1.665320873260498,0.5092554688453674,-4.091958045959473,-0.5522556900978088,1.7515273094177246,0.285302996635437,-4.067845344543457,-0.5350478291511536,1.7502918243408203,0.155279278755188,-4.104104518890381,-0.2492648959159851,1.7729692459106445,-0.6142538785934448,-4.014227867126465,-0.1355338990688324,1.7355537414550781,0.08422628790140152,-3.018942356109619,-0.006274141371250153,1.3749794960021973,-0.8551196455955505,-2.675971269607544,-0.07551056146621704,1.2250919342041016,0.892961859703064,-2.1651623249053955,-0.46947193145751953,1.347949504852295,-0.3959735035896301,-1.0817112922668457,-0.581680417060852,0.93902587890625,1.117439866065979,-3.161905288696289,-0.6853182315826416,1.7951302528381348,0.4412754476070404,-1.701462745666504,-0.7197685241699219,1.3182194232940674,0.3214758336544037,-0.11828261613845825,0.007277756929397583,0.040291085839271545,-0.3214758336544037,0.11828261613845825,-0.007277756929397583,-0.04029247164726257,1.1025030612945557,-0.2608727216720581,-0.44941866397857666,0.15357866883277893,0.5134795904159546,-0.005407363176345825,-0.44820845127105713,0.09180445224046707,0.1688070446252823,0.5436904430389404,-0.45353055000305176,-0.23566311597824097,-0.3989887535572052,0.748193085193634,-0.3870825171470642,-0.24054855108261108
372,0.6331911087036133,-3.5874922275543213,0.04415583610534668,0.25292468070983887,0.5573673248291016,-3.848078489303589,0.04811185598373413,0.2438795566558838,0.2902279496192932,-3.81429386138916,0.004924952983856201,0.2535514831542969,0.27170050144195557,-3.841702938079834,0.11642122268676758,0.2624015808105469,-0.6351845264434814,-3.736250638961792,-0.02093064785003662,0.27797722816467285,0.15909957885742188,-2.6209213733673096,0.07487329095602036,0.39802098274230957,-0.8082544207572937,-2.367492437362671,0.046865224838256836,0.30847883224487305,0.8764287829399109,-1.972839117050171,-0.016533076763153076,0.1923232078552246,-0.9166375398635864,-0.8433972001075745,-0.5206640362739563,0.23831409215927124,1.244633436203003,-2.7597663402557373,0.12719357013702393,0.40213894844055176,0.1540016233921051,-0.7129590511322021,-0.2872738242149353,0.9885036945343018,0.31659936904907227,-0.11049632728099823,-0.004876464605331421,0.007786288857460022,-0.31659936904907227,0.11049632728099823,0.004876464605331421,-0.007786288857460022,1.3645024299621582,0.36505991220474243,0.26199936866760254,0.6259326338768005,0.9527625441551208,0.5888051986694336,0.43928295373916626,0.594212532043457,-0.04264598339796066,0.9290863275527954,-0.21145302057266235,0.385395884513855,-0.6609460115432739,1.2452194690704346,-0.2619572579860687,0.49702638387680054
373,0.679002583026886,-3.4000473022460938,0.045811474323272705,0.18744492530822754,0.6470705270767212,-3.6350247859954834,0.08970320224761963,0.21305370330810547,0.347419798374176,-3.63012957572937,0.05719184875488281,0.18416428565979004,0.4065769910812378,-3.5719125270843506,0.13487648963928223,0.2697904109954834,-0.5352180600166321,-3.5253610610961914,0.09996646642684937,0.21088957786560059,0.24146059155464172,-2.420712947845459,0.08236101269721985,0.20020842552185059,-0.721659243106842,-2.1516406536102295,0.08659517765045166,0.2158517837524414,0.882317841053009,-2.046712636947632,0.0058890581130981445,-0.07387351989746094,-0.9275217652320862,-0.7786916494369507,-0.010884225368499756,0.06470555067062378,1.315893530845642,-2.5629770755767822,0.07126009464263916,0.19678926467895508,0.06217244639992714,-0.5431069731712341,-0.09182918071746826,0.16985207796096802,0.31507521867752075,-0.11515768617391586,-0.0015241503715515137,-0.004661358892917633,-0.31507521867752075,0.11515768617391586,0.0015241503715515137,0.004661358892917633,1.6443506479263306,0.36777758598327637,0.27984821796417236,0.0027176737785339355,1.2352687120437622,0.6112253069877625,0.28250616788864136,0.022420108318328857,0.023204362019896507,0.9515070915222168,0.06585034728050232,0.022420763969421387,-0.5705196261405945,1.2191859483718872,0.09042638540267944,-0.026033520698547363
374,0.5882542729377747,-3.922072172164917,-0.09074831008911133,-0.5220248699188232,0.5733187198638916,-4.239728927612305,-0.07375180721282959,-0.6047041416168213,0.17928463220596313,-4.221304893493652,-0.1681351661682129,-0.5911753177642822,0.34848886728286743,-4.273060321807861,-0.05808812379837036,-0.7011477947235107,-0.8209628462791443,-4.180697441101074,-0.2857447862625122,-0.6553363800048828,0.03519776836037636,-2.9822232723236084,-0.20626282691955566,-0.5615103244781494,-0.9452921152114868,-2.7856533527374268,-0.22363287210464478,-0.6340126991271973,0.6615760326385498,-2.387721061706543,-0.22074180841445923,-0.34100842475891113,-1.6789120435714722,-1.299161434173584,-0.751390278339386,-0.5204697847366333,1.1644748449325562,-2.9472734928131104,-0.15141868591308594,-0.3842964172363281,-0.2427128702402115,-0.7168973088264465,-0.3048853278160095,-0.1737903356552124,0.3266362249851227,-0.1094532236456871,0.011561006307601929,0.00570446252822876,-0.3266362249851227,0.10945425927639008,-0.011561006307601929,-0.005703426897525787,1.1074457168579102,0.1176595464348793,-0.5369049310684204,-0.25011804699897766,0.6733783483505249,0.29268884658813477,-0.5618903636932373,-0.3185364603996277,0.061570219695568085,0.6474633812904358,0.03836585581302643,-0.304043710231781,-0.9740090370178223,0.9620375037193298,-0.4034894108772278,-0.2571484446525574
375,0.6375859379768372,-3.2067055702209473,0.0493316650390625,0.7153666019439697,0.6534647941589355,-3.4805290699005127,0.08014607429504395,0.759199857711792,0.29633480310440063,-3.4647679328918457,0.1170501708984375,0.7565369606018066,0.4622053802013397,-3.5076630115509033,0.11371651291847229,0.765397310256958,-0.5667611360549927,-3.4291279315948486,0.2542017102241516,0.7515695095062256,0.1795104593038559,-2.4541637897491455,0.14431269466876984,0.5280594825744629,-0.7863818407058716,-2.1952197551727295,0.15891027450561523,0.5904335975646973,0.6427197456359863,-2.109102725982666,-0.018856287002563477,0.27861833572387695,-1.2339714765548706,-0.9419998526573181,0.44494056701660156,0.35716158151626587,1.2397197484970093,-2.3593826293945312,0.07524490356445312,0.5878908634185791,-0.06592682749032974,-0.41533470153808594,0.17678603529930115,0.3015626072883606,0.3260100781917572,-0.11322613805532455,-0.0006261467933654785,-0.003772914409637451,-0.3260100781917572,0.11322613805532455,0.0006261467933654785,0.0037718787789344788,1.2461326122283936,0.15224750339984894,0.1386868953704834,0.034587956964969635,0.6776297688484192,0.39507195353507996,0.004251420497894287,0.10238310694694519,0.14924871921539307,0.6880229115486145,0.08767849951982498,0.04055953025817871,-0.6968696117401123,1.0157907009124756,0.27713942527770996,0.05375319719314575
376,0.7912625074386597,-3.332270622253418,0.1536765694618225,-0.1255650520324707,0.8382318615913391,-3.6667468547821045,0.18476706743240356,-0.1862177848815918,0.41959574818611145,-3.6313323974609375,0.12326094508171082,-0.1665644645690918,0.6453645825386047,-3.7679238319396973,0.18315920233726501,-0.26026082038879395,-0.5092321634292603,-3.6439523696899414,0.05752897262573242,-0.21482443809509277,0.2340451180934906,-2.6701130867004395,0.054534658789634705,-0.21594929695129395,-0.6807984113693237,-2.2663044929504395,0.10558342933654785,-0.07108473777770996,0.7582651376724243,-2.440333366394043,0.11554539203643799,-0.33123064041137695,-1.2226917743682861,-0.9899797439575195,0.011279702186584473,-0.047979891300201416,1.4625431299209595,-2.4448158740997314,0.2228233814239502,-0.0854332447052002,-0.2095211297273636,-0.33196842670440674,-0.14359429478645325,0.0833662748336792,0.30386462807655334,-0.1441987156867981,-0.022145450115203857,-0.03097257763147354,-0.30386462807655334,0.14419779181480408,0.022145450115203857,0.030971653759479523,1.3992054462432861,0.3673391044139862,0.15307283401489258,0.21509160101413727,0.9197946190834045,0.695906400680542,0.24216485023498535,0.30083444714546204,0.09145671874284744,0.8036651611328125,-0.057792000472545624,0.115642249584198,-0.7182002663612366,1.1841363906860352,-0.021330654621124268,0.16834568977355957
377,0.4705893099308014,-2.7746565341949463,-0.3206731975078583,0.5576140880584717,0.5201748013496399,-3.0432145595550537,-0.3180570602416992,0.6235322952270508,0.16104134917259216,-3.0155279636383057,-0.2585543990135193,0.6158044338226318,0.3718205988407135,-3.1214325428009033,-0.27354398369789124,0.646491289138794,-0.6117250919342041,-3.0249316692352295,-0.10249292850494385,0.6190207004547119,0.10697604715824127,-2.285475015640259,-0.12706907093524933,0.38463807106018066,-0.8245512843132019,-1.921803593635559,-0.14375287294387817,0.34450089931488037,0.5519540309906006,-1.9903981685638428,-0.20631110668182373,0.4499351978302002,-1.1626049280166626,-0.7527979016304016,0.060086846351623535,0.23718184232711792,1.1125357151031494,-2.0308847427368164,-0.35000741481781006,0.41393113136291504,-0.41427862644195557,-0.22503304481506348,-0.20475749671459198,0.10693538188934326,0.31736403703689575,-0.1314886212348938,0.013499408960342407,0.012710094451904297,-0.3173636496067047,0.13148938119411469,-0.013499021530151367,-0.012708410620689392,1.1912400722503662,0.08719422668218613,-0.20796537399291992,-0.2801448702812195,0.4276543855667114,0.3827117681503296,-0.4921402335166931,-0.3131946325302124,0.34472304582595825,0.4250584840774536,0.2532663345336914,-0.3786066770553589,-0.5900102853775024,0.7301990389823914,0.12818998098373413,-0.4539373517036438
378,0.5330566763877869,-2.6279828548431396,0.062467366456985474,0.14667367935180664,0.5926039218902588,-2.907545328140259,0.0724291205406189,0.13566923141479492,0.21636193990707397,-2.866900682449341,0.05532059073448181,0.14862728118896484,0.4543299674987793,-3.006319761276245,0.0825093686580658,0.1151127815246582,-0.55293869972229,-2.8785061836242676,0.05878639221191406,0.14642548561096191,0.16678597033023834,-2.1957058906555176,0.05980992317199707,0.08976912498474121,-0.7538749575614929,-1.805342674255371,0.07067632675170898,0.11646091938018799,0.579779326915741,-1.8945372104644775,0.02782529592514038,0.09586095809936523,-1.0573302507400513,-0.6578702926635742,0.10527467727661133,0.09492760896682739,1.1935758590698242,-1.865227460861206,0.0810401439666748,0.16565728187561035,-0.3625470697879791,-0.07286287099123001,0.05173155665397644,0.15217018127441406,0.3046392500400543,-0.13542138040065765,-0.01272478699684143,-0.003932759165763855,-0.3046392500400543,0.13542212545871735,0.01272439956665039,0.003932744264602661,1.1922242641448975,0.06278782337903976,0.00098419189453125,-0.024406403303146362,0.5054461359977722,0.3795096278190613,0.07779175043106079,-0.0032021403312683105,0.2238866537809372,0.3889388144016266,-0.12083639204502106,-0.036119669675827026,-0.5229963064193726,0.7403721213340759,0.06701397895812988,0.01017308235168457
379,0.4369981586933136,-2.6588287353515625,-0.09605851769447327,-0.03084588050842285,0.49106499552726746,-2.933372974395752,-0.10153892636299133,-0.025827646255493164,0.1166929230093956,-2.883054733276367,-0.09966901689767838,-0.016154050827026367,0.3501579463481903,-3.0294246673583984,-0.10417202115058899,-0.02310490608215332,-0.6504453420639038,-2.862889051437378,-0.09750664234161377,0.015617132186889648,0.06676265597343445,-2.2770609855651855,-0.1000233143568039,-0.08135509490966797,-0.8224277496337891,-1.8195236921310425,-0.06855279207229614,-0.014181017875671387,0.5596989393234253,-2.0485482215881348,-0.020080387592315674,-0.15401101112365723,-1.1131467819213867,-0.6964873671531677,-0.05581653118133545,-0.038617074489593506,1.149881362915039,-1.978305459022522,-0.043694496154785156,-0.11307799816131592,-0.4789891242980957,-0.06884121149778366,-0.11644205451011658,0.00402165949344635,0.3136501908302307,-0.14255057275295258,0.009010940790176392,-0.007129192352294922,-0.3136498034000397,0.14255057275295258,-0.009010553359985352,0.0071284472942352295,1.0507662296295166,-0.028234219178557396,-0.14145803451538086,-0.09102204442024231,0.10700815916061401,0.2877040207386017,-0.3984379768371582,-0.0918056070804596,0.5742645859718323,0.23521718382835388,0.3503779172897339,-0.1537216305732727,-0.6559464931488037,0.5690311789512634,-0.13295018672943115,-0.1713409423828125
380,0.4625658690929413,-2.7175402641296387,0.025567710399627686,-0.05871152877807617,0.5192705392837524,-3.0155160427093506,0.028205543756484985,-0.08214306831359863,0.14030562341213226,-2.964379072189331,0.023612700402736664,-0.08132433891296387,0.3389734625816345,-3.151871681213379,-0.011184483766555786,-0.12244701385498047,-0.6681327223777771,-2.975947380065918,-0.01768738031387329,-0.11305832862854004,-0.009909612126648426,-2.403794288635254,-0.0766722708940506,-0.12673330307006836,-0.8588029742240906,-1.875230312347412,-0.036375224590301514,-0.05570662021636963,0.49678710103034973,-2.1740143299102783,-0.06291183829307556,-0.12546610832214355,-1.1542863845825195,-0.6550422310829163,-0.04113960266113281,0.041445136070251465,1.189977765083313,-2.022786855697632,0.040096402168273926,-0.04448139667510986,-0.5060721635818481,0.09247057884931564,-0.02708303928375244,0.1613117903470993,0.30403611063957214,-0.15996579825878143,-0.00961408019065857,-0.017415225505828857,-0.30403611063957214,0.15996579825878143,0.00961369276046753,0.017415225505828857,1.0183242559432983,-0.21005383133888245,-0.03244197368621826,-0.1818196177482605,0.02238875813782215,0.14006434381008148,-0.08461940288543701,-0.1476396769285202,0.6562017202377319,0.12016598135232925,0.08193713426589966,-0.11505120247602463,-0.6529855132102966,0.4610968232154846,0.00296097993850708,-0.10793435573577881
381,0.41877269744873047,-2.7671473026275635,-0.043793171644210815,-0.049607038497924805,0.5326259136199951,-3.070404052734375,0.013355374336242676,-0.054888010025024414,0.03507820516824722,-3.017784357070923,-0.10522741824388504,-0.0534052848815918,0.5216999053955078,-3.136453151702881,0.1827264428138733,0.015418529510498047,-0.6977778673171997,-2.932556390762329,-0.029645144939422607,0.04339098930358887,0.15884080529212952,-2.2688796520233154,0.16875042021274567,0.13491463661193848,-0.7105907797813416,-1.7748264074325562,0.14821219444274902,0.10040390491485596,0.5861139893531799,-2.046548366546631,0.0893268883228302,0.12746596336364746,-1.2183395624160767,-0.6879857778549194,-0.06405317783355713,-0.032943546772003174,1.2375595569610596,-1.9144377708435059,0.04758179187774658,0.10834908485412598,-0.5661684274673462,0.14905434846878052,-0.06009626388549805,0.056583769619464874,0.3025859594345093,-0.15451154112815857,-0.0014501512050628662,0.005454257130622864,-0.3025863468647003,0.15451228618621826,0.0014497637748718262,-0.005453512072563171,0.9985718131065369,0.03616725280880928,-0.019752442836761475,0.24622108042240143,0.15010826289653778,0.3767285645008087,0.12771950662136078,0.23666422069072723,0.6226773858070374,0.0004851002595387399,-0.03352433443069458,-0.11968088150024414,-0.6508644223213196,0.4069490432739258,0.0021210908889770508,-0.05414777994155884
382,0.5359908938407898,-2.3794026374816895,0.11721819639205933,0.387744665145874,0.6264703273773193,-2.666369676589966,0.09384441375732422,0.4040343761444092,0.19991205632686615,-2.5824732780456543,0.16483384370803833,0.43531107902526855,0.5241352915763855,-2.7710025310516357,0.0024353861808776855,0.3654506206512451,-0.502773642539978,-2.492560863494873,0.19500422477722168,0.43999552726745605,0.1744115948677063,-2.1492867469787598,0.015570789575576782,0.11959290504455566,-0.577496349811554,-1.490018606185913,0.1330944299697876,0.28480780124664307,0.6572961807250977,-1.946036696434021,0.07118219137191772,0.10051167011260986,-0.9011398553848267,-0.36684104800224304,0.31719970703125,0.3211447298526764,1.2332569360733032,-1.6203384399414062,-0.004302620887756348,0.2940993309020996,-0.4645462930202484,0.30043816566467285,0.10162213444709778,0.15138381719589233,0.24723701179027557,-0.17460277676582336,-0.055348947644233704,-0.020091235637664795,-0.24723735451698303,0.17460207641124725,0.055348992347717285,0.02008979022502899,0.9120784401893616,-0.14358437061309814,-0.08649337291717529,-0.17975161969661713,0.2042691856622696,0.2575848400592804,0.05416092276573181,-0.11914372444152832,0.37060847878456116,0.07317441701889038,-0.2520689070224762,0.07268931716680527,-0.5068264603614807,0.46554410457611084,0.14403796195983887,0.05859506130218506
383,0.42711615562438965,-2.2015297412872314,-0.10887473821640015,0.177872896194458,0.5043532252311707,-2.486632823944092,-0.12211710214614868,0.17973685264587402,0.10555718839168549,-2.414125919342041,-0.09435486793518066,0.16834735870361328,0.4161810576915741,-2.6262168884277344,-0.1079542338848114,0.14478564262390137,-0.5868276953697205,-2.395618438720703,-0.08405405282974243,0.09694242477416992,0.1487891972064972,-2.0139427185058594,-0.025622397661209106,0.1353440284729004,-0.6623807549476624,-1.429132342338562,-0.0848844051361084,0.060886263847351074,0.656883955001831,-1.7691632509231567,-0.00041222572326660156,0.17687344551086426,-0.9598484039306641,-0.4248906373977661,-0.0587085485458374,-0.05804958939552307,1.1147167682647705,-1.6149379014968872,-0.11854016780853271,0.005400538444519043,-0.6426444053649902,0.2150687426328659,-0.17809811234474182,-0.08536942303180695,0.2646593451499939,-0.16165931522846222,0.017422333359718323,0.012943461537361145,-0.26465901732444763,0.1616586446762085,-0.0174216628074646,-0.012943431735038757,0.7381091713905334,-0.04369351267814636,-0.17396926879882812,0.09989085793495178,0.06003507599234581,0.3237001299858093,-0.14423410594463348,0.06611528992652893,0.1420290172100067,0.07324554026126862,-0.22857946157455444,7.112324237823486e-05,-0.6320379376411438,0.41815656423568726,-0.12521147727966309,-0.047387540340423584
384,0.45206111669540405,-2.0664944648742676,0.024944961071014404,0.13503527641296387,0.5105820298194885,-2.3691067695617676,0.006228804588317871,0.11752605438232422,0.10940371453762054,-2.2619824409484863,0.0038465261459350586,0.1521434783935547,0.4671016037464142,-2.5259273052215576,0.05092054605484009,0.10028958320617676,-0.5684716105461121,-2.22467041015625,0.0183560848236084,0.17094802856445312,0.23069798946380615,-1.8660086393356323,0.08190879225730896,0.14793407917022705,-0.6053258776664734,-1.3173154592514038,0.057054877281188965,0.1118168830871582,0.7554706931114197,-1.6972954273223877,0.09858673810958862,0.07186782360076904,-1.022104024887085,-0.41646984219551086,-0.0622556209564209,0.008420795202255249,1.2640671730041504,-1.4192181825637817,0.14935040473937988,0.19571971893310547,-0.7200513482093811,0.4115935266017914,-0.07740694284439087,0.19652478396892548,0.2841332256793976,-0.15262429416179657,0.019473880529403687,0.00903502106666565,-0.28413355350494385,0.15262363851070404,-0.019474536180496216,-0.009035006165504456,0.834095299243927,-0.026937568560242653,0.09598612785339355,0.01675594411790371,0.022995755076408386,0.35251909494400024,-0.037039320915937424,0.028818964958190918,0.3449776768684387,0.00983922928571701,0.202948659658432,-0.0634063109755516,-0.7800058722496033,0.49009376764297485,-0.14796793460845947,0.0719372034072876
385,0.5037909746170044,-2.0845439434051514,0.05172985792160034,-0.01804947853088379,0.6213359832763672,-2.412642002105713,0.11075395345687866,-0.04353523254394531,0.1667034924030304,-2.3295183181762695,0.05729977786540985,-0.0675358772277832,0.5721210241317749,-2.6081411838531494,0.10501942038536072,-0.0822138786315918,-0.5378376245498657,-2.3567590713500977,0.030633985996246338,-0.13208866119384766,0.19747178256511688,-2.0011110305786133,-0.03322620689868927,-0.13510239124298096,-0.5869002938270569,-1.3808202743530273,0.018425583839416504,-0.06350481510162354,0.7112565636634827,-1.8150196075439453,-0.04421412944793701,-0.11772418022155762,-0.9586127996444702,-0.36412012577056885,0.06349122524261475,0.05234971642494202,1.2961841821670532,-1.502123236656189,0.03211700916290283,-0.08290505409240723,-0.6335719227790833,0.4291435778141022,0.08647942543029785,0.01755005121231079,0.2635977864265442,-0.16714732348918915,-0.020535439252853394,-0.014523029327392578,-0.26359811425209045,0.16714799404144287,0.020535439252853394,0.01452435553073883,0.7878098487854004,-0.05801074951887131,-0.04628545045852661,-0.031073180958628654,0.005555751733481884,0.3285670876502991,-0.017440002411603928,-0.023952007293701172,0.31132081151008606,0.03383013233542442,-0.03365686535835266,0.023990903049707413,-0.6862925291061401,0.4120227098464966,0.09371334314346313,-0.07807105779647827
386,0.420387327671051,-1.9483580589294434,-0.08340364694595337,0.136185884475708,0.5554290413856506,-2.276735305786133,-0.06590694189071655,0.13590669631958008,0.09315260499715805,-2.1978561878204346,-0.07355088740587234,0.13166213035583496,0.555483877658844,-2.490532159805298,-0.016637146472930908,0.11760902404785156,-0.5680092573165894,-2.253641366958618,-0.030171632766723633,0.10311770439147949,0.1689189225435257,-1.9279625415802002,-0.028552860021591187,0.07314848899841309,-0.6171298027038574,-1.309798002243042,-0.030229508876800537,0.07102227210998535,0.6170504689216614,-1.8367488384246826,-0.09420609474182129,-0.021729230880737305,-1.0151785612106323,-0.3231875002384186,-0.05656576156616211,0.04093262553215027,1.1758400201797485,-1.5752209424972534,-0.12034416198730469,-0.07309770584106445,-0.615140974521637,0.5969148874282837,0.01843094825744629,0.16777130961418152,0.2637103497982025,-0.16820025444030762,0.0001125633716583252,-0.0010529309511184692,-0.2637106776237488,0.16820091009140015,-0.0001125633716583252,0.0010529160499572754,0.7142437696456909,-0.11685478687286377,-0.07356607913970947,-0.05884403735399246,-0.02858595922589302,0.2590717673301697,-0.03414171189069748,-0.0694953203201294,0.37801042199134827,-0.03323855996131897,0.06668961048126221,-0.06706869602203369,-0.5450103878974915,0.34243395924568176,0.14128214120864868,-0.06958875060081482
387,0.43891316652297974,-1.6562312841415405,0.01852583885192871,0.29212677478790283,0.5380436778068542,-1.9970756769180298,-0.017385363578796387,0.279659628868103,0.12546299397945404,-1.8870741128921509,0.03231038898229599,0.3107820749282837,0.48490777611732483,-2.2883002758026123,-0.07057610154151917,0.20223188400268555,-0.5737355947494507,-2.0113894939422607,-0.005726337432861328,0.24225187301635742,0.12283894419670105,-1.8303042650222778,-0.046079978346824646,0.09765827655792236,-0.6708610653877258,-1.2219948768615723,-0.05373126268386841,0.08780312538146973,0.8053419589996338,-1.6340041160583496,0.1882914900779724,0.202744722366333,-1.0011571645736694,-0.18566495180130005,0.01402139663696289,0.13752254843711853,1.3938549757003784,-1.436739444732666,0.21801495552062988,0.1384814977645874,-0.6304917335510254,0.7332779765129089,-0.015350759029388428,0.13636308908462524,0.2615971267223358,-0.16530436277389526,-0.0021132230758666992,0.0028958916664123535,-0.2615971267223358,0.16530436277389526,0.002113550901412964,-0.002896547317504883,0.5962120890617371,-0.029839858412742615,-0.11803168058395386,0.08701492846012115,-0.12379597127437592,0.3350411057472229,-0.0952100157737732,0.07596933841705322,0.44160225987434387,-0.07670368999242783,0.0635918378829956,-0.043465130031108856,-0.48150163888931274,0.3156808018684387,0.06350874900817871,-0.026753157377243042
388,0.3650898039340973,-1.0123469829559326,-0.07382336258888245,0.6438843011856079,0.42871272563934326,-1.2561360597610474,-0.10933095216751099,0.7409396171569824,0.13812793791294098,-1.136909008026123,0.012664943933486938,0.7501651048660278,0.41216763854026794,-1.4933198690414429,-0.07274013757705688,0.7949804067611694,-0.3364403545856476,-1.200756549835205,0.2372952401638031,0.8106329441070557,0.2890695631504059,-1.3655493259429932,0.16623061895370483,0.46475493907928467,-0.4653395414352417,-0.7091448307037354,0.20552152395248413,0.5128500461578369,0.834137499332428,-1.2878869771957397,0.02879554033279419,0.34611713886260986,-0.545985996723175,0.10413076728582382,0.4551711678504944,0.28979572653770447,1.0558098554611206,-0.9982888698577881,-0.3380451202392578,0.43845057487487793,-0.490299791097641,0.7406963109970093,0.1401919424533844,0.007418334484100342,0.22960074245929718,-0.1541767567396164,-0.031996384263038635,0.01112760603427887,-0.2296009659767151,0.1541767567396164,0.03199616074562073,-0.01112760603427887,0.27735042572021484,0.0314183309674263,-0.3188616633415222,0.061258189380168915,-0.180209681391716,0.4264773726463318,-0.05641371011734009,0.09143626689910889,-0.18812744319438934,0.1863822638988495,-0.629729688167572,0.2630859613418579,-0.43011510372161865,0.5499448776245117,0.05138653516769409,0.234264075756073
389,0.800995409488678,-1.2822411060333252,0.4359056055545807,-0.2698941230773926,0.7061635255813599,-1.4255825281143188,0.2774507999420166,-0.16944646835327148,0.6802854537963867,-1.3242828845977783,0.5421575307846069,-0.18737387657165527,0.3243580162525177,-1.5083979368209839,-0.08780962228775024,-0.015078067779541016,0.1898813545703888,-1.2002640962600708,0.5263217091560364,0.0004924535751342773,0.3043791651725769,-1.3229260444641113,0.01530960202217102,0.042623281478881836,-0.24203644692897797,-0.48541194200515747,0.22330309450626373,0.22373288869857788,1.0935144424438477,-1.3813737630844116,0.2593769431114197,-0.09348678588867188,-0.41424039006233215,0.45297476649284363,0.1317456066608429,0.3488439917564392,1.3531336784362793,-1.0873769521713257,0.2973238229751587,-0.0890880823135376,-0.26679375767707825,1.0026443004608154,0.22350603342056274,0.26194798946380615,0.15185558795928955,-0.18266820907592773,-0.07774515450000763,-0.02849145233631134,-0.15185533463954926,0.18266871571540833,0.07774563133716583,0.02849195897579193,0.07339833676815033,-0.04344329237937927,-0.20395208895206451,-0.07486162334680557,-0.1943826824426651,0.413931280374527,-0.014173001050949097,-0.01254609227180481,-0.2911665439605713,0.40257135033607483,-0.10303910076618195,0.21618908643722534,-0.33643969893455505,0.7046363949775696,0.0936754047870636,0.15469151735305786
390,0.9275059700012207,-0.5994421243667603,0.12651056051254272,0.6827989816665649,0.8731326460838318,-0.7373830676078796,0.16696912050247192,0.6881994605064392,0.817558228969574,-0.6359266638755798,0.13727277517318726,0.6883562207221985,0.4978693425655365,-0.8536182641983032,0.1735113263130188,0.6547796726226807,0.3059924244880676,-0.5440064668655396,0.11611106991767883,0.6562576293945312,0.352947473526001,-0.903074324131012,0.04856830835342407,0.41985172033309937,-0.1293429136276245,-0.027062952518463135,0.11269353330135345,0.45834898948669434,1.2621488571166992,-0.9545514583587646,0.16863441467285156,0.426822304725647,-0.17773312330245972,0.9033138155937195,0.23650726675987244,0.45033904910087585,1.5927553176879883,-0.7963750958442688,0.23962163925170898,0.2910018563270569,-0.024865908548235893,1.3381459712982178,0.2419278472661972,0.33550167083740234,0.132940411567688,-0.19259053468704224,-0.018915176391601562,-0.009922325611114502,-0.13294066488742828,0.19259053468704224,0.01891466975212097,0.009921818971633911,0.19088737666606903,-0.02713027596473694,0.1174890398979187,0.016313016414642334,-0.15226848423480988,0.41806066036224365,0.042114198207855225,0.004129379987716675,0.18329434096813202,0.6596295833587646,0.4744608998298645,0.2570582330226898,-0.07664238661527634,0.9105581641197205,0.2597973048686981,0.20592176914215088
391,0.5586233139038086,0.016145797446370125,-0.3688826560974121,0.6155879497528076,0.5912350416183472,-0.10401999950408936,-0.2818976044654846,0.6333630681037903,0.4399683475494385,-0.05827704071998596,-0.3775898814201355,0.5776495933532715,0.5864773988723755,-0.3075226843357086,0.08860805630683899,0.546095609664917,0.09103017300367355,-0.18371854722499847,-0.21496224403381348,0.3602879047393799,0.6459414958953857,-0.3785398602485657,0.29299402236938477,0.5245344638824463,-0.32115402817726135,-0.12412606179714203,-0.19181111454963684,-0.0970631092786789,0.9233404397964478,-0.3259274363517761,-0.33880841732025146,0.6286240220069885,-0.6972701549530029,0.191918283700943,-0.5195370316505432,-0.7113955020904541,1.0544841289520264,0.011756768450140953,-0.5382711887359619,0.8081318736076355,-0.3485276997089386,0.34234973788261414,-0.32366180419921875,-0.9957962036132812,0.3082427680492401,-0.06782463192939758,0.17530235648155212,0.12476590275764465,-0.3082427680492401,0.06782444566488266,-0.17530210316181183,-0.12476608902215958,0.3028515577316284,0.7578025460243225,0.11196418106555939,0.7849328517913818,-0.296652227640152,0.9898785948753357,-0.1443837434053421,0.571817934513092,0.000602586253080517,1.012182593345642,-0.182691752910614,0.35255300998687744,-0.330873966217041,1.2659413814544678,-0.2542315721511841,0.3553832173347473
392,0.7200729846954346,-51.67530822753906,0.16144967079162598,-51.69145584106445,0.666519284248352,-55.0754508972168,0.07528424263000488,-54.971431732177734,-0.685300886631012,-54.71498489379883,-1.1252691745758057,-54.656707763671875,-0.25356754660606384,-54.552337646484375,-0.8400449752807617,-54.244815826416016,-0.858846127986908,-53.38405227661133,-0.9498763084411621,-53.20033264160156,-0.858846127986908,-34.47041320800781,-1.5047876834869385,-34.09187316894531,-0.858846127986908,-33.47041320800781,-0.5376920700073242,-33.34628677368164,-0.858846127986908,-10.36343002319336,-1.782186508178711,-10.03750228881836,0.33500349521636963,-8.705778121948242,1.0322736501693726,-8.897696495056152,4.178367614746094,-9.304326057434082,3.1238834857940674,-9.316082954406738,3.721337080001831,-8.457643508911133,4.069864749908447,-8.799993515014648,0.00504672434180975,-0.4867895543575287,-0.3031960427761078,-0.4189649224281311,-0.00504672434180975,0.48679646849632263,0.3031960427761078,0.4189720153808594,3.2050867080688477,-7.17396879196167,2.9022350311279297,-7.931771278381348,4.06752872467041,-5.82450532913208,4.364181041717529,-6.8143839836120605,2.8061275482177734,-3.942512035369873,2.805525064468384,-4.954694747924805,1.8990848064422607,-1.3062189817428589,2.2299587726593018,-2.572160243988037
394,-0.2751629054546356,-0.1368556171655655,-0.9952359199523926,51.5384521484375,-0.3634090721607208,-0.1732320487499237,-1.0299283266067505,54.902217864990234,-0.10187831521034241,-0.20730015635490417,0.5834225416183472,54.507686614990234,-0.5616604089736938,-0.15271346271038055,-0.30809286236763,54.39962387084961,0.3084695041179657,-0.2266520857810974,1.1673156023025513,53.15740203857422,-0.6417751312255859,-0.022148313000798225,0.21707099676132202,34.448265075683594,0.3561599552631378,-0.08637871593236923,1.2150061130523682,33.384033203125,-0.6256740689277649,0.23013164103031158,0.23317205905914307,10.593562126159668,0.5661987066268921,0.15808747708797455,0.23119521141052246,8.863865852355957,-0.3311578929424286,0.168405219912529,-4.509525299072266,9.472731590270996,0.4631064534187317,0.19355928897857666,-3.258230686187744,8.651203155517578,-0.3536977767944336,0.011867116205394268,-0.3587445020675659,0.49865666031837463,0.35369762778282166,-0.011866847984492779,0.358744353055954,-0.4986633062362671,-0.26877328753471375,-0.34849536418914795,-3.473860025405884,6.825473308563232,0.32349932193756104,-0.4216430187225342,-3.7440295219421387,5.402862548828125,-0.5365186929702759,0.3895884156227112,-3.3426461219787598,4.3321003913879395,0.3565058410167694,0.2787192165851593,-1.542578935623169,1.5849381685256958
395,0.02608075924217701,-0.15412862598896027,0.3012436628341675,-0.017273008823394775,-0.08238455653190613,-0.18314962089061737,0.2810245156288147,-0.009917572140693665,0.1758815199136734,-0.21011725068092346,0.277759850025177,-0.002817094326019287,-0.3626023232936859,-0.26067689061164856,0.19905808568000793,-0.107963427901268,0.43422144651412964,-0.29751598834991455,0.12575194239616394,-0.07086390256881714,-0.5275542736053467,-0.2061137855052948,0.11422085762023926,-0.18396547436714172,0.47240450978279114,-0.21519479155540466,0.11624455451965332,-0.12881606817245483,-0.5061097741127014,0.15263374149799347,0.11956429481506348,-0.07749789953231812,0.7339826226234436,0.12941715121269226,0.1677839159965515,-0.028670325875282288,-0.24591271579265594,0.27012306451797485,0.08524517714977264,0.10171784460544586,0.5329223871231079,0.26769405603408813,0.06981593370437622,0.07413476705551147,-0.3450605571269989,-0.0017695061396807432,0.008637219667434692,-0.013636622577905655,0.34506067633628845,0.0017695061396807432,-0.008636951446533203,0.013636354357004166,-0.0893518254160881,-0.1975952684879303,0.17942145466804504,0.15090009570121765,0.5079210996627808,-0.23637424409389496,0.18442177772521973,0.18526877462863922,-0.32624563574790955,0.32925310730934143,0.21027305722236633,-0.06033530831336975,0.4619266390800476,0.17581143975257874,0.1054207980632782,-0.10290777683258057
396,-0.1551920473575592,-0.4121270179748535,-0.18127280473709106,-0.25799840688705444,-0.23983748257160187,-0.45225122570991516,-0.15745292603969574,-0.269101619720459,-0.03586810454726219,-0.4784433841705322,-0.2117496281862259,-0.26832613348960876,-0.4125657081604004,-0.5993447303771973,-0.04996338486671448,-0.3386678397655487,0.2646513283252716,-0.6295045018196106,-0.16957011818885803,-0.33198851346969604,-0.5654967427253723,-0.6167183518409729,-0.037942469120025635,-0.4106045663356781,0.43432536721229553,-0.635579526424408,-0.038079142570495605,-0.4203847348690033,-0.6269665360450745,0.07783247530460358,-0.12085676193237305,-0.07480126619338989,0.7148442268371582,0.04727150872349739,-0.0191383957862854,-0.08214564621448517,-0.3962189555168152,0.32608187198638916,-0.15030623972415924,0.05595880746841431,0.5279406905174255,0.33235031366348267,-0.004981696605682373,0.06465625762939453,-0.3499886989593506,0.004232257138937712,-0.004928141832351685,0.006001763045787811,0.3499886989593506,-0.0042319693602621555,0.004928022623062134,-0.006001475267112255,-0.2655065655708313,-0.06682924181222916,-0.1761547327041626,0.13076603412628174,0.49409356713294983,-0.12011680752038956,-0.013827532529830933,0.1162574365735054,-0.39164045453071594,0.34717127680778503,-0.0653948187828064,0.017918169498443604,0.52365642786026,0.2121613621711731,0.0617297887802124,0.03634992241859436
397,0.07998710870742798,-0.819102942943573,0.23517915606498718,-0.4069759249687195,0.02861778810620308,-0.8943246603012085,0.26845526695251465,-0.44207343459129333,0.1480109840631485,-0.8866887092590332,0.183879092335701,-0.408245325088501,-0.16564872860908508,-1.0632257461547852,0.2469169795513153,-0.4638810157775879,0.27689987421035767,-1.0136854648590088,0.01224854588508606,-0.3841809630393982,-0.49553996324539185,-1.0124552249908447,0.06995677947998047,-0.3957368731498718,0.4972824156284332,-0.8928573727607727,0.0629570484161377,-0.25727784633636475,-0.8092546463012695,-0.40068507194519043,-0.18228811025619507,-0.4785175323486328,0.7786252498626709,-0.21686379611492157,0.0637810230255127,-0.26413530111312866,-0.7428989410400391,0.17993445694446564,-0.3466799855232239,-0.14614741504192352,0.7440943121910095,0.42551201581954956,0.21615362167358398,0.0931617021560669,-0.34275510907173157,-0.027236757799983025,0.0072335898876190186,-0.031469013541936874,0.34275510907173157,0.027236757799983025,-0.0072335898876190186,0.03146872669458389,-0.32171738147735596,-0.07087565213441849,-0.05621081590652466,-0.004046410322189331,0.6584119200706482,-0.034412164241075516,0.16431835293769836,0.08570463955402374,-0.4774574935436249,0.23262321949005127,-0.08581703901290894,-0.11454805731773376,0.6704275608062744,0.2308998703956604,0.1467711329460144,0.018738508224487305
398,0.17845477163791656,-0.7947689294815063,0.09846766293048859,0.02433401346206665,0.24291659891605377,-0.9230553507804871,0.214298814535141,-0.028730690479278564,0.04336725175380707,-0.8853765726089478,-0.10464373230934143,0.0013121366500854492,0.36588340997695923,-1.0972751379013062,0.5315321683883667,-0.034049391746520996,-0.2067984640598297,-1.0057711601257324,-0.4836983382701874,0.007914304733276367,0.5423616766929626,-0.998619794845581,1.0379016399383545,0.013835430145263672,-0.45709463953971863,-0.9656477570533752,-0.9543770551681519,-0.07279038429260254,0.6701917052268982,-0.3844565749168396,1.4794464111328125,0.01622849702835083,-0.7000213861465454,-0.4141367971897125,-1.4786466360092163,-0.19727300107479095,0.6173115372657776,0.16643905639648438,1.3602104187011719,-0.013495400547981262,-0.607216477394104,0.12945309281349182,-1.3513107299804688,-0.29605892300605774,0.3454093337059021,-0.015311986207962036,0.688164472579956,0.011924771592020988,-0.3454093337059021,0.015311986207962036,-0.688164472579956,-0.011924771592020988,0.5597683191299438,0.2197927087545395,0.8814857006072998,0.2906683683395386,-0.3401976227760315,0.28716006875038147,-0.9986095428466797,0.3215722441673279,0.4589650332927704,0.27051377296447754,0.9364225268363953,0.03789055347442627,-0.3354186713695526,0.4619738459587097,-1.0058462619781494,0.23107397556304932
399,0.23012042045593262,-0.574196994304657,0.05166564881801605,0.22057193517684937,0.282754510641098,-0.7273666858673096,0.03983791172504425,0.1956886649131775,0.06485886126756668,-0.6669433116912842,0.021491609513759613,0.21843326091766357,0.4113523066043854,-0.9720321893692017,0.04546889662742615,0.1252429485321045,-0.22514353692531586,-0.8243740200996399,-0.018345072865486145,0.18139714002609253,0.5699840784072876,-0.8781949877738953,0.02762240171432495,0.12042480707168579,-0.4299847185611725,-0.8703017830848694,0.027109920978546143,0.09534597396850586,0.6916515827178955,-0.17006519436836243,0.021459877490997314,0.21439138054847717,-0.7308595180511475,-0.32754188776016235,-0.03083813190460205,0.08659490942955017,0.6749186515808105,0.41207265853881836,0.05760711431503296,0.24563360214233398,-0.6744142770767212,0.27688705921173096,-0.06719779968261719,0.14743396639823914,0.3381815552711487,-0.009434863924980164,-0.007227778434753418,0.0058771222829818726,-0.338181734085083,0.009434863924980164,0.007227599620819092,-0.0058771222829818726,0.48034241795539856,0.5118790864944458,-0.07942590117454529,0.2920863628387451,-0.3727288544178009,0.5762724280357361,-0.03253123164176941,0.2891123592853546,0.4464627802371979,0.5256385207176208,-0.01250225305557251,0.2551247477531433,-0.32189416885375977,0.7996589541435242,0.013524502515792847,0.33768510818481445
400,0.16096466779708862,-0.3555924892425537,-0.069155752658844,0.21860450506210327,0.20447354018688202,-0.5140377283096313,-0.078280970454216,0.21332895755767822,-0.01679401285946369,-0.4459760785102844,-0.08165287226438522,0.22096723318099976,0.34555289149284363,-0.7964718341827393,-0.06579941511154175,0.1755603551864624,-0.30374711751937866,-0.6280101537704468,-0.0786035805940628,0.19636386632919312,0.516940712928772,-0.7594701647758484,-0.053043365478515625,0.11872482299804688,-0.480932354927063,-0.6942827701568604,-0.0509476363658905,0.17601901292800903,0.6326741576194763,-0.08133187144994736,-0.05897742509841919,0.08873332291841507,-0.7126955986022949,-0.13557523488998413,0.01816391944885254,0.19196665287017822,0.595314621925354,0.504344642162323,-0.07960402965545654,0.09227198362350464,-0.6663900017738342,0.4309469759464264,0.008024275302886963,0.15405991673469543,0.3333677053451538,-0.02343161217868328,-0.004813849925994873,-0.013996748253703117,-0.3333677053451538,0.0234319306910038,0.004814028739929199,0.013997066766023636,0.4906134605407715,0.46576470136642456,0.010271042585372925,-0.04611438512802124,-0.37292206287384033,0.5787680149078369,-0.0001932084560394287,0.00249558687210083,0.36613646149635315,0.42540785670280457,-0.08032631874084473,-0.10023066401481628,-0.3603900372982025,0.7265790700912476,-0.03849586844444275,-0.07307988405227661
401,0.13085459172725677,-0.13070735335350037,-0.030110076069831848,0.22488513588905334,0.17806459963321686,-0.2804087698459625,-0.02640894055366516,0.23362895846366882,-0.03671637549996376,-0.22031205892562866,-0.01992236264050007,0.22566401958465576,0.30636364221572876,-0.5443611741065979,-0.03918924927711487,0.25211066007614136,-0.33306464552879333,-0.39152106642723083,-0.029317528009414673,0.23648908734321594,0.47556060552597046,-0.5543809533119202,-0.041380107402801514,0.20508921146392822,-0.5185293555259705,-0.44582077860832214,-0.03759700059890747,0.2484619915485382,0.6160003542900085,0.1136477142572403,-0.016673803329467773,0.19497957825660706,-0.7548791170120239,0.17153967916965485,-0.042183518409729004,0.3071148991584778,0.5640906095504761,0.788572371006012,-0.03122401237487793,0.28422772884368896,-0.7221850156784058,0.7548450231552124,-0.05579501390457153,0.323898047208786,0.3334360718727112,-0.0320650190114975,6.836652755737305e-05,-0.008633406832814217,-0.3334360718727112,0.03206518292427063,-6.836652755737305e-05,0.00863325223326683,0.46476665139198303,0.45902857184410095,-0.025846809148788452,-0.006736129522323608,-0.42946553230285645,0.590765655040741,-0.05654346942901611,0.011997640132904053,0.35923153162002563,0.5491615533828735,-0.006904929876327515,0.12375369668006897,-0.43975576758384705,0.8148593902587891,-0.07936573028564453,0.0882803201675415
402,-0.05660374090075493,0.13960114121437073,-0.187458336353302,0.2703084945678711,0.008623442612588406,-0.022336456924676895,-0.16944116353988647,0.2580723166465759,-0.25347888469696045,0.03615935146808624,-0.216762512922287,0.2564713954925537,0.2278539091348648,-0.331073135137558,-0.07850973308086395,0.21328803896903992,-0.5007289052009583,-0.16757738590240479,-0.16766425967216492,0.22394368052482605,0.45135918259620667,-0.3763338327407837,-0.024201422929763794,0.17804712057113647,-0.5471974611282349,-0.322624534368515,-0.028668105602264404,0.12319624423980713,0.5844303369522095,0.33095917105674744,-0.03157001733779907,0.21731145679950714,-0.7532390356063843,0.2559365928173065,0.0016400814056396484,0.08439691364765167,0.5711326003074646,0.8979776501655579,0.007041990756988525,0.1094052791595459,-0.7065989375114441,0.8462012410163879,0.01558607816696167,0.09135621786117554,0.3377869725227356,-0.019639478996396065,0.004350900650024414,0.012425540015101433,-0.33778712153434753,0.019639478996396065,-0.0043510496616363525,-0.012425703927874565,0.5304776430130005,0.49435093998908997,0.06571099162101746,0.035322368144989014,-0.45727401971817017,0.5876455307006836,-0.02780848741531372,-0.003120124340057373,0.5015913844108582,0.5479274392127991,0.14235985279083252,-0.0012341141700744629,-0.4435094892978668,0.834550678730011,-0.0037537217140197754,0.019691288471221924
403,-0.05542118847370148,0.0610259585082531,0.0011825524270534515,-0.07857517898082733,0.004948602057993412,-0.13566815853118896,-0.0036748405545949936,-0.11333170533180237,-0.28795287013053894,-0.033272866159677505,-0.03447398543357849,-0.06943221390247345,0.22213442623615265,-0.43578338623046875,-0.005719482898712158,-0.10471025109291077,-0.5526707768440247,-0.16920562088489532,-0.051941871643066406,-0.0016282349824905396,0.4418882131576538,-0.3990877866744995,-0.009470969438552856,-0.02275395393371582,-0.5496054887771606,-0.26893338561058044,-0.0024080276489257812,0.05369114875793457,0.5812168121337891,0.3623657822608948,-0.00321352481842041,0.03140661120414734,-0.8358376622200012,0.3353985846042633,-0.08259862661361694,0.07946199178695679,0.5750396251678467,0.9699791073799133,0.00390702486038208,0.07200145721435547,-0.7695299386978149,0.8975297212600708,-0.06293100118637085,0.05132848024368286,0.3327149450778961,-0.03935883939266205,-0.0050720274448394775,-0.019719360396265984,-0.3327149450778961,0.03935901075601578,0.005072176456451416,0.019719531759619713,0.5678240060806274,0.3863109052181244,0.03734636306762695,-0.10804003477096558,-0.46885573863983154,0.5496582984924316,-0.011581718921661377,-0.03798723220825195,0.5197970271110535,0.5033242702484131,0.018205642700195312,-0.044603168964385986,-0.5541514158248901,0.9239866137504578,-0.11064192652702332,0.08943593502044678
404,-0.015634406358003616,-0.184462308883667,0.03978678211569786,-0.2454882711172104,0.051266010850667953,-0.395595908164978,0.046317409723997116,-0.25992774963378906,-0.26920807361602783,-0.28509652614593506,0.01874479651451111,-0.25182366371154785,0.29300686717033386,-0.7174669504165649,0.07087244093418121,-0.2816835641860962,-0.5348193049430847,-0.41985151171684265,0.01785147190093994,-0.25064587593078613,0.5017246007919312,-0.6519948840141296,0.059836387634277344,-0.2529070973396301,-0.4831863045692444,-0.47893279790878296,0.06641918420791626,-0.20999941229820251,0.6878884434700012,0.11808730661869049,0.10667163133621216,-0.24427847564220428,-0.7665767669677734,0.1641847789287567,0.06926089525222778,-0.1712138056755066,0.6670142412185669,0.8204674124717712,0.09197461605072021,-0.1495116949081421,-0.6550217866897583,0.7973248958587646,0.11450815200805664,-0.10020482540130615,0.32351765036582947,-0.04150959476828575,-0.00919729471206665,-0.002150755375623703,-0.32351765036582947,0.04150959476828575,0.00919729471206665,0.0021505840122699738,0.46120357513427734,0.4479464292526245,-0.1066204309463501,0.06163552403450012,-0.43227484822273254,0.6136322021484375,0.036580890417099,0.06397390365600586,0.439264178276062,0.5715947151184082,-0.08053284883499146,0.06827044486999512,-0.44816696643829346,1.0031068325042725,0.10598444938659668,0.0791202187538147
405,-0.07568098604679108,-0.19521555304527283,-0.06004657968878746,-0.010753244161605835,0.0003044318000320345,-0.4003141522407532,-0.050961580127477646,-0.0047182440757751465,-0.330166757106781,-0.30114588141441345,-0.060958683490753174,-0.016049355268478394,0.2586832642555237,-0.7128846049308777,-0.03432360291481018,0.004582345485687256,-0.5784541964530945,-0.43777692317962646,-0.043634891510009766,-0.017925411462783813,0.4738192856311798,-0.6489108800888062,-0.027905315160751343,0.0030840039253234863,-0.5123395323753357,-0.48310765624046326,-0.02915322780609131,-0.004174858331680298,0.6516088843345642,0.15298953652381897,-0.03627955913543701,0.03490222990512848,-0.7694729566574097,0.21437087655067444,-0.0028961896896362305,0.050186097621917725,0.6682174205780029,0.8102893233299255,0.0012031793594360352,-0.010178089141845703,-0.6338306665420532,0.8053616285324097,0.021191120147705078,0.00803673267364502,0.3202857971191406,-0.04069209843873978,-0.0032318532466888428,0.0008174963295459747,-0.3202857971191406,0.04069209843873978,0.0032318532466888428,-0.0008174963295459747,0.44473958015441895,0.5586752891540527,-0.0164639949798584,0.11072885990142822,-0.39573365449905396,0.7193934917449951,0.03654119372367859,0.10576128959655762,0.40951964259147644,0.6825802326202393,-0.02974453568458557,0.11098551750183105,-0.3841843008995056,1.093553900718689,0.06398266553878784,0.0904470682144165
406,-0.05278388783335686,-0.10115184634923935,0.02289709821343422,0.09406370669603348,0.013252201490104198,-0.3051011264324188,0.012947769835591316,0.09521302580833435,-0.302474707365036,-0.2032138705253601,0.027692049741744995,0.09793201088905334,0.2558284401893616,-0.6163024306297302,-0.0028548240661621094,0.09658217430114746,-0.5562683939933777,-0.3345794379711151,0.022185802459716797,0.10319748520851135,0.46488600969314575,-0.55108243227005,-0.008933275938034058,0.0978284478187561,-0.515169084072113,-0.35235655307769775,-0.0028295516967773438,0.1307511031627655,0.6441229581832886,0.26731419563293457,-0.007485926151275635,0.1143246591091156,-0.7236821055412292,0.4111434817314148,0.04579085111618042,0.19677260518074036,0.69245445728302,0.8693793416023254,0.02423703670501709,0.0590900182723999,-0.5658841133117676,0.9392159581184387,0.06794655323028564,0.13385432958602905,0.3238546848297119,-0.050749823451042175,0.003568887710571289,-0.010057725012302399,-0.3238545358181,0.050749823451042175,-0.0035687386989593506,0.010057725012302399,0.5159697532653809,0.4701656699180603,0.07123017311096191,-0.08850961923599243,-0.41489163041114807,0.6630257964134216,-0.019157975912094116,-0.056367695331573486,0.5236253142356873,0.5699272155761719,0.11410567164421082,-0.11265301704406738,-0.39217299222946167,1.0016345977783203,-0.007988691329956055,-0.09191930294036865
407,-0.06964845955371857,-0.07380416244268417,-0.01686457172036171,0.027347683906555176,0.0022656614892184734,-0.27783694863319397,-0.010986540466547012,0.027264177799224854,-0.3163364827632904,-0.18296749889850616,-0.013861775398254395,0.020246371626853943,0.23638753592967987,-0.5785688757896423,-0.0194409042596817,0.03773355484008789,-0.5856484174728394,-0.3187111020088196,-0.02938002347946167,0.015868335962295532,0.4321657121181488,-0.5206397175788879,-0.03272029757499695,0.03044271469116211,-0.5482752323150635,-0.32382625341415405,-0.03310614824295044,0.0285302996635437,0.6536926031112671,0.31419581174850464,0.009569644927978516,0.04688161611557007,-0.6938579678535461,0.48247984051704407,0.029824137687683105,0.07133635878562927,0.7466945052146912,0.9442082643508911,0.05424004793167114,0.07482892274856567,-0.5484951734542847,0.9938113689422607,0.01738893985748291,0.05459541082382202,0.3294941484928131,-0.05194243788719177,0.005639463663101196,-0.0011926144361495972,-0.3294941484928131,0.05194243788719177,-0.005639612674713135,0.0011926144361495972,0.5754485130310059,0.4547542929649353,0.059478759765625,-0.015411376953125,-0.4363132119178772,0.6491708159446716,-0.021421581506729126,-0.01385498046875,0.6226468086242676,0.6178022623062134,0.09902149438858032,0.047875046730041504,-0.4143698215484619,1.0217260122299194,-0.022196829319000244,0.02009141445159912
408,-0.09823539108037949,-0.31399548053741455,-0.02858693152666092,-0.24019131064414978,-0.016708854585886,-0.5450142025947571,-0.018974516540765762,-0.2671772539615631,-0.36535388231277466,-0.43444496393203735,-0.04901739954948425,-0.2514774799346924,0.2563023269176483,-0.8552417159080505,0.019914790987968445,-0.2766728401184082,-0.6242331266403198,-0.5566512942314148,-0.03858470916748047,-0.23794019222259521,0.45876258611679077,-0.6440950632095337,0.026596873998641968,-0.12345534563064575,-0.5234640836715698,-0.45639657974243164,0.024811148643493652,-0.1325703263282776,0.691612184047699,0.21178939938545227,0.037919580936431885,-0.10240641236305237,-0.6646098494529724,0.30728933215141296,0.02924811840057373,-0.1751905083656311,0.8838788270950317,0.8766950368881226,0.13718432188034058,-0.06751322746276855,-0.5152983069419861,0.8601064682006836,0.033196866512298584,-0.13370490074157715,0.33018380403518677,-0.05125519633293152,0.0006896555423736572,0.0006872415542602539,-0.33018380403518677,0.051255375146865845,-0.0006896555423736572,-0.0006870627403259277,0.6450278162956238,0.39996466040611267,0.06957930326461792,-0.05478963255882263,-0.3909507095813751,0.6001797318458557,0.045362502336502075,-0.04899108409881592,0.775515615940094,0.4026928246021271,0.15286880731582642,-0.2151094377040863,-0.3004607558250427,0.8756040930747986,0.11390906572341919,-0.14612191915512085
409,-0.14621515572071075,-0.297389417886734,-0.04797976464033127,0.016606062650680542,-0.06818017363548279,-0.5159838795661926,-0.051471319049596786,0.029030323028564453,-0.3973340690135956,-0.42235487699508667,-0.03198018670082092,0.012090086936950684,0.21278761327266693,-0.8312839269638062,-0.043514713644981384,0.023957788944244385,-0.6293254494667053,-0.5709141492843628,-0.005092322826385498,-0.014262855052947998,0.457578182220459,-0.6126359105110168,-0.0011844038963317871,0.031459152698516846,-0.5325534343719482,-0.4724958539009094,-0.009089350700378418,-0.016099274158477783,0.6866419315338135,0.26665443181991577,-0.004970252513885498,0.0548650324344635,-0.6495445966720581,0.29935380816459656,0.015065252780914307,-0.007935523986816406,0.8773992657661438,0.8956331014633179,-0.0064795613288879395,0.018938064575195312,-0.48451969027519226,0.8621346354484558,0.030778616666793823,0.002028167247772217,0.33400222659111023,-0.03994816169142723,0.003818422555923462,0.011307034641504288,-0.33400222659111023,0.0399479866027832,-0.003818422555923462,-0.011307388544082642,0.6476098299026489,0.5047202110290527,0.0025820136070251465,0.10475555062294006,-0.38366180658340454,0.6703680753707886,0.007288902997970581,0.07018834352493286,0.7664864659309387,0.4918796122074127,-0.009029150009155273,0.08918678760528564,-0.2806629240512848,0.922912061214447,0.019797831773757935,0.04730796813964844
410,-0.18142373859882355,-0.28685012459754944,-0.03520858287811279,0.01053929328918457,-0.09893783926963806,-0.5210297107696533,-0.030757665634155273,-0.005045831203460693,-0.44480010867118835,-0.4101710915565491,-0.04746603965759277,0.012183785438537598,0.19128704071044922,-0.8263636231422424,-0.021500572562217712,0.004920303821563721,-0.6758619546890259,-0.5256240963935852,-0.04653650522232056,0.04529005289077759,0.4360729455947876,-0.5836710929870605,-0.021505236625671387,0.0289648175239563,-0.5413786172866821,-0.3725109100341797,-0.008825182914733887,0.09998494386672974,0.6878613829612732,0.26996275782585144,0.0012194514274597168,0.003308326005935669,-0.6060710549354553,0.4157503843307495,0.04347354173660278,0.11639657616615295,0.8829660415649414,0.9365646839141846,0.005566775798797607,0.0409315824508667,-0.4242037534713745,0.9460498690605164,0.06031593680381775,0.08391523361206055,0.32643112540245056,-0.05577283725142479,-0.007571101188659668,-0.01582467555999756,-0.32643112540245056,0.05577266216278076,0.007571101188659668,0.01582467555999756,0.647213876247406,0.38722869753837585,-0.0003959536552429199,-0.11749151349067688,-0.3478747308254242,0.6036831140518188,0.03578707575798035,-0.06668496131896973,0.7370897531509399,0.40130916237831116,-0.02939671277999878,-0.09057044982910156,-0.2323903888463974,0.8816681504249573,0.04827253520488739,-0.041243910789489746
411,-0.2753019630908966,-0.2501213848590851,-0.09387822449207306,0.036728739738464355,-0.18896204233169556,-0.46340346336364746,-0.0900242030620575,0.05762624740600586,-0.5125290155410767,-0.38792333006858826,-0.0677289068698883,0.022247761487960815,0.11494461447000504,-0.7851141095161438,-0.07634242624044418,0.04124951362609863,-0.7111024260520935,-0.5607598423957825,-0.03524047136306763,-0.035135746002197266,0.3935336172580719,-0.5843193531036377,-0.0425393283367157,-0.0006482601165771484,-0.5890653729438782,-0.398579865694046,-0.047686755657196045,-0.026068955659866333,0.6644285321235657,0.2486761212348938,-0.02343285083770752,-0.02128663659095764,-0.6003357172012329,0.41285479068756104,0.005735337734222412,-0.0028955936431884766,0.8458253145217896,0.9468571543693542,-0.037140727043151855,0.010292470455169678,-0.40913400053977966,0.9371552467346191,0.015069752931594849,-0.008894622325897217,0.3287876844406128,-0.048972584307193756,0.0023565590381622314,0.006800252944231033,-0.3287876844406128,0.048972416669130325,-0.0023565590381622314,-0.006800245493650436,0.6153407096862793,0.46551990509033203,-0.03187316656112671,0.07829120755195618,-0.32926273345947266,0.6510652899742126,0.018611997365951538,0.0473821759223938,0.7433334589004517,0.5023913979530334,0.006243705749511719,0.10108223557472229,-0.107493557035923,0.8778784871101379,0.1248968318104744,-0.003789663314819336
412,-0.2701023519039154,-0.3860127031803131,0.005199611186981201,-0.13589131832122803,-0.18937432765960693,-0.5946405529975891,-0.00041228532791137695,-0.13123708963394165,-0.48230135440826416,-0.5290648341178894,0.0302276611328125,-0.14114150404930115,0.0663921982049942,-0.8873639702796936,-0.048552416265010834,-0.1022498607635498,-0.6938574314117432,-0.7008141279220581,0.017244994640350342,-0.14005428552627563,0.3525537848472595,-0.6270792484283447,-0.04097983241081238,-0.04275989532470703,-0.6377817988395691,-0.4883875548839569,-0.04871642589569092,-0.08980768918991089,0.6777210831642151,0.13912667334079742,0.013292551040649414,-0.10954944789409637,-0.6496191620826721,0.23735196888446808,-0.04928344488143921,-0.17550282180309296,0.8109169602394104,0.8013755679130554,-0.03490835428237915,-0.14548158645629883,-0.4454655647277832,0.805492103099823,-0.03633156418800354,-0.13166314363479614,0.3334388732910156,-0.04281337186694145,0.004651188850402832,0.006159212440252304,-0.3334386944770813,0.04281337186694145,-0.004651010036468506,-0.006159044802188873,0.5971788167953491,0.3505123555660248,-0.018161892890930176,-0.11500754952430725,-0.3408240079879761,0.5081493854522705,-0.011561274528503418,-0.14291590452194214,0.7334120273590088,0.46136918663978577,-0.009921431541442871,-0.04102221131324768,-0.06791488081216812,0.7901697158813477,0.03957867622375488,-0.08770877122879028
413,-0.2853841781616211,-0.2975793182849884,-0.015281826257705688,0.08843338489532471,-0.19202002882957458,-0.49416008591651917,-0.0026457011699676514,0.10048046708106995,-0.4848671555519104,-0.45256951451301575,-0.0025658011436462402,0.07649531960487366,0.09327639639377594,-0.7901262640953064,0.02688419818878174,0.09723770618438721,-0.6687901616096497,-0.6534884572029114,0.025067269802093506,0.04732567071914673,0.38407739996910095,-0.5434523820877075,0.03152361512184143,0.08362686634063721,-0.6103948354721069,-0.43845251202583313,0.027386963367462158,0.04993504285812378,0.687850832939148,0.19480673968791962,0.010129749774932861,0.05568006634712219,-0.6218167543411255,0.2831563651561737,0.02780240774154663,0.04580439627170563,0.8330579996109009,0.8406659960746765,0.02214103937149048,0.039290428161621094,-0.4038500487804413,0.8543297648429871,0.04161551594734192,0.04883766174316406,0.33689436316490173,-0.03466842323541641,0.0034554898738861084,0.00814494863152504,-0.33689436316490173,0.03466842323541641,-0.0034556686878204346,-0.00814494863152504,0.6205306053161621,0.3827306926250458,0.02335178852081299,0.032218337059020996,-0.3091217875480652,0.5151786208152771,0.03170222043991089,0.007029235363006592,0.783717155456543,0.489707350730896,0.05030512809753418,0.02833816409111023,-0.003963971510529518,0.7676360607147217,0.06395091116428375,-0.022533655166625977
414,-0.26624569296836853,-0.35938379168510437,0.019138485193252563,-0.06180447340011597,-0.17781075835227966,-0.5737401843070984,0.014209270477294922,-0.07958009839057922,-0.4781637489795685,-0.5144842863082886,0.006703406572341919,-0.06191477179527283,0.1261831372976303,-0.883808970451355,0.03290674090385437,-0.09368270635604858,-0.6503557562828064,-0.7030758857727051,0.01843440532684326,-0.0495874285697937,0.42502561211586,-0.576968252658844,0.04094821214675903,-0.033515870571136475,-0.5667954087257385,-0.44933199882507324,0.04359942674636841,-0.010879486799240112,0.7105153203010559,0.17908863723278046,0.02266448736190796,-0.01571810245513916,-0.6193413734436035,0.26650774478912354,0.0024753808975219727,-0.01664862036705017,0.8766628503799438,0.821625292301178,0.04360485076904297,-0.019040703773498535,-0.40739181637763977,0.8350797891616821,-0.0035417675971984863,-0.01924997568130493,0.3335902690887451,-0.04045011103153229,-0.003304094076156616,-0.005781687796115875,-0.33359044790267944,0.04044993966817856,0.00330391526222229,0.005781516432762146,0.650780975818634,0.3667730391025543,0.030250370502471924,-0.015957653522491455,-0.26443272829055786,0.5279740691184998,0.044689059257507324,0.012795448303222656,0.8358274102210999,0.4492458701133728,0.052110254764556885,-0.04046148061752319,0.04802781343460083,0.8026255965232849,0.0519917830824852,0.03498953580856323
415,-0.3056066036224365,-0.445859432220459,-0.03936091065406799,-0.08647564053535461,-0.20949065685272217,-0.6694706082344055,-0.031679898500442505,-0.09573042392730713,-0.5191531777381897,-0.5919633507728577,-0.040989428758621216,-0.07747906446456909,0.11203701049089432,-0.9440208673477173,-0.014146126806735992,-0.060211896896362305,-0.6766093373298645,-0.7289785146713257,-0.026253581047058105,-0.025902628898620605,0.4222826361656189,-0.5776455998420715,-0.002742975950241089,-0.0006773471832275391,-0.5659686923027039,-0.42480799555778503,0.000826716423034668,0.024524003267288208,0.685158371925354,0.17000123858451843,-0.025356948375701904,-0.009087398648262024,-0.6213223934173584,0.265082985162735,-0.001981019973754883,-0.0014247596263885498,0.852963924407959,0.8447844386100769,-0.023698925971984863,0.023159146308898926,-0.4255015254020691,0.8536553978919983,-0.01810970902442932,0.018575608730316162,0.3320404887199402,-0.04407663643360138,-0.0015497803688049316,-0.003626525402069092,-0.3320404887199402,0.04407646507024765,0.0015499591827392578,0.003626525402069092,0.6257640719413757,0.32041501998901367,-0.0250169038772583,-0.04635801911354065,-0.3009755313396454,0.5017315149307251,-0.036542803049087524,-0.026242554187774658,0.8257207274436951,0.44375869631767273,-0.010106682777404785,-0.005487173795700073,0.01050163060426712,0.8424487113952637,-0.03752618283033371,0.03982311487197876
416,-0.25906461477279663,-0.24182146787643433,0.04654198884963989,0.20403796434402466,-0.17043644189834595,-0.449489027261734,0.03905421495437622,0.2199815809726715,-0.473272442817688,-0.3832208514213562,0.04588073492050171,0.20874249935150146,0.14422611892223358,-0.7419830560684204,0.032189108431339264,0.20203781127929688,-0.6334574818611145,-0.5449172854423523,0.04315185546875,0.1840612292289734,0.45912793278694153,-0.4506867229938507,0.03684529662132263,0.12695887684822083,-0.5348573327064514,-0.3411727845668793,0.03111135959625244,0.08363521099090576,0.6855927109718323,0.3382357060909271,0.0004343390464782715,0.1682344675064087,-0.5910678505897522,0.3666463792324066,0.0302545428276062,0.10156339406967163,0.8268033862113953,0.9380824565887451,-0.02616053819656372,0.09329801797866821,-0.3472604751586914,0.912306547164917,0.07824105024337769,0.0586511492729187,0.3338545858860016,-0.033110830932855606,0.0018140971660614014,0.010965805500745773,-0.33385443687438965,0.033110830932855606,-0.0018139481544494629,-0.010965634137392044,0.6010045409202576,0.47263452410697937,-0.024759531021118164,0.1522195041179657,-0.33224180340766907,0.622677206993103,-0.03126627206802368,0.12094569206237793,0.7306132316589355,0.5862547159194946,-0.09510749578475952,0.1424960196018219,-0.07986678183078766,0.958152174949646,-0.09036841243505478,0.11570346355438232
417,-0.2906254231929779,-0.4441159665584564,-0.031560808420181274,-0.2022944986820221,-0.18520064651966095,-0.6413158178329468,-0.014764204621315002,-0.19182679057121277,-0.49412521719932556,-0.5913686752319336,-0.020852774381637573,-0.2081478238105774,0.12396445870399475,-0.9031662344932556,-0.02026166021823883,-0.1611831784248352,-0.6595856547355652,-0.7505155205726624,-0.026128172874450684,-0.20559823513031006,0.4230720102787018,-0.583920419216156,-0.036055922508239746,-0.1332336962223053,-0.5746076107025146,-0.515836775302887,-0.03975027799606323,-0.1746639907360077,0.6639700531959534,0.23504701256752014,-0.021622657775878906,-0.10318869352340698,-0.5649164915084839,0.19680699706077576,0.02615135908126831,-0.16983938217163086,0.8057107925415039,0.824162483215332,-0.021092593669891357,-0.11391997337341309,-0.3712862432003021,0.7392009496688843,-0.024025768041610718,-0.17310559749603271,0.33795228600502014,-0.02334560640156269,0.004097700119018555,0.009765224531292915,-0.33795228600502014,0.02334560640156269,-0.004097849130630493,-0.009765224531292915,0.6242079138755798,0.4514029622077942,0.023203372955322266,-0.02123156189918518,-0.32922816276550293,0.5580504536628723,0.0030136406421661377,-0.06462675333023071,0.783831000328064,0.4912506341934204,0.05321776866912842,-0.09500408172607422,-0.017549237236380577,0.7889800667762756,0.06231754273176193,-0.16917210817337036
418,-0.32649773359298706,-0.5916439890861511,-0.035872310400009155,-0.1475280225276947,-0.2166641801595688,-0.7865690588951111,-0.03146353363990784,-0.1452532410621643,-0.5097082257270813,-0.7336459159851074,-0.015583008527755737,-0.14227724075317383,0.08083952218294144,-1.0160897970199585,-0.043124936521053314,-0.11292356252670288,-0.6647347211837769,-0.8717668652534485,-0.00514906644821167,-0.12125134468078613,0.38986000418663025,-0.6717591881752014,-0.03321200609207153,-0.08783876895904541,-0.6083770394325256,-0.6124051213264465,-0.033769428730010986,-0.09656834602355957,0.6420618295669556,0.07604832202196121,-0.021908223628997803,-0.15899869799613953,-0.6480263471603394,0.03746552765369415,-0.08310985565185547,-0.1593414694070816,0.7405981421470642,0.6367215514183044,-0.0651126503944397,-0.1874409317970276,-0.43234556913375854,0.6109028458595276,-0.06105932593345642,-0.1282981038093567,0.33713245391845703,-0.02407264895737171,-0.0008198320865631104,-0.000727042555809021,-0.33713245391845703,0.024072488769888878,0.0008198320865631104,0.0007268823683261871,0.5557267069816589,0.26476651430130005,-0.0684812068939209,-0.18663644790649414,-0.3110417425632477,0.373058021068573,0.01818642020225525,-0.18499243259429932,0.6925365328788757,0.37829452753067017,-0.09129446744918823,-0.11295610666275024,-0.009975984692573547,0.6706151962280273,0.00757325254380703,-0.11836487054824829
419,-0.329856812953949,-0.6100583076477051,-0.003359079360961914,-0.018414318561553955,-0.20930394530296326,-0.8015019297599792,0.00736023485660553,-0.014932870864868164,-0.509185254573822,-0.7516082525253296,0.0005229711532592773,-0.017962336540222168,0.09354424476623535,-1.0049384832382202,0.012704722583293915,0.011151313781738281,-0.6588549613952637,-0.8714039325714111,0.005879759788513184,0.0003629326820373535,0.3881964683532715,-0.6591078639030457,-0.0016635358333587646,0.012651324272155762,-0.6104035973548889,-0.6062137484550476,-0.0020265579223632812,0.006191372871398926,0.6027510166168213,0.08611912280321121,-0.03931081295013428,0.01007080078125,-0.6411721110343933,0.03701227530837059,0.006854236125946045,-0.0004532523453235626,0.6809676289558411,0.632938027381897,-0.059630513191223145,-0.0037835240364074707,-0.42897188663482666,0.5944966673851013,0.0033736824989318848,-0.01640617847442627,0.3387531340122223,-0.02196459472179413,0.0016206800937652588,0.0021080542355775833,-0.3387531340122223,0.02196459472179413,-0.0016206800937652588,-0.0021078940480947495,0.5502586960792542,0.19229403138160706,-0.005468010902404785,-0.072472482919693,-0.35541078448295593,0.29413798451423645,-0.04436904191970825,-0.07892003655433655,0.6987506747245789,0.3699076771736145,0.006214141845703125,-0.008386850357055664,-0.03787679225206375,0.6470388174057007,-0.027900807559490204,-0.02357637882232666
420,-0.3187689483165741,-0.5981069207191467,0.011087864637374878,0.01195138692855835,-0.19915224611759186,-0.7907251119613647,0.010151699185371399,0.010776817798614502,-0.5015367269515991,-0.7372793555259705,0.0076485276222229,0.01432889699935913,0.09927713125944138,-0.9890506267547607,0.005732886493206024,0.015887856483459473,-0.6564244031906128,-0.8472805619239807,0.002430558204650879,0.02412337064743042,0.39277949929237366,-0.6360340118408203,0.004583030939102173,0.023073852062225342,-0.6055368781089783,-0.5780306458473206,0.0048667192459106445,0.02818310260772705,0.609234631061554,0.1146434023976326,0.006483614444732666,0.028524279594421387,-0.6325873732566833,0.06703219562768936,0.008584737777709961,0.03001992031931877,0.6852486729621887,0.6679823398590088,0.004281044006347656,0.035044312477111816,-0.43880799412727356,0.6373966336250305,-0.0098361074924469,0.0428999662399292,0.3376954197883606,-0.02318577840924263,-0.0010577142238616943,-0.0012211836874485016,-0.3376954197883606,0.023185933008790016,0.0010577142238616943,0.0012213382869958878,0.5665634274482727,0.23887702822685242,0.016304731369018555,0.04658299684524536,-0.33702802658081055,0.34449225664138794,0.018382757902145386,0.05035427212715149,0.7010444402694702,0.4226030707359314,0.0022937655448913574,0.052695393562316895,-0.031094029545783997,0.710320234298706,0.006782762706279755,0.06328141689300537
421,-0.3131839334964752,-0.5908831357955933,0.005585014820098877,0.007223784923553467,-0.18724137544631958,-0.7805145978927612,0.011910870671272278,0.010210514068603516,-0.4997886121273041,-0.722895085811615,0.001748114824295044,0.014384269714355469,0.09671559184789658,-0.9344137907028198,-0.0025615394115448,0.05463683605194092,-0.6708755493164062,-0.7893338203430176,-0.014451146125793457,0.057946741580963135,0.37839198112487793,-0.5834721922874451,-0.014387518167495728,0.052561819553375244,-0.61846524477005,-0.504253625869751,-0.012928366661071777,0.07377701997756958,0.6564544439315796,0.1520683467388153,0.047219812870025635,0.03742494434118271,-0.6448540091514587,0.1581883281469345,-0.01226663589477539,0.09115613251924515,0.7511783242225647,0.701380729675293,0.06592965126037598,0.03339838981628418,-0.45895373821258545,0.7220486402511597,-0.02014574408531189,0.08465200662612915,0.3388858437538147,-0.02767573855817318,0.0011904239654541016,-0.00448996014893055,-0.3388858437538147,0.027675580233335495,-0.0011904239654541016,0.004489647224545479,0.615824282169342,0.260819673538208,0.049260854721069336,0.02194264531135559,-0.3500148355960846,0.36992207169532776,-0.012986809015274048,0.02542981505393982,0.7075891494750977,0.4941553473472595,0.006544709205627441,0.07155227661132812,-0.1507418304681778,0.7679099440574646,-0.1196478009223938,0.057589709758758545
422,-0.2935943901538849,-0.5166575312614441,0.019589543342590332,0.07422560453414917,-0.16403089463710785,-0.6955731511116028,0.02321048080921173,0.08494144678115845,-0.4874931573867798,-0.6440809965133667,0.012295454740524292,0.07881408929824829,0.1096009835600853,-0.8296265602111816,0.01288539171218872,0.10478723049163818,-0.6838781833648682,-0.6903324723243713,-0.013002634048461914,0.09900134801864624,0.3488410711288452,-0.5220986604690552,-0.029550909996032715,0.06137353181838989,-0.6415109634399414,-0.383524626493454,-0.023045718669891357,0.120728999376297,0.5691289305686951,0.19697526097297668,-0.08732551336288452,0.04490691423416138,-0.6060201525688171,0.3194325566291809,0.0388338565826416,0.1612442284822464,0.6585503816604614,0.7827155590057373,-0.09262794256210327,0.08133482933044434,-0.46331897377967834,0.7659980058670044,-0.0043652355670928955,0.04394936561584473,0.3352068364620209,-0.03614351153373718,-0.0036790072917938232,-0.008467772975564003,-0.3352069854736328,0.03614366427063942,0.0036788582801818848,0.008468084037303925,0.5719227194786072,0.39428192377090454,-0.04390156269073486,0.13346225023269653,-0.39664989709854126,0.5263732671737671,-0.046635061502456665,0.15645119547843933,0.6275590658187866,0.6189021468162537,-0.08003008365631104,0.12474679946899414,-0.19265860319137573,0.8615415096282959,-0.04191677272319794,0.0936315655708313
423,-0.25012826919555664,-0.5707620978355408,0.04346612095832825,-0.05410456657409668,-0.12317556142807007,-0.746464729309082,0.04085533320903778,-0.05089157819747925,-0.4410952031612396,-0.6940494179725647,0.04639795422554016,-0.049968421459198,0.13189710676670074,-0.8604120016098022,0.022296123206615448,-0.030785441398620605,-0.6448574662208557,-0.7222294807434082,0.03902071714401245,-0.031897008419036865,0.36535364389419556,-0.5296065211296082,0.016512572765350342,-0.0075078606605529785,-0.6270226836204529,-0.4063619375228882,0.014488279819488525,-0.022837311029434204,0.5796117186546326,0.22290576994419098,0.0104827880859375,0.025930508971214294,-0.5836082100868225,0.31538137793540955,0.02241194248199463,-0.004051178693771362,0.6793009638786316,0.7775737643241882,0.020750582218170166,-0.005141794681549072,-0.458003968000412,0.754615068435669,0.005315005779266357,-0.01138293743133545,0.3362334668636322,-0.03295843303203583,0.0010266304016113281,0.003185078501701355,-0.3362334668636322,0.03295828402042389,-0.0010264813899993896,-0.0031853802502155304,0.5744224786758423,0.3862704336643219,0.0024997591972351074,-0.008011490106582642,-0.4141483008861542,0.5110812187194824,-0.017498403787612915,-0.015292048454284668,0.623938262462616,0.6180769205093384,-0.0036208033561706543,-0.0008252263069152832,-0.21403925120830536,0.8636012673377991,-0.021380648016929626,0.002059757709503174
424,-0.2631922960281372,-0.7580013275146484,-0.013064026832580566,-0.18723922967910767,-0.13270148634910583,-0.9359215497970581,-0.009525924921035767,-0.18945682048797607,-0.45053884387016296,-0.8833447098731995,-0.00944364070892334,-0.18929529190063477,0.1221599206328392,-1.0311412811279297,-0.009737186133861542,-0.17072927951812744,-0.6500869989395142,-0.8976487517356873,-0.005229532718658447,-0.17541927099227905,0.35663798451423645,-0.6380181312561035,-0.008715659379959106,-0.10841161012649536,-0.636820912361145,-0.5238275527954102,-0.009798228740692139,-0.11746561527252197,0.5628497004508972,0.10201592743396759,-0.01676201820373535,-0.12088984251022339,-0.5990015268325806,0.17249110341072083,-0.015393316745758057,-0.14289027452468872,0.6595131754875183,0.6448721289634705,-0.01978778839111328,-0.13270163536071777,-0.474454402923584,0.6023949980735779,-0.016450434923171997,-0.15222007036209106,0.33454930782318115,-0.031229780986905098,-0.0016841590404510498,0.0017286520451307297,-0.33454930782318115,0.031229780986905098,0.0016841590404510498,-0.0017285030335187912,0.5516830682754517,0.38685688376426697,-0.022739410400390625,0.0005864500999450684,-0.38909491896629333,0.5069584250450134,0.02505338191986084,-0.004122793674468994,0.5903887152671814,0.5920733213424683,-0.03354954719543457,-0.026003599166870117,-0.16705651581287384,0.8350766897201538,0.04698273539543152,-0.028524577617645264
425,-0.2879488468170166,-0.829037606716156,-0.024756550788879395,-0.07103627920150757,-0.1494225263595581,-0.9995108246803284,-0.01672104001045227,-0.06358927488327026,-0.4634799063205719,-0.9571177959442139,-0.012941062450408936,-0.0737730860710144,0.10567264258861542,-1.068995475769043,-0.016487278044223785,-0.03785419464111328,-0.6552391648292542,-0.9638307094573975,-0.00515216588973999,-0.0661819577217102,0.3409403860569,-0.653052806854248,-0.015697598457336426,-0.015034675598144531,-0.6547240018844604,-0.5600347518920898,-0.01790308952331543,-0.03620719909667969,0.5302965641021729,0.07703318446874619,-0.032553136348724365,-0.024982742965221405,-0.6048260927200317,0.12597157061100006,-0.005824565887451172,-0.046519532799720764,0.6285583972930908,0.6116390824317932,-0.03095477819442749,-0.033233046531677246,-0.492509663105011,0.5696428418159485,-0.018055260181427002,-0.032752156257629395,0.3362111449241638,-0.026168443262577057,0.001661837100982666,0.005061337724328041,-0.3362111449241638,0.02616829425096512,-0.001661837100982666,-0.0050614867359399796,0.5267916917800903,0.3580459952354431,-0.024891376495361328,-0.028810888528823853,-0.41557660698890686,0.4609217345714569,-0.026481688022613525,-0.04603669047355652,0.5789822340011597,0.607090413570404,-0.011406481266021729,0.015017092227935791,-0.15884701907634735,0.8170957565307617,0.00820949673652649,-0.01798093318939209
426,-0.26747822761535645,-1.0615077018737793,0.020470619201660156,-0.2324700951576233,-0.11224605143070221,-1.2344623804092407,0.037176474928855896,-0.23495155572891235,-0.44538381695747375,-1.1903407573699951,0.018096089363098145,-0.23322296142578125,0.15961965918540955,-1.2677804231643677,0.05394701659679413,-0.1987849473953247,-0.6382772922515869,-1.1685172319412231,0.016961872577667236,-0.20468652248382568,0.37607213854789734,-0.7899307012557983,0.035131752490997314,-0.1368778944015503,-0.6212310194969177,-0.7165387868881226,0.033492982387542725,-0.15650403499603271,0.6346328258514404,-0.04764557629823685,0.10433626174926758,-0.12467876076698303,-0.6296011209487915,-0.0172006506472826,-0.024775028228759766,-0.1431722193956375,0.7435773611068726,0.5213193893432617,0.11501896381378174,-0.0903196930885315,-0.4891553223133087,0.49919500946998596,0.0033543407917022705,-0.07044783234596252,0.3428764343261719,-0.02487340196967125,0.006665289402008057,0.0012950412929058075,-0.3428764343261719,0.024873560294508934,-0.006665289402008057,-0.0012947339564561844,0.5970098972320557,0.31317755579948425,0.07021820545196533,-0.04486843943595886,-0.3865463137626648,0.4082689881324768,0.029030293226242065,-0.0526527464389801,0.6364930868148804,0.39976564049720764,0.0575108528137207,-0.2073247730731964,-0.25665825605392456,0.603516161441803,-0.09781123697757721,-0.21357959508895874
427,-0.26222535967826843,-1.1543203592300415,0.005252867937088013,-0.09281265735626221,-0.10432431101799011,-1.3271366357803345,0.007921740412712097,-0.09267425537109375,-0.43667536973953247,-1.2854716777801514,0.008708447217941284,-0.09513092041015625,0.17103230953216553,-1.3531779050827026,0.011412650346755981,-0.08539748191833496,-0.6240888237953186,-1.2614574432373047,0.01418846845626831,-0.09294021129608154,0.3849216103553772,-0.8510769605636597,0.008849471807479858,-0.06114625930786133,-0.6126209497451782,-0.7810134887695312,0.008610069751739502,-0.06447470188140869,0.6288593411445618,-0.12027077376842499,-0.005773484706878662,-0.07262519747018814,-0.6218186616897583,-0.09210381656885147,0.007782459259033203,-0.07490316778421402,0.7420758008956909,0.4305424690246582,-0.0015015602111816406,-0.09077692031860352,-0.5018030405044556,0.4047911763191223,-0.01264771819114685,-0.09440383315086365,0.3447774350643158,-0.024028321728110313,0.001901000738143921,0.000845080241560936,-0.3447774350643158,0.024028321728110313,-0.001901000738143921,-0.0008452385663986206,0.6192958354949951,0.28513070940971375,0.022285938262939453,-0.028046846389770508,-0.38340529799461365,0.3790934681892395,0.0031410157680511475,-0.029175519943237305,0.6480033993721008,0.34520119428634644,0.011510312557220459,-0.054564446210861206,-0.26647475361824036,0.5438539981842041,-0.009816497564315796,-0.05966216325759888
428,-0.26458582282066345,-1.1295806169509888,-0.0023604631423950195,0.024739742279052734,-0.10423105210065842,-1.3008153438568115,9.325891733169556e-05,0.02632129192352295,-0.43849119544029236,-1.2601412534713745,-0.0018158257007598877,0.025330424308776855,0.17027941346168518,-1.3155735731124878,-0.0007528960704803467,0.037604331970214844,-0.6273689270019531,-1.2265633344650269,-0.0032801032066345215,0.03489410877227783,0.38250112533569336,-0.8107584118843079,-0.002420485019683838,0.04031854867935181,-0.6153928637504578,-0.7458929419517517,-0.002771914005279541,0.03512054681777954,0.6318148374557495,-0.07099466770887375,0.002955496311187744,0.04927610605955124,-0.6169518828392029,-0.0526561513543129,0.00486677885055542,0.039447665214538574,0.7443414330482483,0.4732309877872467,0.002265632152557373,0.0426885187625885,-0.5163518786430359,0.4549104869365692,-0.014548838138580322,0.0501193106174469,0.3451395034790039,-0.022495754063129425,0.00036206841468811035,0.0015325676649808884,-0.34513935446739197,0.022495754063129425,-0.0003619194030761719,-0.0015325676649808884,0.6251925826072693,0.24661500751972198,0.00589674711227417,-0.03851570188999176,-0.3999541699886322,0.3338734805583954,-0.016548871994018555,-0.045219987630844116,0.6777227520942688,0.34854990243911743,0.02971935272216797,0.003348708152770996,-0.2656707465648651,0.5400450229644775,0.0008040070533752441,-0.0038089752197265625
429,-0.2565620243549347,-1.1499919891357422,0.00802379846572876,-0.020411372184753418,-0.09599228948354721,-1.3158904314041138,0.008238762617111206,-0.015075087547302246,-0.4271228611469269,-1.279636025428772,0.011368334293365479,-0.01949477195739746,0.1732461005449295,-1.3208693265914917,0.0029666870832443237,-0.005295753479003906,-0.6166002750396729,-1.2421094179153442,0.010768651962280273,-0.015546083450317383,0.3840302526950836,-0.8132343888282776,0.0015291273593902588,-0.0024759769439697266,-0.6145868301391602,-0.7606611251831055,0.0008060336112976074,-0.01476818323135376,0.6321021914482117,-0.07910215109586716,0.0002873539924621582,-0.008107483386993408,-0.6197331547737122,-0.07450663298368454,-0.0027812719345092773,-0.021850481629371643,0.7405080199241638,0.4526529014110565,-0.0038334131240844727,-0.020578086376190186,-0.5258803963661194,0.443673700094223,-0.009528517723083496,-0.011236786842346191,0.34624773263931274,-0.019924208521842957,0.0011082291603088379,0.0025715455412864685,-0.34624773263931274,0.019924208521842957,-0.0011083781719207764,-0.0025715455412864685,0.6360753178596497,0.2512359917163849,0.010882735252380371,0.004620984196662903,-0.40001380443573,0.32771745324134827,-5.963444709777832e-05,-0.006156027317047119,0.6938726305961609,0.3515723645687103,0.01614987850189209,0.0030224621295928955,-0.2660212814807892,0.5287395119667053,-0.00035053491592407227,-0.011305510997772217
430,-0.2403467446565628,-1.1081409454345703,0.016215279698371887,0.041851043701171875,-0.0746498554944992,-1.2702140808105469,0.021342433989048004,0.045676350593566895,-0.4067968428134918,-1.2391748428344727,0.02032601833343506,0.040461182594299316,0.19601447880268097,-1.2674660682678223,0.022768378257751465,0.053403258323669434,-0.5949662327766418,-1.2012325525283813,0.021634042263031006,0.04087686538696289,0.39727911353111267,-0.7720862030982971,0.013248860836029053,0.04114818572998047,-0.6014296412467957,-0.7212837338447571,0.013157188892364502,0.03937739133834839,0.6468133330345154,-0.04744000732898712,0.014711141586303711,0.031662143766880035,-0.5939610004425049,-0.03322657570242882,0.025772154331207275,0.04128005728125572,0.7462924122810364,0.47357049584388733,0.005784392356872559,0.02091759443283081,-0.5077114701271057,0.4676987826824188,0.018168926239013672,0.0240250825881958,0.3451353907585144,-0.018603073433041573,-0.0011123418807983398,0.001321135088801384,-0.3451353907585144,0.018602760508656502,0.0011123418807983398,-0.0013214480131864548,0.6244068145751953,0.19465447962284088,-0.011668503284454346,-0.056581512093544006,-0.40420350432395935,0.266103595495224,-0.00418969988822937,-0.06161385774612427,0.6868258714675903,0.33502471446990967,-0.007046759128570557,-0.01654765009880066,-0.24573077261447906,0.4921974539756775,0.02029050886631012,-0.03654205799102783
431,-0.2551822066307068,-0.9816445112228394,-0.014835461974143982,0.12649643421173096,-0.08094115555286407,-1.1377737522125244,-0.006291300058364868,0.13244032859802246,-0.4202308654785156,-1.1165205240249634,-0.013434022665023804,0.12265431880950928,0.1853981465101242,-1.131042242050171,-0.010616332292556763,0.13642382621765137,-0.6218711137771606,-1.0850021839141846,-0.0269048810005188,0.11623036861419678,0.3619939684867859,-0.6739416122436523,-0.03528514504432678,0.09814459085464478,-0.6364644169807434,-0.6184360980987549,-0.035034775733947754,0.1028476357460022,0.580150306224823,0.06408854573965073,-0.06666302680969238,0.11152855306863785,-0.585541844367981,0.1006617322564125,0.008419156074523926,0.13388830423355103,0.7140642404556274,0.5903943181037903,-0.032228171825408936,0.11682382225990295,-0.5334967970848083,0.5595980882644653,-0.025785326957702637,0.09189930558204651,0.34828242659568787,-0.016924971714615822,0.003147035837173462,0.0016781017184257507,-0.3482822775840759,0.016924971714615822,-0.0031468868255615234,-0.00167778879404068,0.5838649868965149,0.31450900435447693,-0.04054182767868042,0.11985452473163605,-0.49985671043395996,0.3771817982196808,-0.09565320611000061,0.11107820272445679,0.6929177045822144,0.4787677228450775,0.0060918331146240234,0.14374300837516785,-0.3022775650024414,0.5988031625747681,-0.05654679238796234,0.10660570859909058
432,-0.24309603869915009,-0.94636470079422,0.012086167931556702,0.035279810428619385,-0.07361757010221481,-1.1032739877700806,0.0073235854506492615,0.03449976444244385,-0.40808436274528503,-1.0779918432235718,0.01214650273323059,0.0385286808013916,0.18900106847286224,-1.0977202653884888,0.003602921962738037,0.03332197666168213,-0.6074292659759521,-1.041788101196289,0.014441847801208496,0.04321408271789551,0.3716212213039398,-0.6406745910644531,0.00962725281715393,0.03326702117919922,-0.6264706254005432,-0.5789275765419006,0.009993791580200195,0.03950852155685425,0.5750209093093872,0.09022898226976395,-0.005129396915435791,0.02614043653011322,-0.5738365054130554,0.13064643740653992,0.011705338954925537,0.02998470515012741,0.7058090567588806,0.6164336800575256,-0.008255183696746826,0.02603936195373535,-0.5175033211708069,0.5888047218322754,0.015993475914001465,0.02920663356781006,0.3473483622074127,-0.01843728870153427,-0.0009340643882751465,-0.0015123169869184494,-0.3473482131958008,0.018437135964632034,0.0009340643882751465,0.0015121642500162125,0.5785052180290222,0.3055151104927063,-0.005359768867492676,-0.00899389386177063,-0.5016424059867859,0.3779052197933197,-0.0017856955528259277,0.000723421573638916,0.6769112348556519,0.4945365786552429,-0.0160064697265625,0.015768855810165405,-0.2979113459587097,0.6342571973800659,0.0043662190437316895,0.03545403480529785
433,-0.23400545120239258,-0.9437364339828491,0.009090587496757507,0.0026282668113708496,-0.06895505636930466,-1.1065750122070312,0.004662513732910156,-0.0033010244369506836,-0.40239331126213074,-1.076821208000183,0.005691051483154297,0.0011706352233886719,0.1959512084722519,-1.1182494163513184,0.0069501399993896484,-0.02052915096282959,-0.598857045173645,-1.0506669282913208,0.008572220802307129,-0.008878827095031738,0.3838016390800476,-0.6589449644088745,0.012180417776107788,-0.018270373344421387,-0.6140031218528748,-0.5927205681800842,0.012467503547668457,-0.013792991638183594,0.581123411655426,0.08184514939785004,0.006102502346038818,-0.00838383287191391,-0.571454644203186,0.12237607687711716,0.0023818612098693848,-0.00827036052942276,0.7117595076560974,0.6162241697311401,0.005950450897216797,-0.00020951032638549805,-0.5076379179954529,0.592799723148346,0.009865403175354004,0.003995001316070557,0.3468935787677765,-0.02037373185157776,-0.00045478343963623047,-0.0019364431500434875,-0.34689339995384216,0.020373886451125145,0.00045481324195861816,0.0019367504864931107,0.6060303449630737,0.3155869245529175,0.027525126934051514,0.010071814060211182,-0.4692520797252655,0.3965603709220886,0.032390326261520386,0.01865515112876892,0.6903754472732544,0.497150719165802,0.013464212417602539,0.002614140510559082,-0.2780178189277649,0.6593227982521057,0.019893527030944824,0.025065600872039795
434,-0.2772696316242218,-0.9146744608879089,-0.043264180421829224,0.029061973094940186,-0.1142629086971283,-1.0724303722381592,-0.04530785232782364,0.03414463996887207,-0.4454076290130615,-1.0390902757644653,-0.043014317750930786,0.03773093223571777,0.1511150449514389,-1.0746229887008667,-0.04483616352081299,0.04362642765045166,-0.6402286887168884,-1.0004656314849854,-0.04137164354324341,0.05020129680633545,0.35090410709381104,-0.6456573009490967,-0.03289753198623657,0.013287663459777832,-0.6465107798576355,-0.5737989544868469,-0.03250765800476074,0.018921613693237305,0.543077826499939,0.09845539182424545,-0.03804558515548706,0.016610242426395416,-0.6139965057373047,0.1336919665336609,-0.04254186153411865,0.011315889656543732,0.6363795399665833,0.6186124682426453,-0.07537996768951416,0.002388298511505127,-0.5478760004043579,0.5799465179443359,-0.04023808240890503,-0.01285320520401001,0.3431979715824127,-0.01974039524793625,-0.0036956071853637695,0.00063333660364151,-0.3431978225708008,0.019740547984838486,0.003695577383041382,-0.0006333384662866592,0.5623098611831665,0.3041200637817383,-0.04372048377990723,-0.0114668607711792,-0.4646778106689453,0.3804525136947632,0.00457426905632019,-0.01610785722732544,0.6502898335456848,0.537172257900238,-0.04008561372756958,0.040021538734436035,-0.26591551303863525,0.6949227452278137,0.012102305889129639,0.03559994697570801
435,-0.27069687843322754,-0.9465259909629822,0.006572753190994263,-0.03185153007507324,-0.10746697336435318,-1.1039772033691406,0.006795935332775116,-0.031546831130981445,-0.4376614987850189,-1.0732163190841675,0.0077461302280426025,-0.03412604331970215,0.15714989602565765,-1.1092430353164673,0.00603485107421875,-0.034620046615600586,-0.6311658620834351,-1.0410871505737305,0.00906282663345337,-0.04062151908874512,0.35627660155296326,-0.675902247428894,0.005372494459152222,-0.030244946479797363,-0.6417502164840698,-0.6131128668785095,0.004760563373565674,-0.0393139123916626,0.5481048822402954,0.06970192492008209,0.005027055740356445,-0.02875346690416336,-0.6043207049369812,0.09326644986867905,0.009675800800323486,-0.04042551666498184,0.646125853061676,0.571494460105896,0.009746313095092773,-0.04711800813674927,-0.5355457663536072,0.5390726923942566,0.012330234050750732,-0.040873825550079346,0.34352055191993713,-0.01817481406033039,0.00032258033752441406,0.0015655811876058578,-0.3435204029083252,0.018174661323428154,-0.00032258033752441406,-0.0015658866614103317,0.5746095776557922,0.3098676800727844,0.012299716472625732,0.005747616291046143,-0.4478813707828522,0.3800790309906006,0.01679643988609314,-0.00037348270416259766,0.6542273163795471,0.5256301164627075,0.003937482833862305,-0.011542141437530518,-0.24858668446540833,0.6782597899436951,0.01732882857322693,-0.016662955284118652
436,-0.27167952060699463,-0.967008650302887,-0.0009826421737670898,-0.020482659339904785,-0.106680728495121,-1.1241099834442139,0.0007862448692321777,-0.020132780075073242,-0.4380781948566437,-1.0969864130020142,-0.00041669607162475586,-0.02377009391784668,0.15769127011299133,-1.1289019584655762,0.0005413740873336792,-0.019658923149108887,-0.6333626508712769,-1.0690873861312866,-0.002196788787841797,-0.028000235557556152,0.35410648584365845,-0.6909948587417603,-0.0021701157093048096,-0.015092611312866211,-0.6443759202957153,-0.6359233260154724,-0.002625703811645508,-0.02281045913696289,0.5481526851654053,0.053319018334150314,4.780292510986328e-05,-0.016382906585931778,-0.6086191534996033,0.0719938650727272,-0.00429844856262207,-0.021272584795951843,0.6524633765220642,0.5571205019950867,0.006337523460388184,-0.014373958110809326,-0.5363448858261108,0.5323021411895752,-0.0007991194725036621,-0.0067705512046813965,0.3450009822845459,-0.016555441543459892,0.0014804303646087646,0.0016193725168704987,-0.3450009822845459,0.016555441543459892,-0.0014805793762207031,-0.0016192197799682617,0.5749770402908325,0.3132399618625641,0.0003674626350402832,0.003372281789779663,-0.46162110567092896,0.37670499086380005,-0.013739734888076782,-0.003374040126800537,0.6588944792747498,0.5248052477836609,0.004667162895202637,-0.0008248686790466309,-0.2695254981517792,0.66705721616745,-0.02093881368637085,-0.011202573776245117
437,-0.2636561095714569,-0.9504418969154358,0.00802341103553772,0.016566753387451172,-0.0976172611117363,-1.1063061952590942,0.009063467383384705,0.01780378818511963,-0.4276560842990875,-1.0813084840774536,0.010422110557556152,0.015677928924560547,0.16823576390743256,-1.1107410192489624,0.010544493794441223,0.01816093921661377,-0.6194482445716858,-1.0561165809631348,0.013914406299591064,0.012970805168151855,0.36452561616897583,-0.6781854033470154,0.010419130325317383,0.012809455394744873,-0.6341739296913147,-0.6272027492523193,0.010201990604400635,0.008720576763153076,0.5556175708770752,0.0641074851155281,0.007464885711669922,0.010788466781377792,-0.6005572080612183,0.08101603388786316,0.00806194543838501,0.009022168815135956,0.6525530815124512,0.5657548904418945,8.970499038696289e-05,0.008634388446807861,-0.5245472192764282,0.5456100702285767,0.011797666549682617,0.013307929039001465,0.3449166715145111,-0.015472893603146076,-8.431077003479004e-05,0.001082547940313816,-0.3449166715145111,0.01547274086624384,8.431077003479004e-05,-0.001082700677216053,0.5774052739143372,0.2960769534111023,0.0024282336235046387,-0.017163008451461792,-0.456215500831604,0.3564603328704834,0.005405604839324951,-0.02024465799331665,0.6541643738746643,0.5305649638175964,-0.004730105400085449,0.005759716033935547,-0.2665348947048187,0.6669720411300659,0.0029906034469604492,-8.51750373840332e-05
438,-0.26010066270828247,-0.9704275131225586,0.0035554468631744385,-0.019985616207122803,-0.09328411519527435,-1.1271553039550781,0.004333145916461945,-0.020849108695983887,-0.42517587542533875,-1.1014018058776855,0.0024802088737487793,-0.020093321800231934,0.1734917163848877,-1.1303962469100952,0.005255952477455139,-0.019655227661132812,-0.6179359555244446,-1.0741503238677979,0.001512289047241211,-0.018033742904663086,0.3673100173473358,-0.6949117183685303,0.0027844011783599854,-0.016726315021514893,-0.6312248706817627,-0.6408015489578247,0.002949059009552002,-0.013598799705505371,0.5615295767784119,0.04922719672322273,0.00591200590133667,-0.014880288392305374,-0.5961657762527466,0.07360454648733139,0.00439143180847168,-0.007411487400531769,0.6631292104721069,0.5493369698524475,0.010576128959655762,-0.01641792058944702,-0.5186649560928345,0.5393915772438049,0.00588226318359375,-0.0062184929847717285,0.3456854522228241,-0.016078684478998184,0.0007687807083129883,-0.000605790875852108,-0.34568560123443604,0.01607837900519371,-0.0007689297199249268,0.0006056381389498711,0.5824949145317078,0.28548380732536316,0.0050896406173706055,-0.010593146085739136,-0.4628594219684601,0.34733399748802185,-0.006643921136856079,-0.009126335382461548,0.6608892679214478,0.5133274793624878,0.006724894046783447,-0.017237484455108643,-0.2821864187717438,0.6512376070022583,-0.01565152406692505,-0.015734434127807617
439,-0.2672489583492279,-0.9776341319084167,-0.007148295640945435,-0.007206618785858154,-0.10118153691291809,-1.1352037191390991,-0.007897421717643738,-0.008048415184020996,-0.4327451288700104,-1.1093546152114868,-0.007569253444671631,-0.00795280933380127,0.16662387549877167,-1.141940951347351,-0.006867840886116028,-0.01154470443725586,-0.6249092221260071,-1.0853145122528076,-0.0069732666015625,-0.011164188385009766,0.36315417289733887,-0.7029557824134827,-0.004155844449996948,-0.008044064044952393,-0.6353828310966492,-0.6488827466964722,-0.004157960414886475,-0.008081197738647461,0.552463173866272,0.03541816025972366,-0.009066402912139893,-0.01380903646349907,-0.6024188995361328,0.05917440354824066,-0.0062531232833862305,-0.014430142939090729,0.6614829897880554,0.5400481224060059,-0.0016462206840515137,-0.00928884744644165,-0.5224446654319763,0.5265238285064697,-0.0037797093391418457,-0.012867748737335205,0.3460535705089569,-0.01623501442372799,0.0003681182861328125,-0.000156329944729805,-0.34605342149734497,0.01623501442372799,-0.00036782026290893555,0.00015663541853427887,0.5793896913528442,0.3229804039001465,-0.0031052231788635254,0.037496596574783325,-0.4647015631198883,0.38668274879455566,-0.0018421411514282227,0.039348751306533813,0.6488717198371887,0.5326395034790039,-0.012017548084259033,0.019312024116516113,-0.29435598850250244,0.6742733716964722,-0.012169569730758667,0.023035764694213867
440,-0.28440341353416443,-1.008726716041565,-0.017154455184936523,-0.031092584133148193,-0.11620751768350601,-1.1665241718292236,-0.015025980770587921,-0.03132045269012451,-0.4493442177772522,-1.1431111097335815,-0.01659908890724182,-0.03375649452209473,0.15475502610206604,-1.1725350618362427,-0.011868849396705627,-0.0305941104888916,-0.6404656767845154,-1.1219617128372192,-0.0155564546585083,-0.03664720058441162,0.3537325859069824,-0.7258509397506714,-0.009421586990356445,-0.02289515733718872,-0.6448376178741455,-0.6723951101303101,-0.009454786777496338,-0.02351236343383789,0.5495511889457703,0.009948871098458767,-0.002911984920501709,-0.025469288229942322,-0.6105607151985168,0.038604818284511566,-0.008141815662384033,-0.020569585263729095,0.6605668067932129,0.5151925683021545,-0.0009161829948425293,-0.02485555410385132,-0.5328708291053772,0.5006579160690308,-0.010426163673400879,-0.025865912437438965,0.34646448493003845,-0.015858368948101997,0.00041091442108154297,0.0003766454756259918,-0.3464643359184265,0.01585867628455162,-0.00041091442108154297,-0.0003763381391763687,0.575090229511261,0.36345988512039185,-0.004299461841583252,0.04047948122024536,-0.46352922916412354,0.424487829208374,0.0011723339557647705,0.03780508041381836,0.6376051902770996,0.5541173815727234,-0.011266529560089111,0.021477878093719482,-0.30521076917648315,0.6860265135765076,-0.010854780673980713,0.0117531418800354
441,-0.28855350613594055,-1.0026508569717407,-0.004150092601776123,0.006075859069824219,-0.11858101934194565,-1.1594997644424438,-0.0023735016584396362,0.007024407386779785,-0.4508281350135803,-1.1372636556625366,-0.001483917236328125,0.005847454071044922,0.15723943710327148,-1.1625243425369263,0.0024844110012054443,0.010010719299316406,-0.6365066170692444,-1.1159976720809937,0.003959059715270996,0.005964040756225586,0.3598831295967102,-0.7120683789253235,0.006150543689727783,0.0137825608253479,-0.6389576196670532,-0.6639317274093628,0.005879998207092285,0.008463382720947266,0.5612370371818542,0.026471983641386032,0.011685848236083984,0.01652311161160469,-0.6090041995048523,0.04821009561419487,0.0015565156936645508,0.009605277329683304,0.6784924864768982,0.536579966545105,0.017925679683685303,0.02138739824295044,-0.5301223397254944,0.5170097947120667,0.0027484893798828125,0.01635187864303589,0.34646323323249817,-0.01414114236831665,-1.2516975402832031e-06,0.001717226579785347,-0.34646308422088623,0.01414114236831665,1.2516975402832031e-06,-0.00171753391623497,0.570787787437439,0.3677360415458679,-0.0043024420738220215,0.004276156425476074,-0.4660438299179077,0.4245585501194,-0.0025146007537841797,7.072091102600098e-05,0.6396875381469727,0.566222071647644,0.002082347869873047,0.012104690074920654,-0.30700719356536865,0.6933016777038574,-0.001796424388885498,0.0072751641273498535
442,-0.2985225319862366,-1.070859432220459,-0.00996902585029602,-0.06820857524871826,-0.1284630000591278,-1.2281500101089478,-0.00988198071718216,-0.0686502456665039,-0.45849284529685974,-1.2072609663009644,-0.007664710283279419,-0.06999731063842773,0.14896446466445923,-1.2317533493041992,-0.008274972438812256,-0.06922900676727295,-0.639430582523346,-1.189461588859558,-0.0029239654541015625,-0.07346391677856445,0.355284720659256,-0.7694264054298401,-0.004598408937454224,-0.0573580265045166,-0.6435198783874512,-0.720545768737793,-0.004562258720397949,-0.056614041328430176,0.5458980798721313,-0.03731894493103027,-0.0153389573097229,-0.0637909322977066,-0.6104235649108887,-0.009594062343239784,-0.001419365406036377,-0.0578041598200798,0.6624807119369507,0.46315979957580566,-0.01601177453994751,-0.07342016696929932,-0.5322206020355225,0.4558529555797577,-0.002098262310028076,-0.06115683913230896,0.3466944992542267,-0.014757709577679634,0.00023126602172851562,-0.0006165672093629837,-0.3466944992542267,0.014757709577679634,-0.0002314150333404541,0.0006165672093629837,0.5757179260253906,0.37345609068870544,0.00493013858795166,0.005720049142837524,-0.450800359249115,0.43228018283843994,0.015243470668792725,0.007721632719039917,0.6240267753601074,0.5529276728630066,-0.015660762786865234,-0.013294398784637451,-0.2993261218070984,0.6796330213546753,0.007681071758270264,-0.013668656349182129
443,-0.29968297481536865,-1.0719802379608154,-0.00116044282913208,-0.0011208057403564453,-0.12751144170761108,-1.2304939031600952,0.0009515583515167236,-0.002343893051147461,-0.460370808839798,-1.2083569765090942,-0.0018779635429382324,-0.0010960102081298828,0.15367983281612396,-1.232977032661438,0.004715368151664734,-0.0012236833572387695,-0.6409381628036499,-1.188899278640747,-0.001507580280303955,0.0005623102188110352,0.35520485043525696,-0.7728846073150635,-7.987022399902344e-05,-0.0034582018852233887,-0.6434842944145203,-0.7216994166374207,3.55839729309082e-05,-0.0011536478996276855,0.5371825098991394,-0.037375129759311676,-0.008715569972991943,-5.618482828140259e-05,-0.6093227863311768,-0.006441701203584671,0.001100778579711914,0.0031523611396551132,0.6704182624816895,0.4707907438278198,0.00793755054473877,0.00763094425201416,-0.5299199223518372,0.45728954672813416,0.0023006796836853027,0.0014365911483764648,0.3470417559146881,-0.015538426116108894,0.0003472566604614258,-0.0007807165384292603,-0.3470417559146881,0.015538116917014122,-0.0003472566604614258,0.0007804073393344879,0.573546290397644,0.3527520000934601,-0.002171635627746582,-0.02070409059524536,-0.4596691131591797,0.41700243949890137,-0.008868753910064697,-0.015277743339538574,0.6302862763404846,0.5459595322608948,0.006259500980377197,-0.006968140602111816,-0.30170246958732605,0.6805335879325867,-0.002376347780227661,0.000900566577911377
444,-0.29499414563179016,-1.0832771062850952,0.004688829183578491,-0.011296868324279785,-0.12190479040145874,-1.2402089834213257,0.005606651306152344,-0.009715080261230469,-0.45379912853240967,-1.2180912494659424,0.006571680307388306,-0.009734272956848145,0.15902011096477509,-1.2360488176345825,0.005340278148651123,-0.0030717849731445312,-0.6320661306381226,-1.193428874015808,0.008872032165527344,-0.004529595375061035,0.3615265190601349,-0.7730818390846252,0.00632166862487793,-0.00019723176956176758,-0.6375247240066528,-0.7295303344726562,0.005959570407867432,-0.007830917835235596,0.5503628253936768,-0.029420770704746246,0.013180315494537354,0.00795435905456543,-0.6059338450431824,-0.014535453170537949,0.0033889412879943848,-0.008093751966953278,0.6812199354171753,0.4732707142829895,0.01080167293548584,0.0024799704551696777,-0.5242750644683838,0.45094767212867737,0.005644857883453369,-0.006341874599456787,0.34650611877441406,-0.013360995799303055,-0.0005356371402740479,0.0021774303168058395,-0.34650611877441406,0.013360686600208282,0.0005356371402740479,-0.0021774303168058395,0.5681021213531494,0.31750956177711487,-0.005444169044494629,-0.035242438316345215,-0.4628864824771881,0.3746388554573059,-0.003217369318008423,-0.04236358404159546,0.6308518052101135,0.5261379480361938,0.0005655288696289062,-0.019821584224700928,-0.2979333698749542,0.6552686095237732,0.003769099712371826,-0.025264978408813477
445,-0.29714539647102356,-1.0691651105880737,-0.0021512508392333984,0.014111995697021484,-0.12407664209604263,-1.2269073724746704,-0.002171851694583893,0.013301610946655273,-0.4560105502605438,-1.2050280570983887,-0.0022114217281341553,0.013063192367553711,0.15899702906608582,-1.2266219854354858,-2.308189868927002e-05,0.00942683219909668,-0.6334832310676575,-1.1841387748718262,-0.0014171004295349121,0.009290099143981934,0.36141905188560486,-0.7651670575141907,-0.0001074671745300293,0.00791478157043457,-0.6374131441116333,-0.7168537378311157,0.00011157989501953125,0.012676596641540527,0.5501179695129395,-0.02376469038426876,-0.0002448558807373047,0.005656080320477486,-0.6063845157623291,0.002710211556404829,-0.0004506707191467285,0.017245665192604065,0.6842694282531738,0.4857572615146637,0.003049492835998535,0.012486547231674194,-0.5259722471237183,0.46790462732315063,-0.0016971826553344727,0.016956955194473267,0.3463255763053894,-0.014485550113022327,-0.0001805424690246582,-0.0011245543137192726,-0.34632572531700134,0.014485240913927555,0.00018039345741271973,0.0011245543137192726,0.5681456923484802,0.3345968723297119,4.357099533081055e-05,0.017087310552597046,-0.45821940898895264,0.3958663046360016,0.004667073488235474,0.02122744917869568,0.6315197944641113,0.5404105186462402,0.0006679892539978027,0.014272570610046387,-0.29223066568374634,0.671238124370575,0.005702704191207886,0.015969514846801758
446,-0.3148103654384613,-1.0751399993896484,-0.017664968967437744,-0.005974888801574707,-0.141557976603508,-1.2310309410095215,-0.017481334507465363,-0.004123568534851074,-0.4735250174999237,-1.209044337272644,-0.017514467239379883,-0.004016280174255371,0.13999734818935394,-1.2267240285873413,-0.018999680876731873,-0.00010204315185546875,-0.6524529457092285,-1.1840136051177979,-0.018969714641571045,0.0001251697540283203,0.34429511427879333,-0.7685055732727051,-0.017123937606811523,-0.0033385157585144043,-0.6542884707450867,-0.7153007388114929,-0.01687532663345337,0.0015529990196228027,0.5388514399528503,-0.033455364406108856,-0.011266529560089111,-0.009690674021840096,-0.623296320438385,0.0001918312191264704,-0.016911804676055908,-0.002518380293622613,0.6616652011871338,0.47795769572257996,-0.02260422706604004,-0.00779956579208374,-0.5504840016365051,0.46537017822265625,-0.024511754512786865,-0.0025344491004943848,0.34602949023246765,-0.015374653972685337,-0.00029608607292175293,-0.0008891038596630096,-0.34602949023246765,0.01537496317178011,0.0002962350845336914,0.0008897222578525543,0.563395619392395,0.3563147485256195,-0.004750072956085205,0.021717876195907593,-0.4585166871547699,0.41647735238075256,-0.00029727816581726074,0.020611047744750977,0.630530059337616,0.5469064712524414,-0.0009897351264953613,0.006495952606201172,-0.29081815481185913,0.6708625555038452,0.001412510871887207,-0.00037556886672973633
447,-0.31406304240226746,-1.0328149795532227,0.0007473230361938477,0.04232501983642578,-0.1399078518152237,-1.1845526695251465,0.0016501247882843018,0.046478271484375,-0.4704495072364807,-1.1632188558578491,0.003075510263442993,0.04582548141479492,0.14035439491271973,-1.1708507537841797,0.0003570467233657837,0.05587327480316162,-0.6486101150512695,-1.1304153203964233,0.0038428306579589844,0.05359828472137451,0.3463015556335449,-0.7211010456085205,0.002006441354751587,0.04740452766418457,-0.6525433659553528,-0.673050582408905,0.0017451047897338867,0.04225015640258789,0.5438695549964905,0.014238579198718071,0.005018115043640137,0.047693945467472076,-0.6201087832450867,0.03639134392142296,0.00318753719329834,0.03619951382279396,0.6537793874740601,0.5231720805168152,-0.00788581371307373,0.04521438479423523,-0.5434885621070862,0.4978068172931671,0.006995439529418945,0.032436639070510864,0.34578824043273926,-0.013268270529806614,-0.00024124979972839355,0.002106383442878723,-0.3457883894443512,0.013268270529806614,0.00024110078811645508,-0.0021066926419734955,0.5493033528327942,0.35518282651901245,-0.01409226655960083,-0.0011319220066070557,-0.47370803356170654,0.4083546996116638,-0.015191346406936646,-0.008122652769088745,0.6205765604972839,0.560536801815033,-0.009953498840332031,0.013630330562591553,-0.3037969172000885,0.6751363277435303,-0.01297876238822937,0.004273772239685059
448,-0.31109121441841125,-1.0566636323928833,0.002971827983856201,-0.023848652839660645,-0.13860198855400085,-1.208883285522461,0.0013058632612228394,-0.024330615997314453,-0.46624189615249634,-1.1873818635940552,0.004207611083984375,-0.024163007736206055,0.1409042924642563,-1.1991020441055298,0.0005498975515365601,-0.028251290321350098,-0.6420921087265015,-1.1586315631866455,0.006518006324768066,-0.028216242790222168,0.348879873752594,-0.7465596795082092,0.0025783181190490723,-0.02545863389968872,-0.6499868035316467,-0.6989637613296509,0.0025565624237060547,-0.02591317892074585,0.5396667122840881,-0.025818923488259315,-0.004202842712402344,-0.040057502686977386,-0.6172981262207031,-0.005402132868766785,0.002810657024383545,-0.04179347679018974,0.643746018409729,0.4692232310771942,-0.010033369064331055,-0.05394884943962097,-0.5370646119117737,0.4448795020580292,0.0064239501953125,-0.05292731523513794,0.34564271569252014,-0.013580137863755226,-0.0001455247402191162,-0.0003118673339486122,-0.3456428647041321,0.013579835183918476,0.0001455247402191162,0.0003115646541118622,0.5579267144203186,0.3396788537502289,0.008623361587524414,-0.01550397276878357,-0.4563419818878174,0.3943641781806946,0.01736605167388916,-0.013990521430969238,0.6154331564903259,0.5281510949134827,-0.005143404006958008,-0.03238570690155029,-0.2872296869754791,0.6458178162574768,0.016567230224609375,-0.029318511486053467
449,-0.3154936730861664,-1.0557729005813599,-0.004402458667755127,0.0008907318115234375,-0.13998474180698395,-1.207003116607666,-0.0013827532529830933,0.0018801689147949219,-0.468756765127182,-1.1883066892623901,-0.002514868974685669,-0.0009248256683349609,0.14111323654651642,-1.1935092210769653,0.00020894408226013184,0.005592823028564453,-0.6435211300849915,-1.1608436107635498,-0.0014290213584899902,-0.002212047576904297,0.3469563126564026,-0.7424609065055847,-0.0019235610961914062,0.004098773002624512,-0.652376651763916,-0.7059412598609924,-0.002389848232269287,-0.006977498531341553,0.5406004786491394,-0.018678506836295128,0.0009337663650512695,0.007140416651964188,-0.621237576007843,-0.014203116297721863,-0.003939449787139893,-0.008800983428955078,0.6416077613830566,0.45441555976867676,-0.0021382570266723633,-0.014807671308517456,-0.5408385396003723,0.43117809295654297,-0.003773927688598633,-0.013701409101486206,0.34534743428230286,-0.010906354524195194,-0.00029528141021728516,0.002673783339560032,-0.3453472852706909,0.01090605091303587,0.0002955794334411621,-0.0026737842708826065,0.5470627546310425,0.29462137818336487,-0.010863959789276123,-0.045057475566864014,-0.46353498101234436,0.3391449749469757,-0.0071929991245269775,-0.05521920323371887,0.6155676245689392,0.502068817615509,0.00013446807861328125,-0.026082277297973633,-0.2782727777957916,0.6077483892440796,0.0089569091796875,-0.03806942701339722
450,-0.31179866194725037,-1.070141077041626,0.0036950111389160156,-0.014368176460266113,-0.13954991102218628,-1.221640944480896,0.00043483078479766846,-0.01463782787322998,-0.46349260210990906,-1.2032455205917358,0.005264163017272949,-0.014938831329345703,0.14048022031784058,-1.2163883447647095,-0.0006330162286758423,-0.02287912368774414,-0.6341090202331543,-1.1836274862289429,0.009412109851837158,-0.022783875465393066,0.3527402877807617,-0.7656925320625305,0.005783975124359131,-0.0232316255569458,-0.6466026306152344,-0.7294468283653259,0.005774021148681641,-0.023505568504333496,0.5431507229804993,-0.04810940846800804,0.0025502443313598633,-0.029430901631712914,-0.6194828748703003,-0.04404987394809723,0.0017547011375427246,-0.029846757650375366,0.6368006467819214,0.41447100043296814,-0.004807114601135254,-0.03994455933570862,-0.5354933142662048,0.3938709497451782,0.0053452253341674805,-0.037307143211364746,0.3452639579772949,-0.010848463512957096,-8.347630500793457e-05,5.7891011238098145e-05,-0.34526410698890686,0.010848765261471272,8.317828178405762e-05,-5.7285651564598083e-05,0.5499758720397949,0.3009231686592102,0.0029131174087524414,0.006301790475845337,-0.4547531306743622,0.3456752300262451,0.008781850337982178,0.006530255079269409,0.6040820479393005,0.4962860643863678,-0.011485576629638672,-0.005782753229141235,-0.2771761119365692,0.6032087802886963,0.0010966658592224121,-0.004539608955383301
451,-0.32960447669029236,-1.067630410194397,-0.017805814743041992,0.002510666847229004,-0.15902040898799896,-1.2203651666641235,-0.019470497965812683,0.001275777816772461,-0.4810147285461426,-1.2018524408340454,-0.01752212643623352,0.0013930797576904297,0.1240341067314148,-1.2232896089553833,-0.01644611358642578,-0.006901264190673828,-0.6473968625068665,-1.1894763708114624,-0.013287842273712158,-0.005848884582519531,0.3448954224586487,-0.7741766571998596,-0.007844865322113037,-0.008484125137329102,-0.654151439666748,-0.7305271029472351,-0.007548809051513672,-0.0010802745819091797,0.5337543487548828,-0.06248447671532631,-0.009396374225616455,-0.014375068247318268,-0.6291638016700745,-0.04612111300230026,-0.00968092679977417,-0.0020712390542030334,0.6289839744567871,0.417206734418869,-0.007816672325134277,0.002735733985900879,-0.5495848655700684,0.3844301700592041,-0.014091551303863525,-0.009440779685974121,0.3443385362625122,-0.012430394068360329,-0.0009254217147827148,-0.0015819305554032326,-0.3443385362625122,0.012430394068360329,0.0009255707263946533,0.0015816288068890572,0.5452011227607727,0.3395596444606781,-0.004774749279022217,0.038636475801467896,-0.4412001669406891,0.39083653688430786,0.013552963733673096,0.045161306858062744,0.5818671584129333,0.5228931903839111,-0.022214889526367188,0.026607125997543335,-0.27083054184913635,0.6328459978103638,0.006345570087432861,0.02963721752166748
452,-0.3188543915748596,-1.088851809501648,0.01075008511543274,-0.021221399307250977,-0.14791615307331085,-1.245299220085144,0.01110425591468811,-0.024934053421020508,-0.4742366373538971,-1.2263485193252563,0.006778091192245483,-0.024496078491210938,0.13667477667331696,-1.2567662000656128,0.01264066994190216,-0.03347659111022949,-0.6444153785705566,-1.2206602096557617,0.0029814839363098145,-0.031183838844299316,0.3544497787952423,-0.8025805950164795,0.009554356336593628,-0.028403937816619873,-0.6446956396102905,-0.7612466812133789,0.00945580005645752,-0.0307195782661438,0.5435181856155396,-0.0993250235915184,0.009763836860656738,-0.03684054687619209,-0.6214920878410339,-0.09077354520559311,0.007671713829040527,-0.04465243220329285,0.6279447674751282,0.37505316734313965,-0.0010392069816589355,-0.04215356707572937,-0.543594241142273,0.34182584285736084,0.00599062442779541,-0.04260432720184326,0.3439931571483612,-0.0114975580945611,-0.000345379114151001,0.0009328359737992287,-0.3439931571483612,0.0114975580945611,0.000345379114151001,-0.0009328359737992287,0.5397528409957886,0.36360079050064087,-0.005448281764984131,0.02404114603996277,-0.4351935088634491,0.4118410348892212,0.00600665807723999,0.02100449800491333,0.5625789761543274,0.5293319821357727,-0.019288182258605957,0.006438791751861572,-0.2754058539867401,0.6408340334892273,-0.00457531213760376,0.007988035678863525
453,-0.3046009838581085,-1.0949541330337524,0.014253407716751099,-0.006102323532104492,-0.1345192939043045,-1.2527774572372437,0.013396859169006348,-0.007478237152099609,-0.4615986943244934,-1.234274983406067,0.012637943029403687,-0.007926464080810547,0.14749851822853088,-1.2670010328292847,0.010823741555213928,-0.010234832763671875,-0.6345199942588806,-1.2310165166854858,0.009895384311676025,-0.010356307029724121,0.36479252576828003,-0.8063270449638367,0.01034274697303772,-0.0037464499473571777,-0.6347423791885376,-0.7758308053016663,0.00995326042175293,-0.014584124088287354,0.5535624623298645,-0.09650009870529175,0.010044276714324951,0.002824924886226654,-0.6144660711288452,-0.11224517971277237,0.007026016712188721,-0.02147163450717926,0.6348394751548767,0.37685447931289673,0.006894707679748535,0.00180131196975708,-0.5404826998710632,0.3313518762588501,0.003111541271209717,-0.010473966598510742,0.3440971076488495,-0.008765390142798424,0.00010395050048828125,0.0027321679517626762,-0.3440971076488495,0.008765390142798424,-0.00010395050048828125,-0.0027321679517626762,0.53607177734375,0.35222187638282776,-0.0036810636520385742,-0.01137891411781311,-0.44381386041641235,0.3927862048149109,-0.008620351552963257,-0.019054830074310303,0.5580493211746216,0.5266265869140625,-0.0045296549797058105,-0.002705395221710205,-0.28515318036079407,0.6375067234039307,-0.009747326374053955,-0.003327310085296631
454,-0.3249167203903198,-1.1451292037963867,-0.020315736532211304,-0.05017507076263428,-0.15464819967746735,-1.3029342889785767,-0.020128905773162842,-0.05015683174133301,-0.481939435005188,-1.2855899333953857,-0.02034074068069458,-0.05131494998931885,0.12668520212173462,-1.3159133195877075,-0.020813316106796265,-0.04891228675842285,-0.6549071073532104,-1.282772183418274,-0.020387113094329834,-0.051755666732788086,0.34758487343788147,-0.8475456833839417,-0.01720765233039856,-0.04121863842010498,-0.6518628001213074,-0.8143156170845032,-0.017120420932769775,-0.038484811782836914,0.5265682339668274,-0.1420133262872696,-0.02699422836303711,-0.045513227581977844,-0.6345796585083008,-0.15168654918670654,-0.020113587379455566,-0.039441369473934174,0.6111348271369934,0.34385576844215393,-0.0237046480178833,-0.0329987108707428,-0.5669789910316467,0.287061870098114,-0.026496291160583496,-0.044290006160736084,0.3435300588607788,-0.009462127462029457,-0.0005670487880706787,-0.0006967373192310333,-0.34352990984916687,0.009461825713515282,0.0005671977996826172,0.0006964355707168579,0.51708984375,0.4153269827365875,-0.01898193359375,0.06310510635375977,-0.44343802332878113,0.4587737023830414,0.0003758370876312256,0.0659874975681305,0.5163863301277161,0.5708620548248291,-0.04166299104690552,0.0442354679107666,-0.29796653985977173,0.6804357171058655,-0.012813359498977661,0.042928993701934814
455,-0.32373034954071045,-1.1770294904708862,0.001186370849609375,-0.03190028667449951,-0.15288454294204712,-1.3358265161514282,0.001763656735420227,-0.03289222717285156,-0.48144957423210144,-1.316427230834961,0.0004898607730865479,-0.030837297439575195,0.12777240574359894,-1.3444950580596924,0.0010872036218643188,-0.028581738471984863,-0.6545671820640564,-1.3075001239776611,0.00033992528915405273,-0.024727940559387207,0.3487054705619812,-0.8723686933517456,0.0011205971240997314,-0.024823009967803955,-0.6506155729293823,-0.8355257511138916,0.0012472271919250488,-0.021210134029388428,0.53062903881073,-0.1621810793876648,0.004060804843902588,-0.020167753100395203,-0.638434648513794,-0.16957776248455048,-0.003854990005493164,-0.017891213297843933,0.6137896180152893,0.33728355169296265,0.0026547908782958984,-0.006572216749191284,-0.5768775939941406,0.2727081775665283,-0.009898602962493896,-0.014353692531585693,0.34221357107162476,-0.009545697830617428,-0.0013164877891540527,-8.357036858797073e-05,-0.3422137200832367,0.009546001441776752,0.0013161897659301758,8.41757282614708e-05,0.4940420985221863,0.38327282667160034,-0.02304774522781372,-0.03205415606498718,-0.45544373989105225,0.4280475676059723,-0.012005716562271118,-0.030726134777069092,0.48589643836021423,0.5592600703239441,-0.03048989176750183,-0.01160198450088501,-0.30973416566848755,0.6703815460205078,-0.01176762580871582,-0.010054171085357666
456,-0.3173547685146332,-1.1988362073898315,0.0063755810260772705,-0.021806716918945312,-0.1463908553123474,-1.3571234941482544,0.006493687629699707,-0.021296977996826172,-0.47500666975975037,-1.3384946584701538,0.006442904472351074,-0.02206742763519287,0.13415133953094482,-1.3648786544799805,0.006378933787345886,-0.020383596420288086,-0.6476456522941589,-1.3293342590332031,0.006921529769897461,-0.021834135055541992,0.35443592071533203,-0.8872787952423096,0.00573045015335083,-0.014910101890563965,-0.6449251770973206,-0.8515374660491943,0.005690395832061768,-0.016011714935302734,0.5383614897727966,-0.17272734642028809,0.00773245096206665,-0.010546267032623291,-0.6360469460487366,-0.18009144067764282,0.002387702465057373,-0.010513678193092346,0.619800329208374,0.33103618025779724,0.006010711193084717,-0.006247371435165405,-0.574880063533783,0.2645564377307892,0.001997530460357666,-0.008151739835739136,0.3421696424484253,-0.009373947978019714,-4.392862319946289e-05,0.00017174985259771347,-0.34216979146003723,0.009373947978019714,4.392862319946289e-05,-0.00017205346375703812,0.5048568248748779,0.4224001467227936,0.01081472635269165,0.03912732005119324,-0.43904754519462585,0.46601706743240356,0.01639619469642639,0.037969499826431274,0.4915933609008789,0.5871121287345886,0.005696922540664673,0.02785205841064453,-0.30373644828796387,0.6961297988891602,0.005997717380523682,0.025748252868652344
457,-0.31412893533706665,-1.2059001922607422,0.0032258331775665283,-0.0070639848709106445,-0.14404451847076416,-1.3676581382751465,0.002346336841583252,-0.01053464412689209,-0.4752006530761719,-1.3445574045181274,-0.0001939833164215088,-0.006062746047973633,0.13694822788238525,-1.3743281364440918,0.0027968883514404297,-0.009449481964111328,-0.6511226296424866,-1.3285777568817139,-0.0034769773483276367,0.0007565021514892578,0.3553025424480438,-0.8862540125846863,0.000866621732711792,0.001024782657623291,-0.6438025832176208,-0.8439578413963318,0.001122593879699707,0.007579624652862549,0.5401074290275574,-0.16213779151439667,0.0017459392547607422,0.010589554905891418,-0.6436180472373962,-0.16526246070861816,-0.007571101188659668,0.014828979969024658,0.6230267286300659,0.35215407609939575,0.0032263994216918945,0.02111789584159851,-0.5813355445861816,0.2855321764945984,-0.006455481052398682,0.020975738763809204,0.34230175614356995,-0.010713844560086727,0.00013211369514465332,-0.0013398965820670128,-0.34230175614356995,0.010713844560086727,-0.00013196468353271484,0.0013398965820670128,0.49894627928733826,0.3982839584350586,-0.005910545587539673,-0.024116188287734985,-0.45580869913101196,0.44768133759498596,-0.01676115393638611,-0.018335729837417603,0.49988383054733276,0.5683932900428772,0.008290469646453857,-0.018718838691711426,-0.32106709480285645,0.6902159452438354,-0.017330646514892578,-0.005913853645324707
458,-0.3109281361103058,-1.2608911991119385,0.0032007992267608643,-0.05499100685119629,-0.14433260262012482,-1.4240641593933105,-0.00028808414936065674,-0.05640602111816406,-0.47108036279678345,-1.399033784866333,0.004120290279388428,-0.054476380348205566,0.13479888439178467,-1.4340250492095947,-0.002149343490600586,-0.05969691276550293,-0.6442959904670715,-1.3839696645736694,0.006826639175415039,-0.055391907691955566,0.3586130738258362,-0.9323246479034424,0.0033105313777923584,-0.046070635318756104,-0.640405535697937,-0.8880324959754944,0.003397047519683838,-0.0440746545791626,0.5316272974014282,-0.20625649392604828,-0.00848013162612915,-0.04411870241165161,-0.6424195170402527,-0.21288880705833435,0.0011985301971435547,-0.047626346349716187,0.61055588722229,0.3089514970779419,-0.012470841407775879,-0.04320257902145386,-0.5840110182762146,0.22894901037216187,-0.002675473690032959,-0.05658316612243652,0.3427645266056061,-0.011054770089685917,0.0004627704620361328,-0.00034092552959918976,-0.342764675617218,0.011054770089685917,-0.0004629194736480713,0.00034092552959918976,0.4961903989315033,0.38228800892829895,-0.002755880355834961,-0.015995949506759644,-0.4613109827041626,0.43576493859291077,-0.005502283573150635,-0.011916399002075195,0.4874614179134369,0.5253452062606812,-0.012422412633895874,-0.043048083782196045,-0.33150148391723633,0.655531644821167,-0.010434389114379883,-0.03468430042266846
459,-0.3168451189994812,-1.1881076097488403,-0.005916982889175415,0.07278358936309814,-0.14450126886367798,-1.3462685346603394,-0.00016866624355316162,0.07779562473297119,-0.47305241227149963,-1.324769377708435,-0.0019720494747161865,0.07426440715789795,0.14074137806892395,-1.3439929485321045,0.005942493677139282,0.09003210067749023,-0.6431289315223694,-1.3042186498641968,0.0011670589447021484,0.07975101470947266,0.35979053378105164,-0.8547139763832092,0.001177459955215454,0.07761067152023315,-0.6396235227584839,-0.8204847574234009,0.000782012939453125,0.0675477385520935,0.5304597616195679,-0.1253049075603485,-0.0011675357818603516,0.08095158636569977,-0.647274911403656,-0.14236845076084137,-0.00485539436340332,0.07052035629749298,0.614456832408905,0.3939950168132782,0.0039009451866149902,0.0850435197353363,-0.5911061763763428,0.3173283338546753,-0.007095158100128174,0.08837932348251343,0.3436536490917206,-0.008358554914593697,0.000889122486114502,0.0026962151750922203,-0.3436536490917206,0.008358864113688469,-0.0008889734745025635,-0.002695905975997448,0.49437788128852844,0.39105305075645447,-0.0018125176429748535,0.008765041828155518,-0.47779974341392517,0.43576374650001526,-0.016488760709762573,-1.1920928955078125e-06,0.5104147791862488,0.5673493146896362,0.02295336127281189,0.04200410842895508,-0.3407977521419525,0.6841914057731628,-0.009296268224716187,0.02865976095199585
460,-0.3025844991207123,-1.2493325471878052,0.014260619878768921,-0.061224937438964844,-0.13226492702960968,-1.4072448015213013,0.012236341834068298,-0.060976266860961914,-0.4583721458911896,-1.3830493688583374,0.014680266380310059,-0.058279991149902344,0.15071611106395721,-1.4003195762634277,0.009974732995033264,-0.05632662773132324,-0.627324640750885,-1.354903221130371,0.015804290771484375,-0.050684571266174316,0.3660619258880615,-0.8988699913024902,0.006271392107009888,-0.044156014919281006,-0.6329811811447144,-0.8551340699195862,0.006642341613769531,-0.0346493124961853,0.5266185402870178,-0.17079050838947296,-0.003841221332550049,-0.04548560082912445,-0.6485167741775513,-0.1713554412126541,-0.0012418627738952637,-0.028986990451812744,0.6257457733154297,0.352802574634552,0.011288940906524658,-0.041192442178726196,-0.5934354662895203,0.27978846430778503,-0.0023292899131774902,-0.03753986954689026,0.3440539836883545,-0.011216563172638416,0.00040033459663391113,-0.0028580082580447197,-0.34405413269996643,0.011216874234378338,-0.0004004836082458496,0.002858010120689869,0.5105575323104858,0.39134618639945984,0.016179651021957397,0.0002931356430053711,-0.46667391061782837,0.447450190782547,0.011125832796096802,0.011686444282531738,0.5236572027206421,0.5438206195831299,0.01324242353439331,-0.023528695106506348,-0.3387969434261322,0.6745638251304626,0.0020008087158203125,-0.009627580642700195
461,-0.2862623333930969,-1.2413064241409302,0.016322165727615356,0.008026123046875,-0.11683396250009537,-1.400227665901184,0.015430964529514313,0.0070171356201171875,-0.4475385248661041,-1.374420166015625,0.01083362102508545,0.008629202842712402,0.16046103835105896,-1.3927568197250366,0.009744927287101746,0.007562756538391113,-0.6247563362121582,-1.3410875797271729,0.0025683045387268066,0.013815641403198242,0.3694117069244385,-0.8932667374610901,0.003349781036376953,0.0056032538414001465,-0.6294860243797302,-0.8463257551193237,0.003495156764984131,0.008808314800262451,0.5300953388214111,-0.15264463424682617,0.0034767985343933105,0.01814587414264679,-0.6493388414382935,-0.15073372423648834,-0.0008220672607421875,0.02062171697616577,0.6369652152061462,0.3893203139305115,0.011219441890716553,0.03651773929595947,-0.599737823009491,0.31548982858657837,-0.006302356719970703,0.035701364278793335,0.34320253133773804,-0.012060060165822506,-0.0008514523506164551,-0.0008434969931840897,-0.34320271015167236,0.012060060165822506,0.0008514225482940674,0.0008431859314441681,0.5060559511184692,0.4307716488838196,-0.0045015811920166016,0.03942546248435974,-0.46971383690834045,0.4895712435245514,-0.003039926290512085,0.042121052742004395,0.5102195143699646,0.5948120355606079,-0.01343768835067749,0.05099141597747803,-0.35419413447380066,0.7330597639083862,-0.015397191047668457,0.058495938777923584
462,-0.28325778245925903,-1.2716517448425293,0.0030045509338378906,-0.03034532070159912,-0.11029400676488876,-1.4311243295669556,0.006539955735206604,-0.030896663665771484,-0.4464919865131378,-1.406388759613037,0.0010465383529663086,-0.03196859359741211,0.1678825318813324,-1.4180047512054443,0.0074214935302734375,-0.025247931480407715,-0.6281562447547913,-1.3691198825836182,-0.0033999085426330566,-0.028032302856445312,0.3668249249458313,-0.9146490693092346,-0.0025867819786071777,-0.02138233184814453,-0.6320741772651672,-0.8677383661270142,-0.0025881528854370117,-0.02141261100769043,0.5286610722541809,-0.1695224493741989,-0.0014342665672302246,-0.01687781512737274,-0.659829318523407,-0.16428591310977936,-0.010490477085113525,-0.013552188873291016,0.6367951035499573,0.3807675540447235,-0.00017011165618896484,-0.008552759885787964,-0.6114786863327026,0.30177462100982666,-0.01174086332321167,-0.013715207576751709,0.3436117470264435,-0.012237191200256348,0.00040921568870544434,-0.0001771310344338417,-0.34361159801483154,0.01223687268793583,-0.0004088878631591797,0.0001768125221133232,0.5098470449447632,0.41166824102401733,0.0037910938262939453,-0.019103407859802246,-0.4715650975704193,0.46940985321998596,-0.0018512606620788574,-0.02016139030456543,0.5226282477378845,0.5822937488555908,0.012408733367919922,-0.01251828670501709,-0.3602531850337982,0.715055525302887,-0.006059050559997559,-0.018004238605499268
463,-0.28238314390182495,-1.2829536199569702,0.000874638557434082,-0.011301875114440918,-0.10758636891841888,-1.4434975385665894,0.002707637846469879,-0.012373208999633789,-0.44810011982917786,-1.4182257652282715,-0.001608133316040039,-0.011837005615234375,0.17152471840381622,-1.4279321432113647,0.0036421865224838257,-0.00992739200592041,-0.6328272819519043,-1.3777694702148438,-0.004671037197113037,-0.008649587631225586,0.3642899692058563,-0.9252533316612244,-0.0025349557399749756,-0.010604262351989746,-0.6344985961914062,-0.8760461807250977,-0.0024244189262390137,-0.008307814598083496,0.5226128697395325,-0.17202290892601013,-0.0060482025146484375,-0.0025004595518112183,-0.6686956882476807,-0.1620413213968277,-0.008866369724273682,0.00224459171295166,0.6375474333763123,0.3913080096244812,0.0007523298263549805,0.01054045557975769,-0.6222565770149231,0.309899240732193,-0.010777890682220459,0.008124619722366333,0.34383857250213623,-0.013042849488556385,0.00022682547569274902,-0.0008056582883000374,-0.34383872151374817,0.013042849488556385,-0.00022712349891662598,0.0008059768006205559,0.5121243596076965,0.4099825918674469,0.0022773146629333496,-0.0016856491565704346,-0.47518572211265564,0.47056567668914795,-0.003620624542236328,0.0011558234691619873,0.5289265513420105,0.5983403921127319,0.0062983036041259766,0.016046643257141113,-0.3702794015407562,0.7342255115509033,-0.010026216506958008,0.019169986248016357
464,-0.2770507037639618,-1.2878633737564087,0.005332440137863159,-0.0049097537994384766,-0.10339169949293137,-1.4482814073562622,0.004194669425487518,-0.0047838687896728516,-0.443614661693573,-1.4234895706176758,0.004485458135604858,-0.005263805389404297,0.1722681224346161,-1.4331413507461548,0.0007434040307998657,-0.005209207534790039,-0.6313198804855347,-1.382920503616333,0.001507401466369629,-0.005151033401489258,0.36260929703712463,-0.9283127188682556,-0.0016806721687316895,-0.00305938720703125,-0.6359444856643677,-0.8745512962341309,-0.0014458894729614258,0.0014948844909667969,0.5161756873130798,-0.18044526875019073,-0.006437182426452637,-0.008422359824180603,-0.6713861227035522,-0.1605643481016159,-0.002690434455871582,0.001476973295211792,0.6303972601890564,0.38643816113471985,-0.007150173187255859,-0.0048698484897613525,-0.627585232257843,0.30279892683029175,-0.005328655242919922,-0.007100313901901245,0.34339097142219543,-0.014242167584598064,-0.0004476010799407959,-0.0011993180960416794,-0.34339097142219543,0.014242167584598064,0.0004477500915527344,0.0011993180960416794,0.5081901550292969,0.41966429352760315,-0.003934204578399658,0.00968170166015625,-0.4719610810279846,0.4842623174190521,0.0032246410846710205,0.013696640729904175,0.5133894681930542,0.5939972996711731,-0.015537083148956299,-0.004343092441558838,-0.37147489190101624,0.730771541595459,-0.0011954903602600098,-0.003453969955444336
465,-0.27236488461494446,-1.2767459154129028,0.004685819149017334,0.01111745834350586,-0.09723106026649475,-1.4366577863693237,0.006160639226436615,0.011623620986938477,-0.43616238236427307,-1.4127004146575928,0.007452279329299927,0.010789155960083008,0.1838088035583496,-1.4222607612609863,0.01154068112373352,0.010880589485168457,-0.6187222599983215,-1.3753905296325684,0.012597620487213135,0.0075299739837646484,0.3739916980266571,-0.9169073700904846,0.01138240098953247,0.011405348777770996,-0.6247846484184265,-0.8674533367156982,0.011159837245941162,0.007097959518432617,0.5208471417427063,-0.17155805230140686,0.004671454429626465,0.008887216448783875,-0.6635512709617615,-0.15709811449050903,0.007834851741790771,0.0034662336111068726,0.634139895439148,0.38877633213996887,0.0037426352500915527,0.0023381710052490234,-0.6185375452041626,0.30739498138427734,0.00904768705368042,0.004596054553985596,0.34370940923690796,-0.012998253107070923,0.0003184378147125244,0.0012439144775271416,-0.3437095880508423,0.01299857348203659,-0.0003186166286468506,-0.0012435941025614738,0.5102266669273376,0.4160177409648895,0.0020365118980407715,-0.003646552562713623,-0.4685472249984741,0.4786517322063446,0.003413856029510498,-0.0056105852127075195,0.5176641345024109,0.5882005095481873,0.0042746663093566895,-0.00579679012298584,-0.3663328289985657,0.7241418361663818,0.0051420629024505615,-0.0066297054290771484
466,-0.29207950830459595,-1.3137738704681396,-0.01971462368965149,-0.037027955055236816,-0.11789918690919876,-1.4794098138809204,-0.02066812664270401,-0.04275202751159668,-0.4560038447380066,-1.4554474353790283,-0.01984146237373352,-0.04274702072143555,0.16837768256664276,-1.476622462272644,-0.015431120991706848,-0.054361701011657715,-0.6355758309364319,-1.4300360679626465,-0.01685357093811035,-0.054645538330078125,0.36552324891090393,-0.959907054901123,-0.008468449115753174,-0.04299968481063843,-0.6331046223640442,-0.9075391292572021,-0.008319973945617676,-0.040085792541503906,0.5123777985572815,-0.22050920128822327,-0.008469343185424805,-0.048951148986816406,-0.6782979965209961,-0.20059728622436523,-0.01474672555923462,-0.0434991717338562,0.6217625141143799,0.3500952124595642,-0.012377381324768066,-0.03868111968040466,-0.6396190524101257,0.26192906498908997,-0.021081507205963135,-0.04546591639518738,0.34561294317245483,-0.013670871034264565,0.001903533935546875,-0.0006726179271936417,-0.34561294317245483,0.013671193271875381,-0.0019033551216125488,0.0006726197898387909,0.516137957572937,0.35085219144821167,0.005911290645599365,-0.06516554951667786,-0.484580397605896,0.4170992970466614,-0.016033172607421875,-0.06155243515968323,0.5340585112571716,0.5348352193832397,0.016394376754760742,-0.05336529016494751,-0.3853263258934021,0.6726316213607788,-0.018993496894836426,-0.05151021480560303
467,-0.3018993139266968,-1.1771270036697388,-0.00981980562210083,0.13664686679840088,-0.1258169561624527,-1.3408585786819458,-0.007917769253253937,0.1385512351989746,-0.4627786874771118,-1.3198766708374023,-0.006774842739105225,0.13557076454162598,0.1690702587366104,-1.3459893465042114,0.0006925761699676514,0.13063311576843262,-0.6358405351638794,-1.3061130046844482,-0.00026470422744750977,0.12392306327819824,0.3724854290485382,-0.8549489378929138,0.006962180137634277,0.10495811700820923,-0.6266409754753113,-0.8131587505340576,0.00646364688873291,0.09438037872314453,0.5228615999221802,-0.1035633236169815,0.010483801364898682,0.11694587767124176,-0.6766259074211121,-0.10032519698143005,0.0016720890998840332,0.10027208924293518,0.618407666683197,0.46969664096832275,-0.0033548474311828613,0.11960142850875854,-0.6356536149978638,0.37402692437171936,0.003965437412261963,0.1120978593826294,0.34495359659194946,-0.010179873555898666,-0.0006593465805053711,0.003490997478365898,-0.34495359659194946,0.010180194862186909,0.0006593465805053711,-0.0034909984096884727,0.5019252300262451,0.3621389865875244,-0.014212727546691895,0.011286795139312744,-0.49432605504989624,0.41793185472488403,-0.009745657444000244,0.0008325576782226562,0.5322737097740173,0.5891432166099548,-0.0017848014831542969,0.05430799722671509,-0.3845958113670349,0.7144829630851746,0.0007305145263671875,0.04185134172439575
468,-0.3119828999042511,-1.1937750577926636,-0.010083585977554321,-0.016648054122924805,-0.13400964438915253,-1.3550374507904053,-0.008192688226699829,-0.014178872108459473,-0.4652716815471649,-1.3373090028762817,-0.0024929940700531006,-0.017432332038879395,0.1732300966978073,-1.3658440113067627,0.004159837961196899,-0.01985466480255127,-0.6221917271614075,-1.336188793182373,0.013648808002471924,-0.030075788497924805,0.3867236375808716,-0.8831507563591003,0.014238208532333374,-0.028201818466186523,-0.6127156615257263,-0.8496671915054321,0.013925313949584961,-0.03650844097137451,0.5230470895767212,-0.14841540157794952,0.00018548965454101562,-0.04485207796096802,-0.6689063906669617,-0.15413396060466766,0.007719516754150391,-0.05380876362323761,0.6027616262435913,0.41066861152648926,-0.015646040439605713,-0.059028029441833496,-0.6356101036071777,0.32507991790771484,4.3511390686035156e-05,-0.04894700646400452,0.3453540802001953,-0.007237069308757782,0.0004004836082458496,0.0029428042471408844,-0.3453540802001953,0.007237069308757782,-0.0004004836082458496,-0.0029431255534291267,0.49558255076408386,0.3629489243030548,-0.006342679262161255,0.0008099377155303955,-0.4865061044692993,0.41183707118034363,0.007819950580596924,-0.006094783544540405,0.5072693228721619,0.5754037499427795,-0.02500438690185547,-0.013739466667175293,-0.3856619894504547,0.6910107135772705,-0.0010661780834197998,-0.023472249507904053
469,-0.31658220291137695,-1.144457221031189,-0.0045993030071258545,0.04931783676147461,-0.1412208378314972,-1.315077543258667,-0.0072111934423446655,0.03995990753173828,-0.4778502285480499,-1.2891747951507568,-0.01257854700088501,0.0481342077255249,0.17866924405097961,-1.3494013547897339,0.005439147353172302,0.01644265651702881,-0.6318092942237854,-1.298902153968811,-0.00961756706237793,0.03728663921356201,0.40228861570358276,-0.8777263164520264,0.015564978122711182,0.005424439907073975,-0.5969571471214294,-0.8388944268226624,0.015758514404296875,0.010772764682769775,0.5400229096412659,-0.11523663252592087,0.016975820064544678,0.033178769052028656,-0.65762859582901,-0.130904421210289,0.01127779483795166,0.023229539394378662,0.6031081080436707,0.43816110491752625,0.0003464818000793457,0.027492493391036987,-0.6357508897781372,0.3592417538166046,-0.00014078617095947266,0.03416183590888977,0.34504234790802,-0.00761661771684885,-0.00031173229217529297,-0.00037954840809106827,-0.34504252672195435,0.00761661771684885,0.0003115534782409668,0.00037954840809106827,0.5019218325614929,0.31786486506462097,0.006339281797409058,-0.04508405923843384,-0.4887724816799164,0.37159428000450134,-0.0022663772106170654,-0.040242791175842285,0.5257077813148499,0.5538918972015381,0.01843845844268799,-0.021511852741241455,-0.3905065059661865,0.6963918805122375,-0.0048445165157318115,0.005381166934967041
470,-0.34561559557914734,-1.061607837677002,-0.029033392667770386,0.08284938335418701,-0.1764785200357437,-1.2331600189208984,-0.03525768220424652,0.08191752433776855,-0.5072677135467529,-1.2053142786026,-0.029417484998703003,0.08386051654815674,0.14348790049552917,-1.2816176414489746,-0.03518134355545044,0.06778371334075928,-0.6579967141151428,-1.2234807014465332,-0.026187419891357422,0.07542145252227783,0.38542240858078003,-0.8266485929489136,-0.016866207122802734,0.05107772350311279,-0.6132259368896484,-0.7746730446815491,-0.016268789768218994,0.06422138214111328,0.5247724652290344,-0.06877931952476501,-0.015250444412231445,0.04645731300115585,-0.671169638633728,-0.0671650841832161,-0.013541042804718018,0.0637393370270729,0.5720469951629639,0.5011929273605347,-0.031061112880706787,0.06303182244300842,-0.6582127213478088,0.4230208098888397,-0.02246183156967163,0.06377905607223511,0.3437325060367584,-0.009696602821350098,-0.0013098418712615967,-0.0020799851045012474,-0.34373265504837036,0.009696602821350098,0.0013098716735839844,0.0020799851045012474,0.47033601999282837,0.33011680841445923,-0.03158581256866455,0.012251943349838257,-0.5108348727226257,0.39163994789123535,-0.02206239104270935,0.02004566788673401,0.4934268593788147,0.5868035554885864,-0.032280921936035156,0.03291165828704834,-0.3994518220424652,0.7352599501609802,-0.008945316076278687,0.038868069648742676
471,-0.3620099425315857,-0.9879122972488403,-0.016394346952438354,0.07369554042816162,-0.1946602761745453,-1.161737322807312,-0.018181756138801575,0.07142269611358643,-0.5250566005706787,-1.132908821105957,-0.01778888702392578,0.07240545749664307,0.1337021440267563,-1.224360704421997,-0.009785756468772888,0.05725693702697754,-0.6702717542648315,-1.1619778871536255,-0.01227504014968872,0.061502814292907715,0.3877052068710327,-0.7869572043418884,0.0022827982902526855,0.039691388607025146,-0.6105803847312927,-0.728426456451416,0.002645552158355713,0.04624658823013306,0.5225590467453003,-0.03207089751958847,-0.002213418483734131,0.036708422005176544,-0.6669792532920837,-0.021800989285111427,0.004190385341644287,0.04536409676074982,0.558330237865448,0.5433893799781799,-0.01371675729751587,0.042196452617645264,-0.662491500377655,0.46498510241508484,-0.004278779029846191,0.04196429252624512,0.34359362721443176,-0.010155634954571724,-0.00013887882232666016,-0.0004590321332216263,-0.34359362721443176,0.010155954398214817,0.00013902783393859863,0.0004593515768647194,0.46053531765937805,0.33913519978523254,-0.009800702333450317,0.009018391370773315,-0.5210098028182983,0.4053537845611572,-0.010174930095672607,0.013713836669921875,0.47154849767684937,0.6146276593208313,-0.021878361701965332,0.027824103832244873,-0.42129477858543396,0.7691455483436584,-0.02184295654296875,0.03388559818267822
472,-0.37160077691078186,-0.9985224604606628,-0.009590834379196167,-0.01061016321182251,-0.20652154088020325,-1.17124605178833,-0.011861264705657959,-0.009508728981018066,-0.5325018763542175,-1.1431739330291748,-0.007445275783538818,-0.010265111923217773,0.1229202151298523,-1.239194393157959,-0.010781928896903992,-0.014833688735961914,-0.6724366545677185,-1.1780073642730713,-0.002164900302886963,-0.0160294771194458,0.3846909999847412,-0.8087566494941711,-0.003014206886291504,-0.021799445152282715,-0.6135818362236023,-0.7500084638595581,-0.0030014514923095703,-0.02158200740814209,0.522447407245636,-0.04930243268609047,-0.00011163949966430664,-0.017231535166502,-0.6826725602149963,-0.038415275514125824,-0.015693306922912598,-0.016614286229014397,0.5476536154747009,0.5296320915222168,-0.01067662239074707,-0.013757288455963135,-0.6790403723716736,0.4474598467350006,-0.016548871994018555,-0.01752525568008423,0.3437322676181793,-0.00972426775842905,0.0001386404037475586,0.0004313671961426735,-0.34373244643211365,0.00972426775842905,-0.00013881921768188477,-0.0004316866397857666,0.45390182733535767,0.3171026110649109,-0.006633490324020386,-0.022032588720321655,-0.5297209024429321,0.38085758686065674,-0.008711099624633789,-0.02449619770050049,0.46810126304626465,0.5901418924331665,-0.003447234630584717,-0.024485766887664795,-0.43244290351867676,0.7387589812278748,-0.011148124933242798,-0.03038656711578369
473,-0.3640598654747009,-0.877971887588501,0.007540911436080933,0.12055057287216187,-0.20347854495048523,-1.0515919923782349,0.0030429959297180176,0.11965405941009521,-0.5271804332733154,-1.0215448141098022,0.0053214430809021,0.12162911891937256,0.1273924708366394,-1.1337989568710327,0.004472255706787109,0.10539543628692627,-0.6661596894264221,-1.0637540817260742,0.006276965141296387,0.11425328254699707,0.39274629950523376,-0.730461061000824,0.008055299520492554,0.07829558849334717,-0.6040964722633362,-0.6510610580444336,0.009485363960266113,0.09894740581512451,0.5269461274147034,0.02100551128387451,0.004498720169067383,0.07030794024467468,-0.6699231863021851,0.06991896778345108,0.01274937391281128,0.1083342432975769,0.5531576871871948,0.6294800043106079,0.0055040717124938965,0.09984791278839111,-0.6721364259719849,0.5605782270431519,0.006903946399688721,0.11311838030815125,0.3425821363925934,-0.01413930207490921,-0.0011501312255859375,-0.00441503431648016,-0.3425821363925934,0.014139625243842602,0.0011503100395202637,0.004415357485413551,0.45541515946388245,0.3178279995918274,0.0015133321285247803,0.0007253885269165039,-0.5301109552383423,0.39883142709732056,-0.00039005279541015625,0.01797384023666382,0.4669734537601471,0.628331184387207,-0.0011278092861175537,0.03818929195404053,-0.4299747049808502,0.7914813756942749,0.002468198537826538,0.052722394466400146
474,-0.37205180525779724,-0.8500823378562927,-0.007991939783096313,0.027889549732208252,-0.20981650054454803,-1.0208240747451782,-0.006337955594062805,0.03076791763305664,-0.5347071290016174,-0.9890991449356079,-0.007526695728302002,0.032445669174194336,0.11479435116052628,-1.0914430618286133,-0.012598119676113129,0.042355895042419434,-0.6773549318313599,-1.0186681747436523,-0.011195242404937744,0.045085906982421875,0.37483781576156616,-0.7127610445022583,-0.017908483743667603,0.017700016498565674,-0.6207334399223328,-0.6187511682510376,-0.016636967658996582,0.032309889793395996,0.5223888754844666,0.03336537629365921,-0.004557251930236816,0.012359865009784698,-0.687350332736969,0.10959824174642563,-0.017427146434783936,0.03967927396297455,0.5578781366348267,0.6794618368148804,0.004720449447631836,0.04998183250427246,-0.6920475363731384,0.5996231436729431,-0.019911110401153564,0.03904491662979126,0.34337708353996277,-0.017574602738022804,0.0007949471473693848,-0.003435300663113594,-0.34337708353996277,0.017574602738022804,-0.0007949471473693848,0.0034349774941802025,0.46800175309181213,0.26959890127182007,0.012586593627929688,-0.048229098320007324,-0.5528296828269958,0.35876527428627014,-0.022718727588653564,-0.040066152811050415,0.49416202306747437,0.6385858654975891,0.02718856930732727,0.01025468111038208,-0.46051767468452454,0.7975581884384155,-0.030542969703674316,0.006076812744140625
475,-0.36516979336738586,-0.7652198672294617,0.006882011890411377,0.08486247062683105,-0.20743083953857422,-0.935574471950531,0.002385661005973816,0.08524960279464722,-0.5326605439186096,-0.9040757417678833,0.0020465850830078125,0.08502340316772461,0.11212979257106781,-1.0207452774047852,-0.0026645585894584656,0.07069778442382812,-0.6808221340179443,-0.942922055721283,-0.0034672021865844727,0.07574611902236938,0.3710125684738159,-0.6750292181968689,-0.003825247287750244,0.037731826305389404,-0.6232044696807861,-0.567639946937561,-0.002471029758453369,0.05111122131347656,0.5192826390266418,0.06520344316959381,-0.003106236457824707,0.0318380668759346,-0.698952317237854,0.16748259961605072,-0.01160198450088501,0.05788435786962509,0.5614162683486938,0.7571823000907898,0.0035381317138671875,0.07772046327590942,-0.6951168775558472,0.6670653223991394,-0.0030693411827087402,0.06744217872619629,0.34208422899246216,-0.021099930629134178,-0.0012928545475006104,-0.003525327891111374,-0.3420844078063965,0.021099930629134178,0.0012926757335662842,0.003525327891111374,0.46900150179862976,0.30282101035118103,0.000999748706817627,0.03322210907936096,-0.5463961362838745,0.40331244468688965,0.006433546543121338,0.04454717040061951,0.47845014929771423,0.6883856654167175,-0.015711873769760132,0.04979979991912842,-0.4699894189834595,0.8538528680801392,-0.009471744298934937,0.05629467964172363
476,-0.3328283727169037,-0.6010658740997314,0.03234142065048218,0.16415399312973022,-0.1812029480934143,-0.7720799446105957,0.026227891445159912,0.1634945273399353,-0.5060933828353882,-0.7411319613456726,0.026567161083221436,0.1629437804222107,0.13897792994976044,-0.8855231404304504,0.026848137378692627,0.13522213697433472,-0.6531567573547363,-0.7984021306037903,0.027665376663208008,0.14451992511749268,0.39351972937583923,-0.5826087594032288,0.022507160902023315,0.09242045879364014,-0.60041743516922,-0.47265955805778503,0.022787034511566162,0.094980388879776,0.49520641565322876,0.18665026128292084,-0.024076223373413086,0.12144681811332703,-0.6703555583953857,0.28548306226730347,0.02859675884246826,0.11800046265125275,0.5957847237586975,0.879570722579956,0.03436845541000366,0.12238842248916626,-0.6701372265815735,0.7939398884773254,0.02497965097427368,0.12687456607818604,0.3454214036464691,-0.024777330458164215,0.003337174654006958,-0.003677399829030037,-0.3454214036464691,0.024777330458164215,-0.003336995840072632,0.003677399829030037,0.5400654673576355,0.3365311324596405,0.07106396555900574,0.03371012210845947,-0.5417833924293518,0.45527899265289307,0.004612743854522705,0.05196654796600342,0.5359863042831421,0.7332835793495178,0.057536154985427856,0.04489791393280029,-0.4827300012111664,0.9338122010231018,-0.01274058222770691,0.07995933294296265
477,-0.3417164981365204,-0.5095571279525757,-0.0088881254196167,0.09150874614715576,-0.18919000029563904,-0.6842326521873474,-0.007987052202224731,0.08784729242324829,-0.5191342234611511,-0.6449176669120789,-0.01304084062576294,0.09621429443359375,0.14979945123195648,-0.8051193356513977,0.010821521282196045,0.08040380477905273,-0.6602864861488342,-0.7001404762268066,-0.0071297287940979,0.09826165437698364,0.4049553871154785,-0.5244373679161072,0.011435657739639282,0.05817139148712158,-0.5877800583839417,-0.4041195511817932,0.01263737678527832,0.06854000687599182,0.4840182363986969,0.24947711825370789,-0.01118817925453186,0.06282685697078705,-0.6974207162857056,0.3528115749359131,-0.027065157890319824,0.06732851266860962,0.5796296000480652,0.9400420784950256,-0.016155123710632324,0.06047135591506958,-0.6859064102172852,0.8489927649497986,-0.01576918363571167,0.055052876472473145,0.3467632532119751,-0.026468947529792786,0.0013418495655059814,-0.0016916170716285706,-0.34676310420036316,0.026468947529792786,-0.001341700553894043,0.0016916170716285706,0.5431368947029114,0.3425627648830414,0.003071427345275879,0.006031632423400879,-0.5632106065750122,0.4733981490135193,-0.0214272141456604,0.01811915636062622,0.5561818480491638,0.7199506163597107,0.02019554376602173,-0.013332962989807129,-0.5430979132652283,0.9496913552284241,-0.06036791205406189,0.015879154205322266
478,-0.3458319306373596,-0.5338378548622131,-0.004115432500839233,-0.02428072690963745,-0.18773871660232544,-0.7250652313232422,0.0014512836933135986,-0.040832579135894775,-0.5392109751701355,-0.6589846611022949,-0.020076751708984375,-0.014066994190216064,0.15494129061698914,-0.828973650932312,0.005141839385032654,-0.023854315280914307,-0.6957104802131653,-0.670587956905365,-0.035423994064331055,0.02955251932144165,0.38537609577178955,-0.5448680520057678,-0.019579291343688965,-0.020430684089660645,-0.59944748878479,-0.3713099956512451,-0.011667430400848389,0.032809555530548096,0.4763294756412506,0.20973393321037292,-0.007688760757446289,-0.03974318504333496,-0.708339512348175,0.3704754710197449,-0.010918796062469482,0.017663896083831787,0.5886749029159546,0.923366129398346,0.009045302867889404,-0.016675949096679688,-0.689503014087677,0.8357575535774231,-0.0035966038703918457,-0.013235211372375488,0.34186995029449463,-0.03922787681221962,-0.004893302917480469,-0.012758929282426834,-0.3418697714805603,0.039227716624736786,0.0048933327198028564,0.012758769094944,0.5412086844444275,0.25825008749961853,-0.0019282102584838867,-0.08431267738342285,-0.5592576861381531,0.433554083108902,0.003952920436859131,-0.03984406590461731,0.5594711899757385,0.6698441505432129,0.003289341926574707,-0.0501064658164978,-0.5524213314056396,0.9672127366065979,-0.009323418140411377,0.017521381378173828
479,-0.35796695947647095,-0.34199750423431396,-0.012135028839111328,0.19184035062789917,-0.19529235363006592,-0.5198109745979309,-0.0075536370277404785,0.20525425672531128,-0.5428845882415771,-0.4867610037326813,-0.0036736130714416504,0.17222365736961365,0.18628475069999695,-0.6834078431129456,0.03134346008300781,0.14556580781936646,-0.6701979637145996,-0.586463212966919,0.025512516498565674,0.08412474393844604,0.4363965392112732,-0.4699433445930481,0.05102044343948364,0.07492470741271973,-0.5570401549339294,-0.3555598855018616,0.042407333850860596,0.015750110149383545,0.4916437268257141,0.31710493564605713,0.015314251184463501,0.1073710024356842,-0.6778273582458496,0.4154335856437683,0.03051215410232544,0.04495811462402344,0.5949560403823853,1.0079902410507202,0.006281137466430664,0.08462411165237427,-0.6964818835258484,0.9332433342933655,-0.006978869438171387,0.09748578071594238,0.34684517979621887,-0.023319052532315254,0.004975229501724243,0.015908824279904366,-0.34684503078460693,0.023319218307733536,-0.004975259304046631,-0.01590849831700325,0.5525804758071899,0.4210846424102783,0.011371791362762451,0.1628345549106598,-0.5453163981437683,0.5447339415550232,0.013941287994384766,0.11117985844612122,0.6073524355888367,0.8081122040748596,0.047881245613098145,0.13826805353164673,-0.5022560358047485,1.0364317893981934,0.05016529560089111,0.06921905279159546
480,-0.29012686014175415,-0.17737343907356262,0.0678400993347168,0.16462406516075134,-0.14645908772945404,-0.3590734004974365,0.04883326590061188,0.16073757410049438,-0.4938526749610901,-0.3130110502243042,0.04903191328048706,0.17374995350837708,0.18785065412521362,-0.5294110178947449,0.0015659034252166748,0.15399682521820068,-0.6673383712768555,-0.39117690920829773,0.0028595924377441406,0.19528630375862122,0.41866394877433777,-0.3304857909679413,-0.017732590436935425,0.1394575536251068,-0.572318434715271,-0.19649341702461243,-0.015278279781341553,0.15906646847724915,0.4868035614490509,0.4696783721446991,-0.004840165376663208,0.15257343649864197,-0.6935639977455139,0.5683364868164062,-0.015736639499664307,0.15290290117263794,0.5709252953529358,1.2141563892364502,-0.024030745029449463,0.20616614818572998,-0.659908652305603,1.0720632076263428,0.03657323122024536,0.1388198733329773,0.34121644496917725,-0.029998810961842537,-0.005628734827041626,-0.006679758429527283,-0.3412162661552429,0.029998810961842537,0.005628764629364014,0.006679592654109001,0.49979543685913086,0.4737248718738556,-0.05278503894805908,0.05264022946357727,-0.5729015469551086,0.6190486550331116,-0.027585148811340332,0.07431471347808838,0.5593572854995728,0.900833249092102,-0.047995150089263916,0.09272104501724243,-0.5072371959686279,1.1689045429229736,-0.0049811601638793945,0.13247275352478027
481,-0.2927623391151428,-0.22362998127937317,-0.002635478973388672,-0.04625654220581055,-0.15797346830368042,-0.4129745066165924,-0.01151438057422638,-0.053901106119155884,-0.5053921937942505,-0.36302974820137024,-0.0115395188331604,-0.05001869797706604,0.18615825474262238,-0.6216035485267639,-0.0016923993825912476,-0.09219253063201904,-0.6724865436553955,-0.4676198959350586,-0.005148172378540039,-0.07644298672676086,0.430828332901001,-0.4320705533027649,0.012164384126663208,-0.10158476233482361,-0.5587080717086792,-0.28778690099716187,0.013610363006591797,-0.09129348397254944,0.5102813243865967,0.38835689425468445,0.023477762937545776,-0.08132147789001465,-0.7091462016105652,0.49735549092292786,-0.01558220386505127,-0.0709809958934784,0.5968273282051086,1.1483774185180664,0.02590203285217285,-0.06577897071838379,-0.6767701506614685,1.0136057138442993,-0.01686149835586548,-0.05845749378204346,0.33919402956962585,-0.03289232775568962,-0.0020224153995513916,-0.002893516793847084,-0.33919402956962585,0.03289216384291649,0.0020222365856170654,0.0028933528810739517,0.5244890451431274,0.477274626493454,0.024693608283996582,0.0035497546195983887,-0.5196789503097534,0.6322800517082214,0.053222596645355225,0.013231396675109863,0.5708929896354675,0.8638864755630493,0.011535704135894775,-0.036946773529052734,-0.47540178894996643,1.1550911664962769,0.0318354070186615,-0.013813376426696777
482,-0.2867443263530731,-0.2502627372741699,0.006018012762069702,-0.026632755994796753,-0.13436627388000488,-0.43861472606658936,0.023607194423675537,-0.025640219449996948,-0.5014145970344543,-0.39340126514434814,0.003977596759796143,-0.030371516942977905,0.2009134739637375,-0.6031195521354675,0.014755219221115112,0.018483996391296387,-0.695579469203949,-0.46689698100090027,-0.023092925548553467,0.0007229149341583252,0.40458494424819946,-0.3944261074066162,-0.026243388652801514,0.03764444589614868,-0.5864874720573425,-0.2611016035079956,-0.02777940034866333,0.02668529748916626,0.5012658834457397,0.4237484037876129,-0.009015440940856934,0.03539150953292847,-0.762958824634552,0.5330715775489807,-0.053812623023986816,0.035716086626052856,0.5937442779541016,1.2059009075164795,-0.00308305025100708,0.057523488998413086,-0.7406663298606873,1.0771238803863525,-0.06389617919921875,0.06351816654205322,0.3427821695804596,-0.030041107907891273,0.0035881400108337402,0.0028512198477983475,-0.34278199076652527,0.030041107907891273,-0.003587961196899414,-0.002851055935025215,0.48851290345191956,0.4904334247112274,-0.035976141691207886,0.013158798217773438,-0.6069778203964233,0.6281551122665405,-0.08729887008666992,-0.004124939441680908,0.5867043137550354,0.9347025156021118,0.01581132411956787,0.0708160400390625,-0.584434986114502,1.189785122871399,-0.10903319716453552,0.03469395637512207
483,-0.2446753978729248,-0.010206101462244987,0.042068928480148315,0.24005663394927979,-0.11338595300912857,-0.18897971510887146,0.020980320870876312,0.2496350109577179,-0.45373329520225525,-0.15965168178081512,0.0476813018321991,0.23374958336353302,0.23581694066524506,-0.4398078918457031,0.03490346670150757,0.1633116602897644,-0.6172977089881897,-0.32087641954421997,0.07828176021575928,0.1460205614566803,0.4757439196109772,-0.33734646439552307,0.07115897536277771,0.05707964301109314,-0.5175034403800964,-0.221330925822258,0.0689840316772461,0.03977067768573761,0.5424728989601135,0.4689139127731323,0.04120701551437378,0.04516550898551941,-0.7205771207809448,0.5614582896232605,0.04238170385360718,0.028386712074279785,0.622966468334198,1.2585135698318481,0.029222190380096436,0.05261266231536865,-0.7042567133903503,1.1035919189453125,0.036409616470336914,0.02646803855895996,0.3394230902194977,-0.0252597164362669,-0.003359079360961914,0.004781391471624374,-0.33942291140556335,0.02525954693555832,0.003359079360961914,-0.004781560972332954,0.48608145117759705,0.5074858069419861,-0.0024314522743225098,0.017052382230758667,-0.5419827699661255,0.6408267021179199,0.06499505043029785,0.012671589851379395,0.5637999773025513,0.9621596932411194,-0.02290433645248413,0.02745717763900757,-0.47518840432167053,1.2128021717071533,0.10924658179283142,0.023017048835754395
484,-0.2031364142894745,-0.009373140521347523,0.04153898358345032,0.0008329609408974648,-0.05353064462542534,-0.18430952727794647,0.05985530838370323,0.004670187830924988,-0.4206809401512146,-0.16284111142158508,0.03305235505104065,-0.0031894296407699585,0.2734959125518799,-0.39673417806625366,0.03767897188663483,0.04307371377944946,-0.6240187883377075,-0.3004422187805176,-0.006721079349517822,0.020434200763702393,0.45465287566185,-0.3024987280368805,-0.021091043949127197,0.03484773635864258,-0.5422570109367371,-0.22394579648971558,-0.024753570556640625,-0.0026148706674575806,0.5383616089820862,0.5281270742416382,-0.004111289978027344,0.05921316146850586,-0.7926518321037292,0.5677323937416077,-0.07207471132278442,0.006274104118347168,0.6241880655288696,1.3730517625808716,0.0012215971946716309,0.11453819274902344,-0.7763736844062805,1.1930758953094482,-0.07211697101593018,0.08948397636413574,0.3357335329055786,-0.018182512372732162,-0.0036895573139190674,0.007077204063534737,-0.3357335329055786,0.018182512372732162,0.003689378499984741,-0.007077034562826157,0.43723684549331665,0.5584086179733276,-0.048844605684280396,0.05092281103134155,-0.5490593910217285,0.6563119888305664,-0.007076621055603027,0.015485286712646484,0.5196785926818848,1.0922943353652954,-0.044121384620666504,0.13013464212417603,-0.4835691750049591,1.2990761995315552,-0.008380770683288574,0.08627402782440186
485,-0.1400216519832611,0.1487008035182953,0.06311476230621338,0.15807394683361053,0.0021235679741948843,-0.017177855595946312,0.05565421283245087,0.1671316772699356,-0.3483082056045532,-0.008486826904118061,0.07237273454666138,0.1543542891740799,0.3400339186191559,-0.26987677812576294,0.066538006067276,0.12685739994049072,-0.5281522274017334,-0.19264696538448334,0.09586656093597412,0.10779525339603424,0.5297749042510986,-0.24582763016223907,0.07512202858924866,0.05667109787464142,-0.46643638610839844,-0.1588616669178009,0.07582062482833862,0.06508412957191467,0.6063342690467834,0.5754796266555786,0.06797266006469727,0.04735255241394043,-0.7219028472900391,0.6597903966903687,0.07074898481369019,0.09205800294876099,0.6820595264434814,1.4473047256469727,0.057871460914611816,0.07425296306610107,-0.708793580532074,1.2540810108184814,0.06758010387420654,0.0610051155090332,0.3333778381347656,-0.01852378621697426,-0.0023556947708129883,-0.00034127384424209595,-0.33337801694869995,0.01852378621697426,0.002355515956878662,0.00034127384424209595,0.45282265543937683,0.5376726984977722,0.01558580994606018,-0.02073591947555542,-0.4945162236690521,0.6444282531738281,0.05454316735267639,-0.011883735656738281,0.5162163376808167,1.0997525453567505,-0.0034622550010681152,0.007458209991455078,-0.41143807768821716,1.2895867824554443,0.07213109731674194,-0.00948941707611084
486,-0.03907128423452377,0.1457589566707611,0.10095036774873734,-0.0029418468475341797,0.09612628817558289,-0.015491388738155365,0.09400272369384766,0.001686466857790947,-0.24603012204170227,-0.006528990343213081,0.10227808356285095,0.0019578365609049797,0.37555646896362305,-0.24869923293590546,0.03552255034446716,0.021177545189857483,-0.47521501779556274,-0.176391139626503,0.052937209606170654,0.016255825757980347,0.5195125937461853,-0.2348201721906662,-0.01026231050491333,0.011007457971572876,-0.4771179258823395,-0.15279845893383026,-0.01068153977394104,0.006063207983970642,0.6250219345092773,0.5639601349830627,0.018687665462493896,-0.01151949167251587,-0.747674822807312,0.647091269493103,-0.02577197551727295,-0.012699127197265625,0.7008363604545593,1.5006847381591797,0.01877683401107788,0.05338001251220703,-0.7482320666313171,1.2888429164886475,-0.039438486099243164,0.034761905670166016,0.3327087163925171,-0.019146690145134926,-0.0006691217422485352,-0.0006229039281606674,-0.3327088952064514,0.019146690145134926,0.0006691217422485352,0.0006229039281606674,0.4315967559814453,0.5714938044548035,-0.02122589945793152,0.03382110595703125,-0.5206931829452515,0.6739099025726318,-0.02617695927619934,0.02948164939880371,0.49238526821136475,1.1766459941864014,-0.023831069469451904,0.07689344882965088,-0.4387778341770172,1.348638653755188,-0.02733975648880005,0.05905187129974365
487,-0.039026889950037,0.24613766372203827,4.439428448677063e-05,0.10037870705127716,0.07380589097738266,0.11195715516805649,-0.022320397198200226,0.12744854390621185,-0.21609842777252197,0.10174089670181274,0.029931694269180298,0.10826988518238068,0.33907100558280945,-0.1631908416748047,-0.0364854633808136,0.08550839126110077,-0.4277389943599701,-0.13322356343269348,0.04747602343559265,0.04316757619380951,0.5191747546195984,-0.25072577595710754,-0.00033783912658691406,-0.015905603766441345,-0.479938268661499,-0.2086171805858612,-0.002820342779159546,-0.055818721652030945,0.6138976812362671,0.5452554225921631,-0.011124253273010254,-0.018704712390899658,-0.7346208095550537,0.5840898156166077,0.0130540132522583,-0.06300145387649536,0.6582795977592468,1.4699269533157349,-0.0425567626953125,-0.030757784843444824,-0.7521564364433289,1.2672061920166016,-0.003924369812011719,-0.0216367244720459,0.3374294936656952,-0.008160234428942204,0.004720777273178101,0.010986455716192722,-0.3374294936656952,0.008160234428942204,-0.004720598459243774,-0.010986455716192722,0.3821777403354645,0.6721581816673279,-0.049419015645980835,0.10066437721252441,-0.5675991177558899,0.7359969615936279,-0.04690593481063843,0.062087059020996094,0.474547415971756,1.2039177417755127,-0.017837852239608765,0.027271747589111328,-0.4447755217552185,1.3129936456680298,-0.005997687578201294,-0.0356450080871582
488,-0.023627080023288727,0.4556671977043152,0.015399809926748276,0.20952953398227692,0.07908503711223602,0.33459627628326416,0.005279146134853363,0.22263911366462708,-0.18588833510875702,0.3146156966686249,0.030210092663764954,0.21287479996681213,0.3560236990451813,0.025673991069197655,0.016952693462371826,0.1888648271560669,-0.37060752511024475,0.039140067994594574,0.05713146924972534,0.17236363887786865,0.5650049448013306,-0.14303012192249298,0.04583019018173218,0.10769565403461456,-0.43464425206184387,-0.11654438823461533,0.04529401659965515,0.09207279235124588,0.6453593373298645,0.6090818047523499,0.03146165609359741,0.06382638216018677,-0.7083043456077576,0.6311319470405579,0.026316463947296143,0.047042131423950195,0.6631123423576355,1.5307368040084839,0.004832744598388672,0.06080985069274902,-0.7274088859558105,1.3215066194534302,0.02474755048751831,0.05430042743682861,0.339144229888916,-0.0033321117516607046,0.0017147362232208252,0.004828122444450855,-0.339144229888916,0.0033321117516607046,-0.0017147362232208252,-0.004828122444450855,0.40102240443229675,0.6781306862831116,0.018844664096832275,0.005972504615783691,-0.549307107925415,0.7306634187698364,0.018292009830474854,-0.005333542823791504,0.48603978753089905,1.227560043334961,0.011492371559143066,0.023642301559448242,-0.4362775385379791,1.3188116550445557,0.00849798321723938,0.005818009376525879
489,0.05200789123773575,0.3780966103076935,0.07563497126102448,-0.0775705873966217,0.17029863595962524,0.2460593283176422,0.09121359884738922,-0.08853694796562195,-0.1200944185256958,0.2257869392633438,0.06579391658306122,-0.08882875740528107,0.43000638484954834,-0.05755850672721863,0.07398268580436707,-0.08323249965906143,-0.3643607199192047,-0.06193406134843826,0.006246805191040039,-0.10107412934303284,0.5366209745407104,-0.1917637437582016,-0.028383970260620117,-0.04873362183570862,-0.46266019344329834,-0.22967247664928436,-0.028015941381454468,-0.11312808841466904,0.5807545781135559,0.5120663642883301,-0.0646047592163086,-0.09701544046401978,-0.7559664845466614,0.42548298835754395,-0.04766213893890381,-0.20564895868301392,0.5329594612121582,1.330942988395691,-0.1301528811454773,-0.19979381561279297,-0.7187637090682983,1.1387742757797241,0.008645176887512207,-0.18273234367370605,0.3451994061470032,-0.00011543054279172793,0.006055176258087158,0.0032166813034564257,-0.3451994061470032,0.00011543054279172793,-0.006055176258087158,-0.0032166813034564257,0.5525689125061035,0.6327569484710693,0.15154650807380676,-0.045373737812042236,-0.4472489356994629,0.6619409918785095,0.10205817222595215,-0.0687224268913269,0.6792951822280884,1.0428400039672852,0.19325539469718933,-0.18472003936767578,-0.3245546519756317,1.1303552389144897,0.11172288656234741,-0.18845641613006592
490,0.054968226701021194,0.422419011592865,0.002960335463285446,0.04432240128517151,0.16076652705669403,0.28272545337677,-0.009532108902931213,0.03666612505912781,-0.12525904178619385,0.2793579697608948,-0.005164623260498047,0.053571030497550964,0.4083503186702728,-0.036803387105464935,-0.021656066179275513,0.020755119621753693,-0.3779178857803345,-0.000336314900778234,-0.01355716586112976,0.06159774586558342,0.5213704705238342,-0.18138344585895538,-0.01525050401687622,0.010380297899246216,-0.4785517454147339,-0.16890911757946014,-0.015891551971435547,0.06076335906982422,0.5647555589675903,0.4813714921474457,-0.015999019145965576,-0.0306948721408844,-0.7662765979766846,0.46032822132110596,-0.010310113430023193,0.03484523296356201,0.5030754208564758,1.2976433038711548,-0.029884040355682373,-0.03329968452453613,-0.6970734000205994,1.1213505268096924,0.021690309047698975,-0.01742374897003174,0.34407031536102295,-0.01231392752379179,-0.0011290907859802246,-0.012198496609926224,-0.34407031536102295,0.01231392752379179,0.0011290907859802246,0.012198496609926224,0.5370306968688965,0.6584615707397461,-0.015538215637207031,0.025704622268676758,-0.4636460244655609,0.7304756045341492,-0.016397088766098022,0.06853461265563965,0.6646496057510376,1.0525052547454834,-0.014645576477050781,0.009665250778198242,-0.3259238302707672,1.1931275129318237,-0.001369178295135498,0.06277227401733398
491,-0.1624424308538437,0.5161802768707275,-0.21741065382957458,0.09376126527786255,-0.04239392653107643,0.4078269600868225,-0.20316044986248016,0.1251015067100525,-0.3122481405735016,0.34990155696868896,-0.18698909878730774,0.07054358720779419,0.26435112953186035,0.0667516440153122,-0.14399918913841248,0.10355503112077713,-0.48663485050201416,-0.004996919073164463,-0.10871696472167969,-0.004660604055970907,0.4632214605808258,-0.15471838414669037,-0.05814900994300842,0.026665061712265015,-0.5366302132606506,-0.17194142937660217,-0.05807846784591675,-0.003032311797142029,0.5243698954582214,0.5318320989608765,-0.040385663509368896,0.050460606813430786,-0.784803569316864,0.5352538228034973,-0.018526971340179443,0.07492560148239136,0.5148906111717224,1.4033030271530151,0.011815190315246582,0.10565972328186035,-0.847734272480011,1.207828402519226,-0.15066087245941162,0.08647787570953369,0.34556642174720764,0.004883368965238333,0.0014961063861846924,0.017197296023368835,-0.34556642174720764,-0.004883543122559786,-0.0014961063861846924,-0.017197471112012863,0.417803019285202,0.8154962658882141,-0.11922767758369446,0.15703469514846802,-0.5739438533782959,0.8201115131378174,-0.11029782891273499,0.08963590860366821,0.5763585567474365,1.200108289718628,-0.08829104900360107,0.14760303497314453,-0.38065630197525024,1.1720699071884155,-0.05473247170448303,-0.021057605743408203
492,-0.052648670971393585,0.5146651268005371,0.1097937598824501,-0.0015151500701904297,0.057164501398801804,0.4003441035747528,0.09955842792987823,-0.007482856512069702,-0.20921696722507477,0.3612110912799835,0.10303117334842682,0.011309534311294556,0.3295535445213318,0.06383798271417618,0.06520241498947144,-0.002913661301136017,-0.42724019289016724,0.02548457868397236,0.059394657611846924,0.030481498688459396,0.48668184876441956,-0.13966277241706848,0.02346038818359375,0.015055611729621887,-0.5130078196525574,-0.16457392275333405,0.02362239360809326,0.0073675066232681274,0.5236145853996277,0.5241466164588928,-0.00075531005859375,-0.007685482501983643,-0.7561779022216797,0.4770374596118927,0.028625667095184326,-0.058216363191604614,0.49504658579826355,1.3340152502059937,-0.019844025373458862,-0.06928777694702148,-0.7785024642944336,1.1191368103027344,0.06923180818557739,-0.0886915922164917,0.34393101930618286,0.004335018340498209,-0.0016354024410247803,-0.0005483506247401237,-0.34393101930618286,-0.004335018340498209,0.0016354024410247803,0.0005485247820615768,0.4021349847316742,0.7707930207252502,-0.015668034553527832,-0.04470324516296387,-0.5565494298934937,0.7832440137863159,0.017394423484802246,-0.036867499351501465,0.5332326292991638,1.0142630338668823,-0.043125927448272705,-0.1858452558517456,-0.3609565198421478,1.0383188724517822,0.019699782133102417,-0.1337510347366333
493,-0.008386804722249508,0.5099999308586121,0.0442618653178215,-0.004665195941925049,0.08338744193315506,0.40737587213516235,0.026222940534353256,0.007031768560409546,-0.14734607934951782,0.3823089003562927,0.061870887875556946,0.021097809076309204,0.318087100982666,0.09947285056114197,-0.011466443538665771,0.03563486784696579,-0.3591100573539734,0.08658245950937271,0.06813013553619385,0.0610978826880455,0.5095055103302002,-0.1060771644115448,0.02282366156578064,0.03358560800552368,-0.49042341113090515,-0.11800412088632584,0.02258440852165222,0.04656980186700821,0.5740649104118347,0.5109483003616333,0.05045032501220703,-0.013198316097259521,-0.7150502800941467,0.4579263925552368,0.04112762212753296,-0.019111067056655884,0.5436885356903076,1.2754374742507935,0.04864194989204407,-0.058577775955200195,-0.717553436756134,1.087528944015503,0.06094902753829956,-0.031607866287231445,0.3428831398487091,0.0038529664743691683,-0.0010478794574737549,-0.0004820518661290407,-0.3428831398487091,-0.003852807218208909,0.0010478794574737549,0.00048221112228929996,0.3518473207950592,0.7084819078445435,-0.05028766393661499,-0.06231111288070679,-0.5846256613731384,0.7239829301834106,-0.028076231479644775,-0.05926108360290527,0.44047749042510986,0.9736655950546265,-0.09275513887405396,-0.04059743881225586,-0.38751786947250366,1.019701600074768,-0.026561349630355835,-0.01861727237701416
494,-0.09700695425271988,0.5423323512077332,-0.0886201485991478,0.032332420349121094,0.001249232911504805,0.4541219472885132,-0.08213821053504944,0.04674607515335083,-0.21973246335983276,0.4074082374572754,-0.07238638401031494,0.025099337100982666,0.26196661591529846,0.14931879937648773,-0.056120485067367554,0.049845948815345764,-0.39437225461006165,0.089532770216465,-0.03526219725608826,0.002950310707092285,0.4865831732749939,-0.07680711895227432,-0.0229223370552063,0.029270045459270477,-0.5123056173324585,-0.12393622100353241,-0.021882206201553345,-0.0059321001172065735,0.5853265523910522,0.5390310883522034,0.01126164197921753,0.02808278799057007,-0.744870662689209,0.45920389890670776,-0.029820382595062256,0.0012775063514709473,0.5848120450973511,1.3266202211380005,0.04112350940704346,0.05118274688720703,-0.7478798627853394,1.1074960231781006,-0.030326426029205322,0.019967079162597656,0.345533549785614,0.014152373187243938,0.0026504099369049072,0.010299406945705414,-0.3455333709716797,-0.014152373187243938,-0.002650231122970581,-0.010299566201865673,0.348143994808197,0.7630464434623718,-0.0037033259868621826,0.05456453561782837,-0.6367167830467224,0.7398947477340698,-0.052091121673583984,0.01591181755065918,0.48260775208473206,1.0680500268936157,0.04213026165962219,0.09438443183898926,-0.4464210569858551,1.0390115976333618,-0.05890318751335144,0.01930999755859375
495,-0.17336229979991913,0.5455480217933655,-0.07635534554719925,0.0032156705856323242,-0.0707004964351654,0.4658914804458618,-0.07194972783327103,0.011769533157348633,-0.2847621738910675,0.4078701436519623,-0.06502971053123474,0.00046190619468688965,0.21554730832576752,0.16769658029079437,-0.046419307589530945,0.01837778091430664,-0.4317563474178314,0.08324568718671799,-0.037384092807769775,-0.006287083029747009,0.46652695536613464,-0.0534757561981678,-0.020056217908859253,0.02333136275410652,-0.5302398204803467,-0.1338246464729309,-0.017934203147888184,-0.009888425469398499,0.569936990737915,0.5582172274589539,-0.015389561653137207,0.01918613910675049,-0.7778616547584534,0.4241410493850708,-0.032990992069244385,-0.03506284952163696,0.5706220269203186,1.3457344770431519,-0.01419001817703247,0.019114255905151367,-0.7880175113677979,1.082196831703186,-0.040137648582458496,-0.02529919147491455,0.348574161529541,0.023704608902335167,0.003040611743927002,0.009552235715091228,-0.3485739827156067,-0.02370443567633629,-0.003040611743927002,-0.00955206248909235,0.3406509459018707,0.8414756655693054,-0.007493048906326294,0.0784292221069336,-0.6776090264320374,0.7847728133201599,-0.04089224338531494,0.04487806558609009,0.5210685729980469,1.1320127248764038,0.03846082091331482,0.06396269798278809,-0.49266737699508667,1.0587108135223389,-0.04624632000923157,0.01969921588897705
496,-0.11825700104236603,0.534229576587677,0.0551052987575531,-0.011318445205688477,-0.0312638059258461,0.4476218521595001,0.039436690509319305,-0.018269628286361694,-0.23968406021595,0.40705522894859314,0.04507811367511749,-0.0008149147033691406,0.2290712296962738,0.13164477050304413,0.013523921370506287,-0.036051809787750244,-0.408189594745636,0.08572552353143692,0.023566752672195435,0.002479836344718933,0.47625285387039185,-0.1035466119647026,0.009725898504257202,-0.050070855766534805,-0.5224025249481201,-0.1553868055343628,0.007837295532226562,-0.021562159061431885,0.5619056224822998,0.5209891200065613,-0.008031368255615234,-0.03722810745239258,-0.7420175075531006,0.41519391536712646,0.03584414720535278,-0.008947134017944336,0.5630399584770203,1.2679139375686646,-0.00758206844329834,-0.0778205394744873,-0.715939998626709,1.0281848907470703,0.07207751274108887,-0.05401194095611572,0.34806501865386963,0.01520790345966816,-0.0005091428756713867,-0.008496705442667007,-0.3480648398399353,-0.015207739546895027,0.0005091428756713867,0.008496696129441261,0.3528982102870941,0.7862617373466492,0.012247264385223389,-0.05521392822265625,-0.6546900272369385,0.7638248205184937,0.022918999195098877,-0.02094799280166626,0.48185408115386963,1.008341908454895,-0.039214491844177246,-0.12367081642150879,-0.48876237869262695,1.000441551208496,0.003904998302459717,-0.05826926231384277
497,-0.1525009125471115,0.5552900433540344,-0.03424391150474548,0.021060466766357422,-0.060401737689971924,0.45229655504226685,-0.029137931764125824,0.004674702882766724,-0.29376834630966187,0.42637041211128235,-0.05408428609371185,0.01931518316268921,0.20326118171215057,0.12802603840827942,-0.02581004798412323,-0.0036187320947647095,-0.48774945735931396,0.11421889066696167,-0.07955986261367798,0.02849336713552475,0.44006118178367615,-0.10454604029655457,-0.0361916720867157,-0.0009994283318519592,-0.5597538948059082,-0.12377487123012543,-0.037351369857788086,0.031611934304237366,0.5440871119499207,0.4821791648864746,-0.01781851053237915,-0.03880995512008667,-0.7609741687774658,0.4135774075984955,-0.018956661224365234,-0.0016165077686309814,0.5459527373313904,1.246700644493103,-0.017087221145629883,-0.021213293075561523,-0.7319477796554565,1.0267329216003418,-0.01600778102874756,-0.0014519691467285156,0.3442994952201843,0.006972215138375759,-0.0037655234336853027,-0.0082356883212924,-0.3442993462085724,-0.006972215138375759,0.003765493631362915,0.008235524408519268,0.3208434283733368,0.7344058752059937,-0.032054781913757324,-0.05185586214065552,-0.6398161053657532,0.7378599047660828,0.014873921871185303,-0.02596491575241089,0.4187310039997101,0.9410377144813538,-0.06312307715415955,-0.06730419397354126,-0.4733127951622009,0.9750158190727234,0.015449583530426025,-0.025425732135772705
498,-0.08538851141929626,0.5784288644790649,0.06711240112781525,0.023138821125030518,-0.008381674066185951,0.4832010567188263,0.05202006548643112,0.030904501676559448,-0.21668139100074768,0.4577621519565582,0.07708695530891418,0.03139173984527588,0.22714439034461975,0.15016229450702667,0.023883208632469177,0.022136256098747253,-0.41953927278518677,0.13662934303283691,0.0682101845741272,0.022410452365875244,0.4562280476093292,-0.11629893630743027,0.016166865825653076,-0.011752896010875702,-0.5436921119689941,-0.12893426418304443,0.016061782836914062,-0.005159392952919006,0.5238602757453918,0.4941442310810089,-0.02022683620452881,0.011965066194534302,-0.7259581685066223,0.4427439272403717,0.035016000270843506,0.02916651964187622,0.5095447897911072,1.2663373947143555,-0.0364079475402832,0.01963675022125244,-0.7130225300788879,1.0786076784133911,0.018925249576568604,0.051874756813049316,0.34672337770462036,0.0042000156827270985,0.002423882484436035,-0.0027721994556486607,-0.34672337770462036,-0.0042000156827270985,-0.0024240314960479736,0.0027721994556486607,0.3342733681201935,0.7472450733184814,0.01342993974685669,0.012839198112487793,-0.6433295607566833,0.7626314163208008,-0.0035134553909301758,0.024771511554718018,0.4393226206302643,0.9803885817527771,0.0205916166305542,0.03935086727142334,-0.4515194296836853,1.024425983428955,0.021793365478515625,0.04941016435623169
499,-0.11961816251277924,0.6947245001792908,-0.03422965109348297,0.11629563570022583,-0.04233156517148018,0.6136017441749573,-0.03394988924264908,0.13040068745613098,-0.2290135771036148,0.5609773993492126,-0.012332186102867126,0.10321524739265442,0.20186229050159454,0.2715451717376709,-0.025282099843025208,0.12138287723064423,-0.405072957277298,0.19659538567066193,0.014466315507888794,0.05996604263782501,0.43998974561691284,-0.03056689351797104,-0.016238301992416382,0.08573204278945923,-0.5596910119056702,-0.05583249032497406,-0.015998899936676025,0.07310177385807037,0.5116114020347595,0.5677023530006409,-0.012248873710632324,0.07355812191963196,-0.7125750184059143,0.5781357288360596,0.013383150100708008,0.13539180159568787,0.4551265239715576,1.3489046096801758,-0.05441826581954956,0.08256721496582031,-0.6540594696998596,1.140119194984436,0.05896306037902832,0.06151151657104492,0.35109809041023254,0.004575364291667938,0.004374712705612183,0.00037534860894083977,-0.35109809041023254,-0.004575364291667938,-0.004374712705612183,-0.00037534860894083977,0.3935522735118866,0.7811204791069031,0.059278905391693115,0.03387540578842163,-0.6265230774879456,0.7951706051826477,0.016806483268737793,0.032539188861846924,0.5346385836601257,1.0823819637298584,0.09531596302986145,0.1019933819770813,-0.40486088395118713,1.0533913373947144,0.04665854573249817,0.028965353965759277
500,-0.08480873703956604,0.6320160031318665,0.034809425473213196,-0.06270849704742432,-0.00836111605167389,0.5490758419036865,0.03397044911980629,-0.06452590227127075,-0.19636383652687073,0.5018040537834167,0.03264974057674408,-0.0591733455657959,0.22765927016735077,0.21520841121673584,0.025796979665756226,-0.05633676052093506,-0.38068079948425293,0.14983533322811127,0.024392157793045044,-0.04676005244255066,0.4492240250110626,-0.07023919373750687,0.00923427939414978,-0.03967230021953583,-0.5505268573760986,-0.09255833178758621,0.009164154529571533,-0.03672584146261215,0.517953634262085,0.5359035134315491,0.0063422322273254395,-0.0317988395690918,-0.7262606620788574,0.5496993660926819,-0.013685643672943115,-0.028436362743377686,0.45302891731262207,1.2860956192016602,-0.002097606658935547,-0.06280899047851562,-0.6501602530479431,1.1064400672912598,0.003899216651916504,-0.03367912769317627,0.35026130080223083,0.002221466973423958,-0.000836789608001709,-0.0023538973182439804,-0.3502611517906189,-0.002221619477495551,0.0008369386196136475,0.002353744814172387,0.4071563184261322,0.7616943120956421,0.013604044914245605,-0.019426167011260986,-0.6004728674888611,0.7807168960571289,0.026050209999084473,-0.014453709125518799,0.5553148984909058,1.0272302627563477,0.02067631483078003,-0.05515170097351074,-0.3783714771270752,1.013056993484497,0.02648940682411194,-0.040334343910217285
501,-0.10097421705722809,0.6222702264785767,-0.01616548001766205,-0.009745776653289795,-0.016434159129858017,0.5427790284156799,-0.008073043078184128,-0.006296813488006592,-0.20732811093330383,0.49308669567108154,-0.010964274406433105,-0.008717358112335205,0.2163688987493515,0.23512233793735504,-0.011290371417999268,0.0199139267206192,-0.3910824954509735,0.16079820692539215,-0.010401695966720581,0.010962873697280884,0.4298958480358124,-0.05608753859996796,-0.019328176975250244,0.01415165513753891,-0.5700944662094116,-0.051677264273166656,-0.01956760883331299,0.040881067514419556,0.5377084016799927,0.4716573655605316,0.019754767417907715,-0.06424614787101746,-0.7093353271484375,0.5630617141723633,0.016925334930419922,0.013362348079681396,0.47638291120529175,1.2599570751190186,0.023353993892669678,-0.0261385440826416,-0.5998095870018005,1.130252480506897,0.05035066604614258,0.023812413215637207,0.3501375913619995,-0.0042643495835363865,-0.00012370944023132324,-0.006485816556960344,-0.3501375913619995,0.0042643495835363865,0.00012356042861938477,0.006485968828201294,0.41726839542388916,0.7189017534255981,0.010112076997756958,-0.042792558670043945,-0.5753932595252991,0.7499837875366211,0.02507960796356201,-0.030733108520507812,0.5346794724464417,1.019118309020996,-0.02063542604446411,-0.008111953735351562,-0.35529419779777527,0.982903778553009,0.023077279329299927,-0.030153214931488037
502,-0.10461388528347015,0.7148680090904236,-0.0036396682262420654,0.09259778261184692,-0.02751019410789013,0.6446129679679871,-0.011076034978032112,0.10183393955230713,-0.1974160522222519,0.587729275226593,0.009912058711051941,0.09464257955551147,0.1956486850976944,0.3337138593196869,-0.020720213651657104,0.09859152138233185,-0.3653070032596588,0.243608295917511,0.025775492191314697,0.08281008899211884,0.42132651805877686,0.01294992957264185,-0.008569329977035522,0.06903746724128723,-0.5785965323448181,0.025357097387313843,-0.008502066135406494,0.0770343616604805,0.5432109236717224,0.5076839923858643,0.005502521991729736,0.03602662682533264,-0.7198976874351501,0.6446199417114258,-0.010562360286712646,0.0815582275390625,0.5098996162414551,1.3099219799041748,0.03351670503616333,0.04996490478515625,-0.5782688856124878,1.179998755455017,0.021540701389312744,0.04974627494812012,0.34884560108184814,-0.00782046653330326,-0.0012919902801513672,-0.0035561169497668743,-0.34884560108184814,0.00782046653330326,0.0012919902801513672,0.0035561169497668743,0.41479483246803284,0.7118657231330872,-0.0024735629558563232,-0.007036030292510986,-0.572619616985321,0.7567237019538879,0.0027736425399780273,0.006739914417266846,0.5457534790039062,1.0892173051834106,0.0110740065574646,0.07009899616241455,-0.31305164098739624,1.040398359298706,0.04224255681037903,0.05749458074569702
503,-0.10890636593103409,0.700007438659668,-0.004292480647563934,-0.014860570430755615,-0.02510715089738369,0.6271036863327026,0.002403043210506439,-0.017509281635284424,-0.20682141184806824,0.5688490271568298,-0.009405359625816345,-0.018880248069763184,0.20973330736160278,0.31425657868385315,0.014084622263908386,-0.01945728063583374,-0.3742724061012268,0.2210848331451416,-0.008965402841567993,-0.022523462772369385,0.43222084641456604,0.006151408888399601,0.010894328355789185,-0.0067985206842422485,-0.567598819732666,-0.012840967625379562,0.0109977126121521,-0.038198065012693405,0.5617462992668152,0.5321466326713562,0.018535375595092773,0.024462640285491943,-0.7198869585990906,0.6019642353057861,1.0728836059570312e-05,-0.04265570640563965,0.531639575958252,1.3165600299835205,0.021739959716796875,0.006638050079345703,-0.6029560565948486,1.1757773160934448,-0.02468717098236084,-0.004221439361572266,0.3476050794124603,-0.0005619240691885352,-0.0012405216693878174,0.007258542347699404,-0.3476050794124603,0.0005617745919153094,0.0012405216693878174,-0.0072586918249726295,0.4203585386276245,0.7182897329330444,0.005563706159591675,0.006424009799957275,-0.5499729514122009,0.7386317253112793,0.022646665573120117,-0.018091976642608643,0.5667925477027893,1.0768507719039917,0.021039068698883057,-0.012366533279418945,-0.282983660697937,1.0225902795791626,0.03006798028945923,-0.017808079719543457
